# File generated by ImageToStl.com - Free Image and 3D model conversion tools

o obj1
v -0.031014 0.01425 0.00626099
v -0.0322314 0.0138545 0.007
v -0.0320495 0.0134976 0.007
v -0.032294 0.01425 0.007
v -0.0314095 0.0130326 0.007
v -0.031014 0.01297 0.007
v -0.0317664 0.0132145 0.007
v -0.03188 0.0133075 0.007
v -0.0306307 0.0130287 0.007
v -0.0306185 0.0130326 0.007
v -0.0299785 0.0134976 0.007
v -0.0297966 0.0138545 0.007
v -0.0302616 0.0132145 0.007
v -0.0297966 0.0146455 0.007
v -0.0299785 0.0150024 0.007
v -0.029734 0.01425 0.007
v -0.0297647 0.0139713 0.007
v -0.0306185 0.0154674 0.007
v -0.031014 0.01553 0.007
v -0.0302616 0.0152855 0.007
v -0.030148 0.0151925 0.007
v -0.0313972 0.0154713 0.007
v -0.0314095 0.0154674 0.007
v -0.0320495 0.0150024 0.007
v -0.0322314 0.0146455 0.007
v -0.0317664 0.0152855 0.007
v -0.0322633 0.0145287 0.007
v -0.0313359 0.0128075 0.007
v -0.0324242 0.0138075 0.007
v -0.0321024 0.01525 0.007
v -0.0306921 0.0156925 0.007
v -0.0299256 0.01325 0.007
v -0.0296038 0.0146925 0.007
v -0.0299256 0.01325 0.0083
v -0.0313359 0.0128075 0.0083
v -0.0324242 0.0138075 0.0083
v -0.0321024 0.01525 0.0083
v -0.0306921 0.0156925 0.0083
v -0.0296038 0.0146925 0.0083
v -0.0324891 0.016391 0.0083
v -0.0327917 0.0161473 0.0083
v -0.0330546 0.0158611 0.0083
v -0.033272 0.015539 0.0083
v -0.0336058 0.0140431 0.0083
v -0.033546 0.0136591 0.0083
v -0.0334296 0.0132883 0.0083
v -0.0332593 0.012939 0.0083
v -0.0334389 0.0151881 0.0083
v -0.0335516 0.0148162 0.0083
v -0.0336076 0.0144316 0.0083
v -0.0298973 0.016598 0.0083
v -0.0302598 0.0167382 0.0083
v -0.030639 0.0168228 0.0083
v -0.0310267 0.01685 0.0083
v -0.0314141 0.016819 0.0083
v -0.0317925 0.0167307 0.0083
v -0.0321535 0.016587 0.0083
v -0.028482 0.0148409 0.0083
v -0.0285984 0.0152117 0.0083
v -0.0287687 0.015561 0.0083
v -0.0310013 0.01165 0.0083
v -0.0306139 0.011681 0.0083
v -0.0289892 0.015881 0.0083
v -0.0292549 0.0161645 0.0083
v -0.0295599 0.0164053 0.0083
v -0.0292363 0.0123527 0.0083
v -0.0289734 0.0126389 0.0083
v -0.028756 0.012961 0.0083
v -0.0285891 0.0133119 0.0083
v -0.0284764 0.0136838 0.0083
v -0.0284204 0.0140684 0.0083
v -0.0284222 0.0144569 0.0083
v -0.0330388 0.012619 0.0083
v -0.0327731 0.0123355 0.0083
v -0.0324681 0.0120947 0.0083
v -0.0321307 0.011902 0.0083
v -0.0317682 0.0117618 0.0083
v -0.031389 0.0116772 0.0083
v -0.0302355 0.0117693 0.0083
v -0.0298745 0.011913 0.0083
v -0.0295389 0.012109 0.0083
v -0.0328083 0.0122972 0.00829073
v -0.0330793 0.0125865 0.00829073
v -0.0333041 0.0129128 0.00829073
v -0.0334778 0.0132691 0.00829073
v -0.0335965 0.0136473 0.00829073
v -0.0336575 0.0140389 0.00829073
v -0.0336594 0.0144353 0.00829073
v -0.0336023 0.0148275 0.00829073
v -0.0334873 0.0152068 0.00829073
v -0.0333171 0.0155647 0.00829073
v -0.0330954 0.0158933 0.00829073
v -0.0328272 0.0161852 0.00829073
v -0.0325186 0.0164338 0.00829073
v -0.0321763 0.0166337 0.00829073
v -0.031808 0.0167803 0.00829073
v -0.031422 0.0168703 0.00829073
v -0.0310269 0.0169019 0.00829073
v -0.0306316 0.0168742 0.00829073
v -0.0302447 0.0167879 0.00829073
v -0.029875 0.0166449 0.00829073
v -0.0295308 0.0164484 0.00829073
v -0.0292197 0.0162028 0.00829073
v -0.0289487 0.0159135 0.00829073
v -0.0287239 0.0155872 0.00829073
v -0.0285502 0.0152309 0.00829073
v -0.0284315 0.0148527 0.00829073
v -0.0283705 0.0144611 0.00829073
v -0.0283686 0.0140647 0.00829073
v -0.0284257 0.0136725 0.00829073
v -0.0285407 0.0132932 0.00829073
v -0.0287109 0.0129353 0.00829073
v -0.0289326 0.0126067 0.00829073
v -0.0292008 0.0123148 0.00829073
v -0.0295094 0.0120662 0.00829073
v -0.0298517 0.0118663 0.00829073
v -0.03022 0.0117197 0.00829073
v -0.030606 0.0116297 0.00829073
v -0.0310011 0.0115981 0.00829073
v -0.0313964 0.0116258 0.00829073
v -0.0317833 0.0117121 0.00829073
v -0.032153 0.0118551 0.00829073
v -0.0324972 0.0120516 0.00829073
v -0.0335201 0.0153656 0.00815
v -0.0335788 0.0152422 0.00815
v -0.0335701 0.0152388 0.00820192
v -0.033698 0.0148488 0.00815
v -0.033689 0.0148468 0.00820192
v -0.033702 0.0148215 0.00815
v -0.033748 0.0144415 0.00820192
v -0.0334022 0.0156134 0.00815
v -0.0333942 0.0156088 0.00820192
v -0.0332338 0.015863 0.00815
v -0.0331651 0.0159483 0.00820192
v -0.0331724 0.0159541 0.00815
v -0.032888 0.01625 0.00820192
v -0.0328943 0.0162567 0.00815
v -0.0322152 0.0167135 0.00820192
v -0.0323851 0.016625 0.00815
v -0.0325689 0.0165069 0.00820192
v -0.0325742 0.0165146 0.00815
v -0.0328519 0.0162909 0.00815
v -0.0313009 0.0169781 0.00815
v -0.0314371 0.0169673 0.00815
v -0.0314357 0.0169581 0.00820192
v -0.0318374 0.0168738 0.00815
v -0.0318346 0.016865 0.00820192
v -0.0318631 0.0168636 0.00815
v -0.0322193 0.0167218 0.00815
v -0.0310274 0.017 0.00815
v -0.0310274 0.0169907 0.00820192
v -0.030727 0.0169789 0.00815
v -0.0306187 0.0169621 0.00820192
v -0.0306174 0.0169713 0.00815
v -0.0302189 0.0168729 0.00820192
v -0.0302163 0.0168817 0.00815
v -0.0294812 0.016522 0.00820192
v -0.0296428 0.0166249 0.00815
v -0.0298369 0.0167251 0.00820192
v -0.0298329 0.0167335 0.00815
v -0.0301655 0.0168621 0.00815
v -0.0287948 0.0158625 0.00815
v -0.0288724 0.0159751 0.00815
v -0.0288796 0.0159693 0.00820192
v -0.0291534 0.016275 0.00815
v -0.0291597 0.0162682 0.00820192
v -0.0291751 0.0162921 0.00815
v -0.029476 0.0165297 0.00815
v -0.0286392 0.0156366 0.00815
v -0.0286472 0.0156319 0.00820192
v -0.0285072 0.0153659 0.00815
v -0.0284676 0.0152637 0.00820192
v -0.028459 0.0152672 0.00815
v -0.028345 0.0148729 0.00820192
v -0.028336 0.014875 0.00815
v -0.02828 0.0140585 0.00820192
v -0.0282717 0.01425 0.00815
v -0.028282 0.0144681 0.00820192
v -0.0282727 0.0144689 0.00815
v -0.0283276 0.0148212 0.00815
v -0.0285079 0.0131344 0.00815
v -0.0284492 0.0132578 0.00815
v -0.0284579 0.0132612 0.00820192
v -0.02833 0.0136512 0.00815
v -0.028339 0.0136532 0.00820192
v -0.028326 0.0136785 0.00815
v -0.0282707 0.0140579 0.00815
v -0.0286257 0.0128866 0.00815
v -0.0286338 0.0128912 0.00820192
v -0.0287942 0.012637 0.00815
v -0.0288629 0.0125517 0.00820192
v -0.0288556 0.0125459 0.00815
v -0.02914 0.01225 0.00820192
v -0.0291337 0.0122433 0.00815
v -0.0298128 0.0117865 0.00820192
v -0.0296429 0.011875 0.00815
v -0.0294591 0.0119931 0.00820192
v -0.0294538 0.0119854 0.00815
v -0.0291761 0.0122091 0.00815
v -0.0307271 0.0115219 0.00815
v -0.0305909 0.0115327 0.00815
v -0.0305923 0.0115419 0.00820192
v -0.0301906 0.0116262 0.00815
v -0.0301934 0.011635 0.00820192
v -0.0301649 0.0116364 0.00815
v -0.0298087 0.0117782 0.00815
v -0.0310006 0.0115 0.00815
v -0.0310006 0.0115093 0.00820192
v -0.031301 0.0115211 0.00815
v -0.0314093 0.0115379 0.00820192
v -0.0314106 0.0115287 0.00815
v -0.0318091 0.0116271 0.00820192
v -0.0318117 0.0116183 0.00815
v -0.0325468 0.011978 0.00820192
v -0.0323852 0.0118751 0.00815
v -0.0321911 0.0117749 0.00820192
v -0.0321951 0.0117665 0.00815
v -0.0318625 0.0116379 0.00815
v -0.0332332 0.0126375 0.00815
v -0.0331556 0.0125249 0.00815
v -0.0331484 0.0125307 0.00820192
v -0.0328746 0.012225 0.00815
v -0.0328683 0.0122318 0.00820192
v -0.0328529 0.0122079 0.00815
v -0.032552 0.0119703 0.00815
v -0.0333888 0.0128634 0.00815
v -0.0333808 0.0128681 0.00820192
v -0.0335208 0.0131341 0.00815
v -0.0335604 0.0132363 0.00820192
v -0.033569 0.0132328 0.00815
v -0.033683 0.0136271 0.00820192
v -0.033692 0.013625 0.00815
v -0.0337573 0.0144421 0.00815
v -0.033764 0.01425 0.00815
v -0.033746 0.0140319 0.00820192
v -0.0337553 0.0140311 0.00815
v -0.0337004 0.0136788 0.00815
v -0.0328449 0.0122574 0.00825607
v -0.0331214 0.0125525 0.00825607
v -0.0333509 0.0128855 0.00825607
v -0.0335282 0.0132491 0.00825607
v -0.0336493 0.013635 0.00825607
v -0.0337115 0.0140346 0.00825607
v -0.0337135 0.0144391 0.00825607
v -0.0336551 0.0148393 0.00825607
v -0.0335378 0.0152263 0.00825607
v -0.0333641 0.0155916 0.00825607
v -0.0331379 0.0159269 0.00825607
v -0.0328643 0.0162247 0.00825607
v -0.0325493 0.0164784 0.00825607
v -0.0322 0.0166823 0.00825607
v -0.0318242 0.0168319 0.00825607
v -0.0314304 0.0169238 0.00825607
v -0.0310272 0.016956 0.00825607
v -0.0306237 0.0169278 0.00825607
v -0.030229 0.0168397 0.00825607
v -0.0298518 0.0166938 0.00825607
v -0.0295005 0.0164933 0.00825607
v -0.0291831 0.0162426 0.00825607
v -0.0289066 0.0159475 0.00825607
v -0.0286771 0.0156145 0.00825607
v -0.0284998 0.0152509 0.00825607
v -0.0283788 0.014865 0.00825607
v -0.0283165 0.0144654 0.00825607
v -0.0283145 0.0140609 0.00825607
v -0.0283729 0.0136607 0.00825607
v -0.0284902 0.0132737 0.00825607
v -0.0286639 0.0129084 0.00825607
v -0.0288901 0.0125731 0.00825607
v -0.0291637 0.0122753 0.00825607
v -0.0294787 0.0120216 0.00825607
v -0.029828 0.0118177 0.00825607
v -0.0302038 0.0116681 0.00825607
v -0.0305976 0.0115762 0.00825607
v -0.0310008 0.011544 0.00825607
v -0.0314043 0.0115722 0.00825607
v -0.031799 0.0116603 0.00825607
v -0.0321762 0.0118062 0.00825607
v -0.0325275 0.0120067 0.00825607
v -0.0337039 0.0148218 0.0053
v -0.033764 0.01425 0.0053
v -0.0335262 0.0153685 0.0053
v -0.0332388 0.0158664 0.0053
v -0.0328541 0.0162936 0.0053
v -0.032389 0.0166316 0.0053
v -0.0318638 0.0168654 0.0053
v -0.0313015 0.0169849 0.0053
v -0.0307265 0.0169849 0.0053
v -0.0301642 0.0168654 0.0053
v -0.029639 0.0166316 0.0053
v -0.0291739 0.0162936 0.0053
v -0.0287892 0.0158664 0.0053
v -0.0285018 0.0153685 0.0053
v -0.0283241 0.0148218 0.0053
v -0.028264 0.01425 0.0053
v -0.0283241 0.0136782 0.0053
v -0.0285018 0.0131315 0.0053
v -0.0287892 0.0126336 0.0053
v -0.0291739 0.0122064 0.0053
v -0.029639 0.0118684 0.0053
v -0.0301642 0.0116346 0.0053
v -0.0307265 0.0115151 0.0053
v -0.0313015 0.0115151 0.0053
v -0.0318638 0.0116346 0.0053
v -0.032389 0.0118684 0.0053
v -0.0328541 0.0122064 0.0053
v -0.0332388 0.0126336 0.0053
v -0.0335262 0.0131315 0.0053
v -0.0337039 0.0136782 0.0053
v -0.0322335 0.01425 -0.0027
v -0.0321841 0.0145936 -0.0027
v -0.031014 0.01425 -0.0027
v -0.0318126 0.0133284 -0.0027
v -0.0320399 0.0135907 -0.0027
v -0.0321841 0.0139064 -0.0027
v -0.0308404 0.0130429 -0.0027
v -0.0311876 0.0130429 -0.0027
v -0.0315206 0.0131407 -0.0027
v -0.0299881 0.0135907 -0.0027
v -0.0302154 0.0133284 -0.0027
v -0.0305074 0.0131407 -0.0027
v -0.0298439 0.0145936 -0.0027
v -0.0297945 0.01425 -0.0027
v -0.0298439 0.0139064 -0.0027
v -0.0305074 0.0153593 -0.0027
v -0.0302154 0.0151716 -0.0027
v -0.0299881 0.0149093 -0.0027
v -0.0315206 0.0153593 -0.0027
v -0.0311876 0.0154571 -0.0027
v -0.0308404 0.0154571 -0.0027
v -0.0320399 0.0149093 -0.0027
v -0.0318126 0.0151716 -0.0027
v -0.029418 0.0143176 0.0053
v -0.0294182 0.014367 0.0053
v -0.0307314 0.0126749 0.0053
v -0.0306366 0.0126985 0.0053
v -0.0312966 0.0158251 0.0053
v -0.0313914 0.0158015 0.0053
v -0.0313462 0.0126845 0.0053
v -0.0315422 0.0127397 0.0053
v -0.0315627 0.0127485 0.0053
v -0.0317441 0.0128261 0.0053
v -0.0318441 0.0128862 0.0053
v -0.0295817 0.0135366 0.0053
v -0.02965 0.0134197 0.0053
v -0.0296897 0.0133516 0.0053
v -0.0306818 0.0158155 0.0053
v -0.0304858 0.0157603 0.0053
v -0.0304653 0.0157515 0.0053
v -0.0302839 0.0156739 0.0053
v -0.0301839 0.0156138 0.0053
v -0.0324463 0.0149634 0.0053
v -0.032378 0.0150803 0.0053
v -0.0323383 0.0151484 0.0053
v -0.0325216 0.0137136 0.0053
v -0.0325665 0.0138724 0.0053
v -0.0325798 0.0139194 0.0053
v -0.0312591 0.0126721 0.0053
v -0.0311345 0.0126543 0.0053
v -0.0309464 0.0126514 0.0053
v -0.0301488 0.0129039 0.0053
v -0.0300716 0.0129611 0.0053
v -0.0295134 0.0137016 0.0053
v -0.029497 0.0137412 0.0053
v -0.0294445 0.0139375 0.0053
v -0.0294357 0.0140048 0.0053
v -0.029417 0.0141496 0.0053
v -0.0295064 0.0147864 0.0053
v -0.0294615 0.0146276 0.0053
v -0.0294482 0.0145806 0.0053
v -0.0307689 0.0158279 0.0053
v -0.0308935 0.0158457 0.0053
v -0.0310816 0.0158486 0.0053
v -0.0318792 0.0155961 0.0053
v -0.0319564 0.0155389 0.0053
v -0.0326098 0.014133 0.0053
v -0.03261 0.0141824 0.0053
v -0.0323328 0.0133436 0.0053
v -0.0324364 0.0135173 0.0053
v -0.0324623 0.013577 0.0053
v -0.0299771 0.0130312 0.0053
v -0.0298366 0.0131683 0.0053
v -0.0298228 0.0131818 0.0053
v -0.0296952 0.0151564 0.0053
v -0.0295916 0.0149827 0.0053
v -0.0295657 0.014923 0.0053
v -0.0320509 0.0154688 0.0053
v -0.0321914 0.0153317 0.0053
v -0.0322052 0.0153182 0.0053
v -0.0325146 0.0147984 0.0053
v -0.032531 0.0147588 0.0053
v -0.0325835 0.0145625 0.0053
v -0.0325923 0.0144952 0.0053
v -0.032611 0.0143504 0.0053
v -0.0323039 0.013307 0.0053
v -0.0321999 0.0131758 0.0053
v -0.0320965 0.0130718 0.0053
v -0.031928 0.0129365 0.0053
v -0.0305236 0.0127267 0.0053
v -0.0303402 0.0128 0.0053
v -0.0303236 0.0128066 0.0053
v -0.0297241 0.015193 0.0053
v -0.0298281 0.0153242 0.0053
v -0.0299315 0.0154282 0.0053
v -0.0301 0.0155635 0.0053
v -0.0315044 0.0157733 0.0053
v -0.0316878 0.0157 0.0053
v -0.0317044 0.0156934 0.0053
v -0.032514 0.01425 -0.0024195
v -0.0324532 0.0138274 -0.0024195
v -0.0322759 0.013439 -0.0024195
v -0.0319963 0.0131164 -0.0024195
v -0.0316371 0.0128856 -0.0024195
v -0.0312275 0.0127653 -0.0024195
v -0.0308005 0.0127653 -0.0024195
v -0.0303909 0.0128856 -0.0024195
v -0.0300317 0.0131164 -0.0024195
v -0.0297521 0.013439 -0.0024195
v -0.0295748 0.0138274 -0.0024195
v -0.029514 0.01425 -0.0024195
v -0.0295748 0.0146726 -0.0024195
v -0.0297521 0.015061 -0.0024195
v -0.0300317 0.0153836 -0.0024195
v -0.0303909 0.0156144 -0.0024195
v -0.0308005 0.0157347 -0.0024195
v -0.0312275 0.0157347 -0.0024195
v -0.0316371 0.0156144 -0.0024195
v -0.0319963 0.0153836 -0.0024195
v -0.0322759 0.015061 -0.0024195
v -0.0324532 0.0146726 -0.0024195
v -0.032578 0.0141838 0.00529382
v -0.0324843 0.0147874 0.00529382
v -0.0321667 0.0153091 0.00529382
v -0.0316736 0.0156696 0.00529382
v -0.0295437 0.0137126 0.00529382
v -0.0298613 0.0131909 0.00529382
v -0.0303544 0.0128304 0.00529382
v -0.0318279 0.0129128 0.00529382
v -0.0320731 0.0130973 0.00529382
v -0.0315514 0.0127797 0.00529382
v -0.0312542 0.0127032 0.00529382
v -0.0309478 0.012686 0.00529382
v -0.030644 0.012729 0.00529382
v -0.0300901 0.0129863 0.00529382
v -0.0296768 0.0134361 0.00529382
v -0.0294672 0.0140098 0.00529382
v -0.02945 0.0143162 0.00529382
v -0.029493 0.01462 0.00529382
v -0.0295944 0.0149096 0.00529382
v -0.0297503 0.0151739 0.00529382
v -0.0299549 0.0154027 0.00529382
v -0.0302001 0.0155872 0.00529382
v -0.0304766 0.0157203 0.00529382
v -0.0307738 0.0157968 0.00529382
v -0.0310802 0.015814 0.00529382
v -0.031384 0.015771 0.00529382
v -0.0319379 0.0155137 0.00529382
v -0.0323512 0.0150639 0.00529382
v -0.0325608 0.0144902 0.00529382
v -0.032535 0.01388 0.00529382
v -0.0324336 0.0135904 0.00529382
v -0.0322777 0.0133261 0.00529382
v -0.032514 0.01425 0.0052
v -0.0325188 0.0141863 0.00523461
v -0.0324962 0.0144802 0.0052
v -0.0325023 0.0144811 0.00523461
v -0.0324471 0.014671 0.0052
v -0.0324286 0.0147671 0.00523461
v -0.0324228 0.0147649 0.0052
v -0.0323006 0.0150331 0.00523461
v -0.0322953 0.0150299 0.0052
v -0.0316487 0.0156159 0.00523461
v -0.0318993 0.0154609 0.0052
v -0.031903 0.0154659 0.00523461
v -0.0319916 0.0153784 0.0052
v -0.0321231 0.0152691 0.00523461
v -0.0321185 0.0152649 0.0052
v -0.0322734 0.0150591 0.0052
v -0.03137 0.0157135 0.00523461
v -0.0316368 0.0156136 0.0052
v -0.0316461 0.0156103 0.0052
v -0.0310777 0.0157548 0.00523461
v -0.0312265 0.0157276 0.0052
v -0.0313686 0.0157075 0.0052
v -0.0304969 0.0156646 0.00523461
v -0.0307838 0.0157322 0.0052
v -0.0307829 0.0157383 0.00523461
v -0.0308006 0.0157332 0.0052
v -0.0310774 0.0157487 0.0052
v -0.0302309 0.0155366 0.00523461
v -0.0303939 0.0156082 0.0052
v -0.0304991 0.0156588 0.0052
v -0.0297574 0.0150578 0.0052
v -0.0298031 0.0151353 0.0052
v -0.0297981 0.015139 0.00523461
v -0.0299991 0.0153545 0.0052
v -0.0299949 0.0153591 0.00523461
v -0.0300339 0.0153807 0.0052
v -0.0302341 0.0155313 0.0052
v -0.0296537 0.0148821 0.0052
v -0.0296481 0.0148847 0.00523461
v -0.0295797 0.0146709 0.0052
v -0.0295505 0.014606 0.00523461
v -0.0295565 0.0146046 0.0052
v -0.0295092 0.0143137 0.00523461
v -0.0295153 0.0143134 0.0052
v -0.0297546 0.0134409 0.0052
v -0.0297327 0.0134701 0.0052
v -0.0297274 0.0134669 0.00523461
v -0.0296052 0.0137351 0.0052
v -0.0295994 0.0137329 0.00523461
v -0.0295809 0.013829 0.0052
v -0.0295257 0.0140189 0.00523461
v -0.0295318 0.0140198 0.0052
v -0.0295189 0.0142503 0.0052
v -0.0299095 0.0132351 0.0052
v -0.0299049 0.0132309 0.00523461
v -0.0300364 0.0131216 0.0052
v -0.030125 0.0130341 0.00523461
v -0.0301287 0.0130391 0.0052
v -0.0303793 0.0128841 0.00523461
v -0.0303819 0.0128897 0.0052
v -0.0303912 0.0128864 0.0052
v -0.030658 0.0127865 0.00523461
v -0.0306594 0.0127925 0.0052
v -0.0308015 0.0127724 0.0052
v -0.0309503 0.0127452 0.00523461
v -0.0309506 0.0127513 0.0052
v -0.0312274 0.0127668 0.0052
v -0.0312451 0.0127617 0.00523461
v -0.0312442 0.0127678 0.0052
v -0.0315311 0.0128354 0.00523461
v -0.0315289 0.0128412 0.0052
v -0.0316341 0.0128918 0.0052
v -0.0317971 0.0129634 0.00523461
v -0.0317939 0.0129687 0.0052
v -0.0319941 0.0131193 0.0052
v -0.0320331 0.0131409 0.00523461
v -0.0320289 0.0131455 0.0052
v -0.0322299 0.013361 0.00523461
v -0.0322249 0.0133647 0.0052
v -0.0325127 0.0141866 0.0052
v -0.0324715 0.0138954 0.0052
v -0.0324775 0.013894 0.00523461
v -0.0324483 0.0138291 0.0052
v -0.0323799 0.0136153 0.00523461
v -0.0323743 0.0136179 0.0052
v -0.0322706 0.0134422 0.0052
v -0.0299793 0.0153761 0.00527071
v -0.0302189 0.0155563 0.00527071
v -0.030489 0.0156864 0.00527071
v -0.0307793 0.0157612 0.00527071
v -0.0310786 0.0157779 0.00527071
v -0.0313755 0.015736 0.00527071
v -0.0316584 0.0156369 0.00527071
v -0.0319166 0.0154845 0.00527071
v -0.0321401 0.0152847 0.00527071
v -0.0323203 0.0150451 0.00527071
v -0.0324504 0.014775 0.00527071
v -0.0325252 0.0144847 0.00527071
v -0.0325419 0.0141854 0.00527071
v -0.0325 0.0138885 0.00527071
v -0.0324009 0.0136056 0.00527071
v -0.0322485 0.0133474 0.00527071
v -0.0320487 0.0131239 0.00527071
v -0.0318091 0.0129437 0.00527071
v -0.031539 0.0128136 0.00527071
v -0.0312487 0.0127388 0.00527071
v -0.0309494 0.0127221 0.00527071
v -0.0306525 0.012764 0.00527071
v -0.0303696 0.0128631 0.00527071
v -0.0301114 0.0130155 0.00527071
v -0.0298879 0.0132153 0.00527071
v -0.0297077 0.0134549 0.00527071
v -0.0295776 0.013725 0.00527071
v -0.0295028 0.0140153 0.00527071
v -0.0294861 0.0143146 0.00527071
v -0.029528 0.0146115 0.00527071
v -0.0296271 0.0148944 0.00527071
v -0.0297795 0.0151526 0.00527071
v -0.022014 0.01425 0.00626099
v -0.0232314 0.0138545 0.007
v -0.0230495 0.0134976 0.007
v -0.023294 0.01425 0.007
v -0.0224095 0.0130326 0.007
v -0.022014 0.01297 0.007
v -0.0227664 0.0132145 0.007
v -0.0229893 0.013421 0.007
v -0.0212616 0.0132145 0.007
v -0.0209785 0.0134976 0.007
v -0.0216185 0.0130326 0.007
v -0.0217837 0.0129909 0.007
v -0.0208084 0.0138199 0.007
v -0.0207966 0.0138545 0.007
v -0.0207966 0.0146455 0.007
v -0.0209785 0.0150024 0.007
v -0.020734 0.01425 0.007
v -0.0216185 0.0154674 0.007
v -0.022014 0.01553 0.007
v -0.0212616 0.0152855 0.007
v -0.0210387 0.015079 0.007
v -0.0227664 0.0152855 0.007
v -0.0230495 0.0150024 0.007
v -0.0224095 0.0154674 0.007
v -0.0222443 0.0155091 0.007
v -0.0232196 0.0146801 0.007
v -0.0232314 0.0146455 0.007
v -0.0225106 0.0128579 0.007
v -0.0234679 0.013984 0.007
v -0.0229713 0.0153761 0.007
v -0.0215174 0.0156421 0.007
v -0.0210567 0.0131239 0.007
v -0.0205601 0.014516 0.007
v -0.0225106 0.0128579 0.0083
v -0.0210567 0.0131239 0.0083
v -0.0234679 0.013984 0.0083
v -0.0229713 0.0153761 0.0083
v -0.0215174 0.0156421 0.0083
v -0.0205601 0.014516 0.0083
v -0.0209598 0.0166267 0.0083
v -0.0213258 0.0167573 0.0083
v -0.0238413 0.0160996 0.0083
v -0.0240965 0.0158066 0.0083
v -0.0246115 0.014363 0.0083
v -0.0245994 0.0139746 0.0083
v -0.0245294 0.0135923 0.0083
v -0.0244033 0.0132248 0.0083
v -0.0206174 0.016443 0.0083
v -0.0204828 0.0121487 0.0083
v -0.0201867 0.0124004 0.0083
v -0.0199315 0.0126934 0.0083
v -0.0234106 0.012057 0.0083
v -0.0230682 0.0118733 0.0083
v -0.0228578 0.0167093 0.0083
v -0.0232149 0.016556 0.0083
v -0.0235452 0.0163513 0.0083
v -0.0194165 0.014137 0.0083
v -0.0194286 0.0145254 0.0083
v -0.0194986 0.0149077 0.0083
v -0.0196247 0.0152752 0.0083
v -0.0242238 0.0128801 0.0083
v -0.023995 0.012566 0.0083
v -0.0237219 0.0122896 0.0083
v -0.0243053 0.0154788 0.0083
v -0.0244628 0.0151236 0.0083
v -0.0245657 0.0147489 0.0083
v -0.0227022 0.0117427 0.0083
v -0.0223208 0.0116682 0.0083
v -0.0219326 0.0116513 0.0083
v -0.0215461 0.0116924 0.0083
v -0.0211702 0.0117907 0.0083
v -0.0208131 0.011944 0.0083
v -0.0217072 0.0168318 0.0083
v -0.0220954 0.0168487 0.0083
v -0.0224819 0.0168076 0.0083
v -0.0198042 0.0156199 0.0083
v -0.020033 0.015934 0.0083
v -0.0203061 0.0162104 0.0083
v -0.0197227 0.0130212 0.0083
v -0.0195652 0.0133764 0.0083
v -0.0194623 0.0137511 0.0083
v -0.0240345 0.0125324 0.00829073
v -0.024268 0.0128527 0.00829073
v -0.024451 0.0132043 0.00829073
v -0.0245797 0.0135792 0.00829073
v -0.024651 0.0139691 0.00829073
v -0.0246634 0.0143652 0.00829073
v -0.0246166 0.0147588 0.00829073
v -0.0245117 0.015141 0.00829073
v -0.024351 0.0155034 0.00829073
v -0.0241381 0.0158377 0.00829073
v -0.0238778 0.0161365 0.00829073
v -0.0235758 0.0163932 0.00829073
v -0.0232389 0.0166021 0.00829073
v -0.0228747 0.0167584 0.00829073
v -0.0224912 0.0168586 0.00829073
v -0.0220971 0.0169006 0.00829073
v -0.0217011 0.0168834 0.00829073
v -0.0213121 0.0168073 0.00829073
v -0.0209388 0.0166742 0.00829073
v -0.0205895 0.0164868 0.00829073
v -0.020272 0.0162495 0.00829073
v -0.0199935 0.0159676 0.00829073
v -0.01976 0.0156473 0.00829073
v -0.019577 0.0152957 0.00829073
v -0.0194483 0.0149208 0.00829073
v -0.019377 0.0145309 0.00829073
v -0.0193646 0.0141348 0.00829073
v -0.0194114 0.0137412 0.00829073
v -0.0195163 0.013359 0.00829073
v -0.019677 0.0129966 0.00829073
v -0.0198899 0.0126623 0.00829073
v -0.0201502 0.0123635 0.00829073
v -0.0204522 0.0121068 0.00829073
v -0.0207891 0.0118979 0.00829073
v -0.0211533 0.0117416 0.00829073
v -0.0215368 0.0116414 0.00829073
v -0.0219309 0.0115994 0.00829073
v -0.0223269 0.0116166 0.00829073
v -0.0227159 0.0116927 0.00829073
v -0.0230892 0.0118258 0.00829073
v -0.0234385 0.0120132 0.00829073
v -0.023756 0.0122505 0.00829073
v -0.024701 0.014821 0.00815
v -0.0247038 0.0147759 0.00820192
v -0.0246041 0.015174 0.00815
v -0.0245954 0.0151709 0.00820192
v -0.0245192 0.0153654 0.00815
v -0.0244293 0.0155453 0.00820192
v -0.0244375 0.0155497 0.00815
v -0.0242367 0.015865 0.00815
v -0.0242093 0.0158909 0.00820192
v -0.0242167 0.0158964 0.00815
v -0.0239402 0.0161997 0.00820192
v -0.0239467 0.0162063 0.00815
v -0.022863 0.0168625 0.00815
v -0.0229065 0.0168511 0.00815
v -0.0229035 0.0168424 0.00820192
v -0.0232842 0.0166891 0.00815
v -0.0232799 0.0166808 0.00820192
v -0.0233857 0.0166262 0.00815
v -0.0236281 0.016465 0.00820192
v -0.0236335 0.0164725 0.00815
v -0.0238499 0.0162886 0.00815
v -0.0225089 0.0169551 0.00815
v -0.0225072 0.016946 0.00820192
v -0.0223006 0.0169773 0.00815
v -0.0220999 0.0169894 0.00820192
v -0.0221001 0.0169986 0.00815
v -0.0217267 0.0169824 0.00815
v -0.0216906 0.0169716 0.00820192
v -0.0216895 0.0169808 0.00815
v -0.0212886 0.016893 0.00820192
v -0.0212861 0.0169019 0.00815
v -0.020176 0.0162915 0.00815
v -0.0202076 0.0163235 0.00815
v -0.0202137 0.0163165 0.00820192
v -0.0205368 0.0165696 0.00815
v -0.0205418 0.0165618 0.00820192
v -0.020642 0.016626 0.00815
v -0.0209028 0.0167554 0.00820192
v -0.020899 0.0167638 0.00815
v -0.0211664 0.0168592 0.00815
v -0.0199187 0.0160311 0.00815
v -0.0199258 0.0160251 0.00820192
v -0.0197954 0.0158619 0.00815
v -0.0196846 0.015694 0.00820192
v -0.0196767 0.0156989 0.00815
v -0.019504 0.0153674 0.00815
v -0.0194953 0.0153307 0.00820192
v -0.0194868 0.0153344 0.00815
v -0.0193624 0.0149433 0.00820192
v -0.0193534 0.0149456 0.00815
v -0.019327 0.013679 0.00815
v -0.0193151 0.0137224 0.00815
v -0.0193242 0.0137241 0.00820192
v -0.0192666 0.0141305 0.00815
v -0.0192759 0.0141309 0.00820192
v -0.0192703 0.0142498 0.00815
v -0.0192887 0.0145403 0.00820192
v -0.0192795 0.0145413 0.00815
v -0.0193306 0.0148206 0.00815
v -0.0194239 0.013326 0.00815
v -0.0194326 0.0133291 0.00820192
v -0.0195088 0.0131346 0.00815
v -0.0195987 0.0129547 0.00820192
v -0.0195905 0.0129503 0.00815
v -0.0197913 0.012635 0.00815
v -0.0198187 0.0126091 0.00820192
v -0.0198113 0.0126036 0.00815
v -0.0200878 0.0123003 0.00820192
v -0.0200813 0.0122937 0.00815
v -0.021165 0.0116375 0.00815
v -0.0211215 0.0116489 0.00815
v -0.0211245 0.0116576 0.00820192
v -0.0207438 0.0118109 0.00815
v -0.0207481 0.0118192 0.00820192
v -0.0206423 0.0118738 0.00815
v -0.0203999 0.012035 0.00820192
v -0.0203945 0.0120275 0.00815
v -0.0201781 0.0122114 0.00815
v -0.0215191 0.0115449 0.00815
v -0.0215208 0.011554 0.00820192
v -0.0217274 0.0115227 0.00815
v -0.0219281 0.0115106 0.00820192
v -0.0219279 0.0115013 0.00815
v -0.0223013 0.0115176 0.00815
v -0.0223374 0.0115284 0.00820192
v -0.0223385 0.0115192 0.00815
v -0.0227394 0.011607 0.00820192
v -0.0227419 0.0115981 0.00815
v -0.023852 0.0122085 0.00815
v -0.0238204 0.0121765 0.00815
v -0.0238143 0.0121835 0.00820192
v -0.0234912 0.0119304 0.00815
v -0.0234862 0.0119382 0.00820192
v -0.023386 0.011874 0.00815
v -0.0231252 0.0117446 0.00820192
v -0.023129 0.0117362 0.00815
v -0.0228616 0.0116408 0.00815
v -0.0241093 0.0124689 0.00815
v -0.0241022 0.0124749 0.00820192
v -0.0242326 0.0126381 0.00815
v -0.0243434 0.012806 0.00820192
v -0.0243513 0.0128011 0.00815
v -0.024524 0.0131326 0.00815
v -0.0245327 0.0131693 0.00820192
v -0.0245412 0.0131656 0.00815
v -0.0246656 0.0135567 0.00820192
v -0.0246746 0.0135544 0.00815
v -0.0247129 0.0147776 0.00815
v -0.0247614 0.0143695 0.00815
v -0.0247521 0.0143691 0.00820192
v -0.024764 0.01425 0.00815
v -0.0247393 0.0139597 0.00820192
v -0.0247485 0.0139587 0.00815
v -0.0246974 0.0136794 0.00815
v -0.0240758 0.0124973 0.00825607
v -0.024314 0.0128242 0.00825607
v -0.0245008 0.0131829 0.00825607
v -0.0246321 0.0135655 0.00825607
v -0.0247048 0.0139633 0.00825607
v -0.0247175 0.0143676 0.00825607
v -0.0246698 0.0147692 0.00825607
v -0.0245627 0.0151592 0.00825607
v -0.0243988 0.015529 0.00825607
v -0.0241815 0.0158701 0.00825607
v -0.0239158 0.0161751 0.00825607
v -0.0236077 0.016437 0.00825607
v -0.0232639 0.0166501 0.00825607
v -0.0228922 0.0168096 0.00825607
v -0.0225009 0.0169119 0.00825607
v -0.0220988 0.0169547 0.00825607
v -0.0216947 0.0169372 0.00825607
v -0.0212978 0.0168596 0.00825607
v -0.0209168 0.0167237 0.00825607
v -0.0205604 0.0165325 0.00825607
v -0.0202365 0.0162904 0.00825607
v -0.0199522 0.0160027 0.00825607
v -0.019714 0.0156758 0.00825607
v -0.0195272 0.0153171 0.00825607
v -0.0193959 0.0149345 0.00825607
v -0.0193232 0.0145367 0.00825607
v -0.0193105 0.0141324 0.00825607
v -0.0193582 0.0137308 0.00825607
v -0.0194653 0.0133408 0.00825607
v -0.0196292 0.012971 0.00825607
v -0.0198465 0.0126299 0.00825607
v -0.0201122 0.0123249 0.00825607
v -0.0204203 0.012063 0.00825607
v -0.0207641 0.0118499 0.00825607
v -0.0211358 0.0116904 0.00825607
v -0.0215271 0.0115881 0.00825607
v -0.0219292 0.0115453 0.00825607
v -0.0223333 0.0115628 0.00825607
v -0.0227302 0.0116404 0.00825607
v -0.0231112 0.0117763 0.00825607
v -0.0234676 0.0119675 0.00825607
v -0.0237915 0.0122096 0.00825607
v -0.024764 0.01425 0.0053
v -0.0247039 0.0148218 0.0053
v -0.0245262 0.0153685 0.0053
v -0.0242388 0.0158664 0.0053
v -0.0238541 0.0162936 0.0053
v -0.023389 0.0166316 0.0053
v -0.0228638 0.0168654 0.0053
v -0.0223015 0.0169849 0.0053
v -0.0217265 0.0169849 0.0053
v -0.0211642 0.0168654 0.0053
v -0.020639 0.0166316 0.0053
v -0.0201739 0.0162936 0.0053
v -0.0197892 0.0158664 0.0053
v -0.0195017 0.0153685 0.0053
v -0.0193241 0.0148218 0.0053
v -0.019264 0.01425 0.0053
v -0.0193241 0.0136782 0.0053
v -0.0195017 0.0131315 0.0053
v -0.0197892 0.0126336 0.0053
v -0.0201739 0.0122064 0.0053
v -0.020639 0.0118684 0.0053
v -0.0211642 0.0116346 0.0053
v -0.0217265 0.0115151 0.0053
v -0.0223015 0.0115151 0.0053
v -0.0228638 0.0116346 0.0053
v -0.023389 0.0118684 0.0053
v -0.0238541 0.0122064 0.0053
v -0.0242388 0.0126336 0.0053
v -0.0245262 0.0131315 0.0053
v -0.0247039 0.0136782 0.0053
v -0.0232335 0.01425 -0.0027
v -0.0231841 0.0145936 -0.0027
v -0.022014 0.01425 -0.0027
v -0.0228126 0.0133284 -0.0027
v -0.0230399 0.0135907 -0.0027
v -0.0231841 0.0139064 -0.0027
v -0.0218404 0.0130429 -0.0027
v -0.0221876 0.0130429 -0.0027
v -0.0225206 0.0131407 -0.0027
v -0.0209881 0.0135907 -0.0027
v -0.0212154 0.0133284 -0.0027
v -0.0215074 0.0131407 -0.0027
v -0.0208439 0.0145936 -0.0027
v -0.0207945 0.01425 -0.0027
v -0.0208439 0.0139064 -0.0027
v -0.0215074 0.0153593 -0.0027
v -0.0212154 0.0151716 -0.0027
v -0.0209881 0.0149093 -0.0027
v -0.0225206 0.0153593 -0.0027
v -0.0221876 0.0154571 -0.0027
v -0.0218404 0.0154571 -0.0027
v -0.0230399 0.0149093 -0.0027
v -0.0228126 0.0151716 -0.0027
v -0.0236086 0.0141143 0.0053
v -0.0236012 0.014066 0.0053
v -0.0229135 0.0129266 0.0053
v -0.0230054 0.0129985 0.0053
v -0.022743 0.0128272 0.0053
v -0.0227238 0.012816 0.0053
v -0.020416 0.0141701 0.0053
v -0.0204217 0.014121 0.0053
v -0.0204414 0.0139541 0.0053
v -0.0204194 0.0143857 0.0053
v -0.0204268 0.014434 0.0053
v -0.0211145 0.0155734 0.0053
v -0.0210226 0.0155015 0.0053
v -0.021285 0.0156728 0.0053
v -0.0213042 0.015684 0.0053
v -0.022536 0.0127372 0.0053
v -0.0224511 0.0127142 0.0053
v -0.0223296 0.0126812 0.0053
v -0.0221432 0.0126552 0.0053
v -0.021927 0.0126521 0.0053
v -0.02183 0.0126639 0.0053
v -0.0212371 0.0128551 0.0053
v -0.0211347 0.0129131 0.0053
v -0.0209784 0.0130319 0.0053
v -0.020963 0.0130436 0.0053
v -0.0208101 0.0131957 0.0053
v -0.0207623 0.0132584 0.0053
v -0.0204778 0.0138128 0.0053
v -0.0204947 0.0137471 0.0053
v -0.021492 0.0157628 0.0053
v -0.0215769 0.0157858 0.0053
v -0.0216984 0.0158188 0.0053
v -0.0218848 0.0158448 0.0053
v -0.022101 0.0158479 0.0053
v -0.022198 0.0158361 0.0053
v -0.0227909 0.0156449 0.0053
v -0.0228933 0.0155869 0.0053
v -0.0230496 0.0154681 0.0053
v -0.023065 0.0154564 0.0053
v -0.0232179 0.0153043 0.0053
v -0.0232657 0.0152416 0.0053
v -0.0235333 0.0147529 0.0053
v -0.0235502 0.0146872 0.0053
v -0.0235866 0.0145459 0.0053
v -0.0236063 0.014379 0.0053
v -0.023612 0.0143299 0.0053
v -0.0234342 0.0135125 0.0053
v -0.0234099 0.0134726 0.0053
v -0.0217145 0.012678 0.0053
v -0.0215234 0.0127282 0.0053
v -0.0215061 0.0127327 0.0053
v -0.0213207 0.0128078 0.0053
v -0.0206802 0.0133661 0.0053
v -0.0205921 0.0135214 0.0053
v -0.020571 0.0135587 0.0053
v -0.0205938 0.0149875 0.0053
v -0.0206181 0.0150274 0.0053
v -0.0223135 0.015822 0.0053
v -0.0225046 0.0157718 0.0053
v -0.0225219 0.0157673 0.0053
v -0.0227073 0.0156922 0.0053
v -0.0233478 0.0151339 0.0053
v -0.0234359 0.0149786 0.0053
v -0.023457 0.0149413 0.0053
v -0.0235761 0.0139028 0.0053
v -0.023534 0.01376 0.0053
v -0.0235156 0.0136976 0.0053
v -0.0233229 0.0133296 0.0053
v -0.0232331 0.0132137 0.0053
v -0.0230824 0.0130587 0.0053
v -0.0204519 0.0145972 0.0053
v -0.020494 0.01474 0.0053
v -0.0205124 0.0148024 0.0053
v -0.0207051 0.0151704 0.0053
v -0.0207949 0.0152863 0.0053
v -0.0209456 0.0154413 0.0053
v -0.023514 0.01425 -0.0024195
v -0.0234532 0.0138274 -0.0024195
v -0.0232759 0.013439 -0.0024195
v -0.0229963 0.0131164 -0.0024195
v -0.0226371 0.0128856 -0.0024195
v -0.0222275 0.0127653 -0.0024195
v -0.0218005 0.0127653 -0.0024195
v -0.0213909 0.0128856 -0.0024195
v -0.0210317 0.0131164 -0.0024195
v -0.0207521 0.013439 -0.0024195
v -0.0205748 0.0138274 -0.0024195
v -0.020514 0.01425 -0.0024195
v -0.0205748 0.0146726 -0.0024195
v -0.0207521 0.015061 -0.0024195
v -0.0210317 0.0153836 -0.0024195
v -0.0213909 0.0156144 -0.0024195
v -0.0218005 0.0157347 -0.0024195
v -0.0222275 0.0157347 -0.0024195
v -0.0226371 0.0156144 -0.0024195
v -0.0229963 0.0153836 -0.0024195
v -0.0232759 0.015061 -0.0024195
v -0.0234532 0.0146726 -0.0024195
v -0.0235743 0.0143765 0.00529382
v -0.0234071 0.0149639 0.00529382
v -0.0230279 0.0154427 0.00529382
v -0.0224943 0.0157399 0.00529382
v -0.0206209 0.0135361 0.00529382
v -0.0210001 0.0130573 0.00529382
v -0.0215337 0.0127601 0.00529382
v -0.022986 0.0130229 0.00529382
v -0.0232067 0.0132361 0.00529382
v -0.0227279 0.0128569 0.00529382
v -0.0224424 0.0127444 0.00529382
v -0.0221405 0.0126897 0.00529382
v -0.0218336 0.012695 0.00529382
v -0.0212523 0.0128824 0.00529382
v -0.0207869 0.013278 0.00529382
v -0.0205084 0.0138216 0.00529382
v -0.0204537 0.0141235 0.00529382
v -0.020459 0.0144304 0.00529382
v -0.0205241 0.0147303 0.00529382
v -0.0206464 0.0150117 0.00529382
v -0.0208213 0.0152639 0.00529382
v -0.021042 0.0154771 0.00529382
v -0.0213001 0.0156431 0.00529382
v -0.0215856 0.0157556 0.00529382
v -0.0218875 0.0158103 0.00529382
v -0.0221944 0.015805 0.00529382
v -0.0227757 0.0156176 0.00529382
v -0.0232411 0.015222 0.00529382
v -0.0235196 0.0146784 0.00529382
v -0.023569 0.0140696 0.00529382
v -0.0235039 0.0137697 0.00529382
v -0.0233816 0.0134883 0.00529382
v -0.0234521 0.0146722 0.0052
v -0.0234627 0.0146622 0.00523461
v -0.0233544 0.0149369 0.00523461
v -0.0231947 0.0151852 0.00523461
v -0.0232698 0.0150571 0.0052
v -0.0233489 0.0149341 0.0052
v -0.0227469 0.0155658 0.00523461
v -0.0229855 0.0153929 0.0052
v -0.0229895 0.0153976 0.00523461
v -0.0229953 0.0153827 0.0052
v -0.0231898 0.0151814 0.0052
v -0.0224761 0.0156835 0.00523461
v -0.0226343 0.0156081 0.0052
v -0.0227439 0.0155604 0.0052
v -0.0218016 0.0157286 0.0052
v -0.0218928 0.0157451 0.0052
v -0.0218923 0.0157513 0.00523461
v -0.0221868 0.01574 0.0052
v -0.0221875 0.0157461 0.00523461
v -0.0222267 0.0157314 0.0052
v -0.0224742 0.0156777 0.0052
v -0.0216035 0.0156927 0.0052
v -0.0216018 0.0156987 0.00523461
v -0.0213928 0.0156097 0.0052
v -0.0213271 0.0155904 0.00523461
v -0.0213299 0.0155849 0.0052
v -0.0210788 0.0154307 0.00523461
v -0.0210826 0.0154258 0.0052
v -0.020578 0.0146719 0.0052
v -0.0205863 0.0147102 0.0052
v -0.0205805 0.0147121 0.00523461
v -0.0207036 0.0149799 0.0052
v -0.0206982 0.0149829 0.00523461
v -0.0207573 0.0150574 0.0052
v -0.0208664 0.0152255 0.00523461
v -0.0208711 0.0152215 0.0052
v -0.0210352 0.01538 0.0052
v -0.020524 0.0144228 0.0052
v -0.0205179 0.0144235 0.00523461
v -0.020521 0.0142499 0.0052
v -0.0205127 0.0141283 0.00523461
v -0.0205189 0.0141288 0.0052
v -0.0205653 0.0138378 0.00523461
v -0.0205713 0.0138395 0.0052
v -0.0205759 0.0138278 0.0052
v -0.0206736 0.0135631 0.00523461
v -0.0206791 0.0135659 0.0052
v -0.0207582 0.0134429 0.0052
v -0.0208333 0.0133148 0.00523461
v -0.0208382 0.0133186 0.0052
v -0.0210327 0.0131173 0.0052
v -0.0210385 0.0131024 0.00523461
v -0.0210425 0.0131071 0.0052
v -0.0212811 0.0129342 0.00523461
v -0.0212841 0.0129396 0.0052
v -0.0213937 0.0128919 0.0052
v -0.0215519 0.0128165 0.00523461
v -0.0215538 0.0128223 0.0052
v -0.0218013 0.0127686 0.0052
v -0.0218405 0.0127539 0.00523461
v -0.0218412 0.01276 0.0052
v -0.0221357 0.0127487 0.00523461
v -0.0221352 0.0127549 0.0052
v -0.0229928 0.01312 0.0052
v -0.0229454 0.0130742 0.0052
v -0.0229492 0.0130693 0.00523461
v -0.0226981 0.0129151 0.0052
v -0.0227009 0.0129096 0.00523461
v -0.0226352 0.0128903 0.0052
v -0.0224262 0.0128013 0.00523461
v -0.0224245 0.0128073 0.0052
v -0.0222264 0.0127714 0.0052
v -0.0231569 0.0132785 0.0052
v -0.0231616 0.0132745 0.00523461
v -0.0232707 0.0134426 0.0052
v -0.0233298 0.0135171 0.00523461
v -0.0233244 0.0135201 0.0052
v -0.0234475 0.0137879 0.00523461
v -0.0234417 0.0137898 0.0052
v -0.0234567 0.0146605 0.0052
v -0.0235091 0.0143712 0.0052
v -0.0235153 0.0143717 0.00523461
v -0.023514 0.01425 0.0052
v -0.0235101 0.0140765 0.00523461
v -0.023504 0.0140772 0.0052
v -0.02345 0.0138281 0.0052
v -0.0208488 0.0152405 0.00527071
v -0.0210644 0.0154488 0.00527071
v -0.0213165 0.015611 0.00527071
v -0.0215955 0.0157209 0.00527071
v -0.0218905 0.0157743 0.00527071
v -0.0221902 0.0157691 0.00527071
v -0.0224832 0.0157055 0.00527071
v -0.0227581 0.015586 0.00527071
v -0.0230045 0.0154152 0.00527071
v -0.0232128 0.0151996 0.00527071
v -0.023375 0.0149475 0.00527071
v -0.0234849 0.0146685 0.00527071
v -0.0235383 0.0143735 0.00527071
v -0.0235331 0.0140738 0.00527071
v -0.0234695 0.0137808 0.00527071
v -0.02335 0.0135059 0.00527071
v -0.0231792 0.0132595 0.00527071
v -0.0229636 0.0130512 0.00527071
v -0.0227115 0.012889 0.00527071
v -0.0224325 0.0127791 0.00527071
v -0.0221375 0.0127257 0.00527071
v -0.0218378 0.0127309 0.00527071
v -0.0215448 0.0127945 0.00527071
v -0.0212699 0.012914 0.00527071
v -0.0210235 0.0130848 0.00527071
v -0.0208152 0.0133004 0.00527071
v -0.020653 0.0135525 0.00527071
v -0.0205431 0.0138315 0.00527071
v -0.0204897 0.0141265 0.00527071
v -0.0204949 0.0144262 0.00527071
v -0.0205585 0.0147192 0.00527071
v -0.020678 0.0149941 0.00527071
v -0.0314085 0.00906879 -0.00400711
v -0.0315912 0.00906879 -0.00400711
v -0.0315912 0.00906879 -0.0119929
v -0.0317525 0.00898303 -0.00401461
v -0.0317525 0.00898303 -0.0119854
v -0.0318546 0.00883159 -0.00402786
v -0.0318546 0.00883159 -0.0119721
v -0.0314085 0.00906879 -0.0119929
v -0.0312472 0.00898303 -0.0119854
v -0.0312472 0.00898303 -0.00401461
v -0.0311451 0.00883159 -0.0119721
v -0.0311451 0.00883159 -0.00402786
v -0.030533 0.00715 -0.00417498
v -0.030533 0.00715 -0.011825
v -0.0299534 0.00715 -0.00417498
v -0.0299534 0.00715 -0.011825
v -0.0288952 0.00906879 -0.00400711
v -0.0290779 0.00906879 -0.00400711
v -0.0290779 0.00906879 -0.0119929
v -0.0292392 0.00898303 -0.00401461
v -0.0292392 0.00898303 -0.0119854
v -0.0293413 0.00883159 -0.00402786
v -0.0293413 0.00883159 -0.0119721
v -0.0288952 0.00906879 -0.0119929
v -0.0287339 0.00898303 -0.0119854
v -0.0287339 0.00898303 -0.00401461
v -0.0286318 0.00883159 -0.0119721
v -0.0286318 0.00883159 -0.00402786
v -0.0280198 0.00715 -0.00417498
v -0.0280198 0.00715 -0.011825
v -0.0274401 0.00715 -0.00417498
v -0.0274401 0.00715 -0.011825
v -0.026382 0.00906879 -0.00400711
v -0.0265646 0.00906879 -0.00400711
v -0.0265646 0.00906879 -0.0119929
v -0.0267259 0.00898303 -0.00401461
v -0.0267259 0.00898303 -0.0119854
v -0.0268281 0.00883159 -0.00402786
v -0.0268281 0.00883159 -0.0119721
v -0.026382 0.00906879 -0.0119929
v -0.0262207 0.00898303 -0.0119854
v -0.0262207 0.00898303 -0.00401461
v -0.0261185 0.00883159 -0.0119721
v -0.0261185 0.00883159 -0.00402786
v -0.0255065 0.00715 -0.00417498
v -0.0255065 0.00715 -0.011825
v -0.0249268 0.00715 -0.00417498
v -0.0249268 0.00715 -0.011825
v -0.0238687 0.00906879 -0.00400711
v -0.0240513 0.00906879 -0.00400711
v -0.0240513 0.00906879 -0.0119929
v -0.0242126 0.00898303 -0.00401461
v -0.0242126 0.00898303 -0.0119854
v -0.0243148 0.00883159 -0.00402786
v -0.0243148 0.00883159 -0.0119721
v -0.0238687 0.00906879 -0.0119929
v -0.0237074 0.00898303 -0.0119854
v -0.0237074 0.00898303 -0.00401461
v -0.0236053 0.00883159 -0.0119721
v -0.0236053 0.00883159 -0.00402786
v -0.0229932 0.00715 -0.00417498
v -0.0229932 0.00715 -0.011825
v -0.0224136 0.00715 -0.00417498
v -0.0224136 0.00715 -0.011825
v -0.0213554 0.00906879 -0.00400711
v -0.0215381 0.00906879 -0.00400711
v -0.0215381 0.00906879 -0.0119929
v -0.0216994 0.00898303 -0.00401461
v -0.0216994 0.00898303 -0.0119854
v -0.0218015 0.00883159 -0.00402786
v -0.0218015 0.00883159 -0.0119721
v -0.0213554 0.00906879 -0.0119929
v -0.0211941 0.00898303 -0.0119854
v -0.0211941 0.00898303 -0.00401461
v -0.021092 0.00883159 -0.0119721
v -0.021092 0.00883159 -0.00402786
v -0.0204799 0.00715 -0.00417498
v -0.0204799 0.00715 -0.011825
v -0.0199003 0.00715 -0.00417498
v -0.0199003 0.00715 -0.011825
v -0.0188421 0.00906879 -0.00400711
v -0.0190248 0.00906879 -0.00400711
v -0.0190248 0.00906879 -0.0119929
v -0.0191861 0.00898303 -0.00401461
v -0.0191861 0.00898303 -0.0119854
v -0.0192882 0.00883159 -0.00402786
v -0.0192882 0.00883159 -0.0119721
v -0.0188421 0.00906879 -0.0119929
v -0.0186809 0.00898303 -0.0119854
v -0.0186809 0.00898303 -0.00401461
v -0.0185787 0.00883159 -0.0119721
v -0.0185787 0.00883159 -0.00402786
v -0.0179667 0.00715 -0.00417498
v -0.0179667 0.00715 -0.011825
v -0.017387 0.00715 -0.00417498
v -0.017387 0.00715 -0.011825
v -0.0163289 0.00906879 -0.00400711
v -0.0165115 0.00906879 -0.00400711
v -0.0165115 0.00906879 -0.0119929
v -0.0166728 0.00898303 -0.00401461
v -0.0166728 0.00898303 -0.0119854
v -0.016775 0.00883159 -0.00402786
v -0.016775 0.00883159 -0.0119721
v -0.0163289 0.00906879 -0.0119929
v -0.0161676 0.00898303 -0.0119854
v -0.0161676 0.00898303 -0.00401461
v -0.0160654 0.00883159 -0.0119721
v -0.0160654 0.00883159 -0.00402786
v -0.0154534 0.00715 -0.00417498
v -0.0154534 0.00715 -0.011825
v -0.0148737 0.00715 -0.00417498
v -0.0148737 0.00715 -0.011825
v -0.0138156 0.00906879 -0.00400711
v -0.0139983 0.00906879 -0.00400711
v -0.0139983 0.00906879 -0.0119929
v -0.0141595 0.00898303 -0.00401461
v -0.0141595 0.00898303 -0.0119854
v -0.0142617 0.00883159 -0.00402786
v -0.0142617 0.00883159 -0.0119721
v -0.0138156 0.00906879 -0.0119929
v -0.0136543 0.00898303 -0.0119854
v -0.0136543 0.00898303 -0.00401461
v -0.0135522 0.00883159 -0.0119721
v -0.0135522 0.00883159 -0.00402786
v -0.0129401 0.00715 -0.00417498
v -0.0129401 0.00715 -0.011825
v -0.0123605 0.00715 -0.00417498
v -0.0123605 0.00715 -0.011825
v -0.0113023 0.00906879 -0.00400711
v -0.011485 0.00906879 -0.00400711
v -0.011485 0.00906879 -0.0119929
v -0.0116463 0.00898303 -0.00401461
v -0.0116463 0.00898303 -0.0119854
v -0.0117484 0.00883159 -0.00402786
v -0.0117484 0.00883159 -0.0119721
v -0.0113023 0.00906879 -0.0119929
v -0.011141 0.00898303 -0.0119854
v -0.011141 0.00898303 -0.00401461
v -0.0110389 0.00883159 -0.0119721
v -0.0110389 0.00883159 -0.00402786
v -0.0104268 0.00715 -0.00417498
v -0.0104268 0.00715 -0.011825
v -0.00984718 0.00715 -0.00417498
v -0.00984718 0.00715 -0.011825
v -0.00878904 0.00906879 -0.00400711
v -0.0089717 0.00906879 -0.00400711
v -0.0089717 0.00906879 -0.0119929
v -0.00913299 0.00898303 -0.00401461
v -0.00913299 0.00898303 -0.0119854
v -0.00923513 0.00883159 -0.00402786
v -0.00923513 0.00883159 -0.0119721
v -0.00878904 0.00906879 -0.0119929
v -0.00862775 0.00898303 -0.0119854
v -0.00862775 0.00898303 -0.00401461
v -0.00852561 0.00883159 -0.0119721
v -0.00852561 0.00883159 -0.00402786
v -0.00791356 0.00715 -0.00417498
v -0.00791356 0.00715 -0.011825
v -0.00733391 0.00715 -0.00417498
v -0.00733391 0.00715 -0.011825
v -0.00627576 0.00906879 -0.00400711
v -0.00645843 0.00906879 -0.00400711
v -0.00645843 0.00906879 -0.0119929
v -0.00661971 0.00898303 -0.00401461
v -0.00661971 0.00898303 -0.0119854
v -0.00672186 0.00883159 -0.00402786
v -0.00672186 0.00883159 -0.0119721
v -0.00627576 0.00906879 -0.0119929
v -0.00611448 0.00898303 -0.0119854
v -0.00611448 0.00898303 -0.00401461
v -0.00601234 0.00883159 -0.0119721
v -0.00601234 0.00883159 -0.00402786
v -0.00540029 0.00715 -0.00417498
v -0.00540029 0.00715 -0.011825
v -0.00482063 0.00715 -0.00417498
v -0.00482063 0.00715 -0.011825
v -0.00376249 0.00906879 -0.00400711
v -0.00394515 0.00906879 -0.00400711
v -0.00394515 0.00906879 -0.0119929
v -0.00410644 0.00898303 -0.00401461
v -0.00410644 0.00898303 -0.0119854
v -0.00420858 0.00883159 -0.00402786
v -0.00420858 0.00883159 -0.0119721
v -0.00376249 0.00906879 -0.0119929
v -0.00360121 0.00898303 -0.0119854
v -0.00360121 0.00898303 -0.00401461
v -0.00349906 0.00883159 -0.0119721
v -0.00349906 0.00883159 -0.00402786
v -0.00288701 0.00715 -0.00417498
v -0.00288701 0.00715 -0.011825
v -0.00230736 0.00715 -0.00417498
v -0.00230736 0.00715 -0.011825
v -0.00124922 0.00906879 -0.00400711
v -0.00143188 0.00906879 -0.00400711
v -0.00143188 0.00906879 -0.0119929
v -0.00159316 0.00898303 -0.00401461
v -0.00159316 0.00898303 -0.0119854
v -0.00169531 0.00883159 -0.00402786
v -0.00169531 0.00883159 -0.0119721
v -0.00124922 0.00906879 -0.0119929
v -0.00108793 0.00898303 -0.0119854
v -0.00108793 0.00898303 -0.00401461
v -0.00098579 0.00883159 -0.0119721
v -0.00098579 0.00883159 -0.00402786
v -0.00037374 0.00715 -0.00417498
v -0.00037374 0.00715 -0.011825
v 0.00020592 0.00715 -0.00417498
v 0.00020592 0.00715 -0.011825
v 0.00126406 0.00906879 -0.00400711
v 0.00108139 0.00906879 -0.00400711
v 0.00108139 0.00906879 -0.0119929
v 0.00092011 0.00898303 -0.00401461
v 0.00092011 0.00898303 -0.0119854
v 0.00081796 0.00883159 -0.00402786
v 0.00081796 0.00883159 -0.0119721
v 0.00126406 0.00906879 -0.0119929
v 0.00142534 0.00898303 -0.0119854
v 0.00142534 0.00898303 -0.00401461
v 0.00152749 0.00883159 -0.0119721
v 0.00152749 0.00883159 -0.00402786
v 0.00271919 0.00715 -0.011825
v 0.00271919 0.00715 -0.00417498
v 0.00213954 0.00715 -0.011825
v 0.00213954 0.00715 -0.00417498
v 0.00377733 0.00906879 -0.00400711
v 0.00359467 0.00906879 -0.00400711
v 0.00359467 0.00906879 -0.0119929
v 0.00343338 0.00898303 -0.00401461
v 0.00343338 0.00898303 -0.0119854
v 0.00333124 0.00883159 -0.00402786
v 0.00333124 0.00883159 -0.0119721
v 0.00377733 0.00906879 -0.0119929
v 0.00393862 0.00898303 -0.0119854
v 0.00393862 0.00898303 -0.00401461
v 0.00404076 0.00883159 -0.0119721
v 0.00404076 0.00883159 -0.00402786
v -0.0324667 0.00715 -0.011825
v -0.0324667 0.00715 -0.00417498
v 0.00465281 0.00715 -0.011825
v 0.00465281 0.00715 -0.00417498
v -0.0312644 0.0197566 -0.012
v -0.0297498 0.0206422 -0.012
v -0.0323799 0.0184023 -0.012
v -0.0280225 0.02095 -0.012
v 0.00019454 0.02095 -0.012
v 0.00192183 0.0206422 -0.012
v 0.00343643 0.0197566 -0.012
v 0.00455186 0.0184023 -0.012
v 0.00517414 0.01725 -0.012
v -0.0330021 0.01725 -0.012
v 0.00019454 0.02095 -0.004
v -0.0280225 0.02095 -0.004
v -0.016648 0.01475 -0.0025
v -0.017014 0.015116 -0.0025
v -0.017514 0.01425 -0.0025
v -0.017514 0.01525 -0.0025
v -0.018014 0.015116 -0.0025
v -0.017014 0.013384 -0.0025
v -0.016648 0.01375 -0.0025
v -0.016514 0.01425 -0.0025
v -0.01838 0.01375 -0.0025
v -0.018014 0.013384 -0.0025
v -0.017514 0.01325 -0.0025
v -0.01838 0.01475 -0.0025
v -0.018514 0.01425 -0.0025
v -0.0323799 0.0184023 -0.004
v -0.0312644 0.0197566 -0.004
v -0.0297498 0.0206422 -0.004
v -0.036514 0.00715 -0.00417498
v -0.036514 0.00715 -0.011825
v -0.0360691 0.00915 -0.004
v 0.008686 0.00715 -0.00417498
v 0.00824109 0.00915 -0.004
v 0.008686 0.00715 -0.011825
v 0.00824109 0.00915 -0.012
v -0.0360691 0.00915 -0.012
v -0.0355408 0.0110413 -0.012
v 0.00771275 0.0110413 -0.012
v -0.0354759 0.01125 -0.012
v 0.00764787 0.01125 -0.012
v -0.0354759 0.01125 -0.0149
v 0.00764787 0.01125 -0.0149
v -0.0330021 0.01725 -0.0149
v 0.00517414 0.01725 -0.0149
v -0.0341574 0.0148065 -0.0149
v 0.00632943 0.0148065 -0.0149
v 0.00192183 0.0206422 -0.004
v 0.00343643 0.0197566 -0.004
v 0.00455186 0.0184023 -0.004
v -0.0119315 0.014875 -0.006
v -0.012389 0.0153325 -0.006
v -0.013014 0.01425 -0.006
v -0.013014 0.0155 -0.006
v -0.013639 0.0153325 -0.006
v -0.012389 0.0131675 -0.006
v -0.0119315 0.013625 -0.006
v -0.011764 0.01425 -0.006
v -0.0140965 0.013625 -0.006
v -0.013639 0.0131675 -0.006
v -0.013014 0.013 -0.006
v -0.0140965 0.014875 -0.006
v -0.014264 0.01425 -0.006
v -0.0317623 0.01725 -0.004
v -0.0324962 0.0171105 -0.004
v -0.0331276 0.0167115 -0.004
v -0.0335686 0.0161086 -0.004
v 0.00517414 0.01725 -0.004
v -0.017514 0.01525 0.00125
v -0.018014 0.015116 0.00125
v -0.01838 0.01475 0.00125
v -0.018514 0.01425 0.00125
v -0.01838 0.01375 0.00125
v -0.018014 0.013384 0.00125
v -0.017514 0.01325 0.00125
v -0.017014 0.013384 0.00125
v -0.016648 0.01375 0.00125
v -0.016514 0.01425 0.00125
v -0.016648 0.01475 0.00125
v -0.017014 0.015116 0.00125
v -0.0191178 0.01725 0.0008
v -0.0317623 0.01725 0.0008
v -0.0329396 0.01755 0.0005
v -0.0327664 0.01725 0.0008
v -0.0328084 0.0172545 0.00079552
v -0.0329648 0.0174749 0.00057508
v -0.0189625 0.017324 0.00072599
v -0.0190318 0.0172694 0.00078055
v -0.0189234 0.0174031 0.00064693
v -0.0190737 0.0172549 0.00079508
v -0.0189221 0.0174913 0.00055874
v -0.0189446 0.01755 0.0005
v -0.0328486 0.0172677 0.0007823
v -0.0329163 0.0173177 0.00073232
v -0.0329575 0.0173911 0.00065891
v -0.0327664 0.01725 0.0015
v -0.0317623 0.01725 0.0015
v -0.0335686 0.0161086 0.0015
v -0.0331276 0.0167115 0.0015
v -0.0324962 0.0171105 0.0015
v -0.0355408 0.0110413 -0.004
v -0.0344943 0.0139959 -0.004
v -0.0341574 0.0148065 0.0015
v -0.0344943 0.0139959 0.0015
v -0.0326386 0.01125 0.0008
v -0.0326386 0.01125 0.0015
v -0.0335768 0.0114837 0.0015
v -0.0326386 0.01125 -0.004
v -0.0335768 0.0114837 -0.004
v -0.0342957 0.0121301 0.0015
v -0.0342957 0.0121301 -0.004
v -0.0346274 0.0130383 0.0015
v -0.0346274 0.0130383 -0.004
v 0.00771275 0.0110413 -0.004
v 0.00764787 0.01125 -0.004
v 0.00517414 0.01725 -0.0005
v 0.00574643 0.0160964 -0.0005
v 0.00685934 0.0135058 -0.0005
v 0.00764787 0.01125 -0.0005
v 0.00630507 0.014796 -0.0005
v -0.013014 0.0155 0.0015
v -0.013639 0.0153325 0.0015
v -0.0140965 0.014875 0.0015
v -0.014264 0.01425 0.0015
v -0.0140965 0.013625 0.0015
v -0.013639 0.0131675 0.0015
v -0.013014 0.013 0.0015
v -0.012389 0.0131675 0.0015
v -0.0119315 0.013625 0.0015
v -0.011764 0.01425 0.0015
v -0.0119315 0.014875 0.0015
v -0.012389 0.0153325 0.0015
v -0.0191178 0.01725 0.0015
v -0.0187446 0.01725 0.0015
v 0.00290477 0.01725 0.0015
v 0.00303221 0.01725 0.00149689
v 0.00365989 0.01725 0.00138727
v 0.00369413 0.01725 0.00137595
v 0.00375586 0.01725 0.00135552
v 0.00429975 0.01725 0.00108041
v 0.00435296 0.01725 0.00104282
v 0.0044989 0.01725 0.00090281
v 0.00476917 0.01725 0.00064354
v 0.00480923 0.01725 0.00059085
v 0.00502454 0.01725 0.00018792
v 0.00506807 0.01725 0.00010645
v 0.0050941 0.01725 2.841E-05
v 0.00563477 0.0160434 0.00019223
v 0.0039398 0.0152385 0.0015
v 0.00554562 0.01125 0.0015
v 0.0061046 0.01125 0.00142832
v 0.0056392 0.0130351 0.00137638
v 0.00456511 0.0155354 0.00137638
v 0.00499335 0.012786 0.0015
v 0.00521728 0.0158451 0.00091421
v 0.006744 0.0134613 0.00019223
v 0.00756788 0.01125 4.717E-05
v 0.00753798 0.01125 0.00013898
v 0.00751167 0.01125 0.0001891
v 0.00680985 0.01125 0.00109897
v 0.00701884 0.01125 0.00090045
v 0.0063128 0.013295 0.00091421
v 0.00722388 0.01125 0.00070568
v 0.007278 0.01125 0.00063419
v 0.00620672 0.01125 0.00139895
v 0.00627063 0.01125 0.00136883
v 0.00673528 0.01125 0.00114991
v -0.018409 0.0151226 0.0015
v -0.0185965 0.014875 0.0015
v -0.018764 0.01425 0.0015
v -0.0187616 0.0141731 0.0015
v -0.0185965 0.013625 0.0015
v -0.018139 0.0131675 0.0015
v -0.017514 0.013 0.0015
v -0.016889 0.0131675 0.0015
v -0.0164315 0.013625 0.0015
v -0.016264 0.01425 0.0015
v -0.0164315 0.014875 0.0015
v -0.016889 0.0153325 0.0015
v -0.017514 0.0155 0.0015
v -0.018139 0.0153325 0.0015
v -0.0328486 0.0172677 0.0015
v -0.0329163 0.0173177 0.0015
v -0.0329575 0.0173911 0.0015
v -0.0329648 0.0174749 0.0015
v -0.032937 0.0175543 0.0015
v -0.032937 0.0175543 0.0005
v -0.0189221 0.0174913 0.0015
v -0.0189589 0.0175714 0.0015
v -0.0188251 0.0173815 0.0015
v -0.0190318 0.0172694 0.0015
v -0.0189625 0.017324 0.0015
v -0.0189234 0.0174031 0.0015
v -0.0189589 0.0175714 0.0005
v -0.0324631 0.0181204 0.0005
v -0.0316914 0.0185873 0.0005
v -0.0308042 0.01875 0.0005
v -0.0213427 0.01875 0.0005
v -0.0199099 0.0183858 0.0005
v -0.0355759 0.01125 0.0015
v -0.0330188 0.01741 0.0015
v -0.0345102 0.0142034 0.0015
v -0.0355759 0.01125 0.0008
v -0.0200699 0.01125 0.0008
v -0.0200699 0.01125 0.0015
v -0.0183516 0.015981 0.0015
v -0.0186044 0.0145245 0.0015
v -0.0213467 0.00839723 0.0075
v -0.0222595 0.00880574 0.0085
v -0.0253872 -0.00063054 0.0075
v -0.0263 -0.00022203 0.0085
v -0.0292605 -0.00872674 0.0101331
v -0.0293801 -0.00907006 0.0103377
v -0.0291555 -0.00884552 0.00969001
v -0.0262165 -0.00248326 0.0075771
v -0.0270286 -0.00231522 0.00857668
v -0.0265659 -0.0032641 0.00765711
v -0.0272355 -0.00290951 0.00862777
v -0.02659 -0.00331776 0.00766592
v -0.0272486 -0.00294693 0.00863099
v -0.0276335 -0.00405288 0.00878115
v -0.027295 -0.00489308 0.00792441
v -0.0278831 -0.00476979 0.0088785
v -0.0277049 -0.00580886 0.00814866
v -0.0281028 -0.00540078 0.00900415
v -0.0277908 -0.00600076 0.00819565
v -0.0281883 -0.00564657 0.00905309
v -0.0283185 -0.00717995 0.00858569
v -0.0289399 -0.00780573 0.00970202
v -0.0285811 -0.00677503 0.0093455
v -0.0287684 -0.00731306 0.0095316
v -0.0286497 -0.00791987 0.00891684
v -0.0288382 -0.00751351 0.00960094
v -0.0288015 -0.00825913 0.00906868
v -0.0289898 -0.00867983 0.00930345
v -0.0358 0.0101466 0.00648502
v -0.0357734 0.01051 0.00584469
v -0.0357734 0.01051 0.0053
v -0.0356929 0.0108706 0.0053
v -0.0356929 0.0108706 0.00089286
v -0.0358 0.0101466 0.001
v -0.0222963 0.00928191 0.0085
v -0.0224771 0.00944929 0.0085
v -0.0222173 0.0090485 0.0085
v -0.0227159 0.00951 0.0085
v -0.0263 0.00951 0.0085
v -0.0212203 0.0091255 0.0075
v -0.0214571 0.00982573 0.0075
v -0.0219995 0.0103279 0.0075
v -0.0227159 0.01051 0.0075
v -0.0330188 0.01741 0.0053
v -0.0324631 0.0181204 0.0053
v -0.0316914 0.0185873 0.0053
v -0.0308042 0.01875 0.0053
v -0.0213427 0.01875 0.0053
v -0.0199099 0.0183858 0.0053
v -0.0188251 0.0173815 0.0053
v -0.0183516 0.015981 0.0053
v -0.0186044 0.0145245 0.0053
v -0.0355816 0.0112316 0.00078163
v -0.0345102 0.0142034 0.0053
v -0.0358 0.01001 0.0168105
v -0.0358 -0.00999 0.0168105
v -0.0354763 -0.00999 0.0192693
v -0.0354763 0.01001 0.0192693
v -0.0345272 -0.00999 0.0215605
v -0.0345272 0.01001 0.0215605
v -0.0314689 0.01001 0.0268577
v -0.0314689 -0.00999 0.0268577
v -0.0298 -0.00949 0.0168105
v -0.0298 -0.00949 0.012
v -0.0298 0.00951 0.0168105
v -0.0298 0.00951 0.012
v -0.0295336 -0.00922358 0.0106606
v -0.0295336 0.00951 0.0106606
v -0.0297327 -0.00942275 0.0113172
v -0.0276394 0.00951 0.00876642
v -0.0287749 0.00951 0.00952513
v -0.0353 0.01095 0.0005
v -0.0353 -0.01049 0.0005
v -0.0358 -0.00999 0.001
v -0.0202042 0.01095 0.0005
v -0.0289898 -0.00867983 0.0005
v -0.0213467 0.00839723 0.0053
v -0.0358 0.0101341 0.00652211
v -0.0358 0.01001 0.0073
v -0.031 -0.00999 0.0286077
v -0.031 0.01001 0.0286077
v -0.0311193 -0.00999 0.0277018
v -0.0311193 0.01001 0.0277018
v -0.0354045 0.01051 0.00664518
v -0.0353 0.01051 0.0073
v -0.0353 0.01051 0.0168105
v -0.0349933 0.01051 0.0191399
v -0.0340942 0.01051 0.0213105
v -0.0310359 0.01051 0.0266077
v -0.0305 0.01051 0.0286077
v -0.0306363 0.01051 0.0275724
v -0.0305 0.01051 0.044
v -0.031 0.01001 0.044
v -0.0308 0.01051 0.0168105
v -0.0296807 0.00951 0.0177164
v -0.0306467 0.01051 0.0179752
v -0.0293311 0.00951 0.0185605
v -0.0301971 0.01051 0.0190605
v -0.0308 0.01051 0.012
v -0.0263 0.01051 0.0075
v -0.0280221 0.01051 0.00784254
v -0.029482 0.01051 0.00881802
v -0.0304575 0.01051 0.0102779
v -0.0212203 0.0091255 0.0053
v -0.0214571 0.00982573 0.0053
v -0.0219995 0.0103279 0.0053
v -0.0227159 0.01051 0.0053
v -0.0263349 0.01051 0.02575
v -0.0254689 0.00951 0.02525
v -0.0293311 -0.00949 0.0185605
v -0.0296807 -0.00949 0.0177164
v -0.0340942 -0.01049 0.0213105
v -0.0349933 -0.01049 0.0191399
v -0.0353 -0.01049 0.0168105
v -0.0310359 -0.01049 0.0266077
v -0.0306363 -0.01049 0.0275724
v -0.0305 -0.01049 0.0286077
v -0.0305 -0.01049 0.044
v -0.031 -0.00999 0.044
v -0.0254689 -0.00949 0.02525
v -0.0301971 -0.01049 0.0190605
v -0.0263349 -0.01049 0.02575
v -0.0306467 -0.01049 0.0179752
v -0.0308 -0.01049 0.0168105
v -0.0308 -0.01049 0.0005
v -0.031 -0.00749 0.0465
v -0.031 0.00751 0.0465
v -0.031 -0.0097997 0.0449567
v -0.031 -0.00925777 0.0457678
v -0.031 0.00846671 0.0463097
v -0.031 0.00927777 0.0457678
v -0.031 0.0098197 0.0449567
v -0.031 -0.00844671 0.0463097
v -0.0305 0.00751 0.047
v -0.0305 0.00865805 0.0467716
v -0.0305 0.00963132 0.0461213
v -0.0305 0.0102816 0.0451481
v -0.026 0.01051 0.044
v -0.026 0.01051 0.027
v -0.0260852 0.01051 0.026353
v -0.025 0.00951 0.027
v -0.0251193 0.00951 0.0260941
v -0.0251193 -0.00949 0.0260941
v -0.0260852 -0.01049 0.026353
v -0.025 -0.00949 0.027
v -0.026 -0.01049 0.027
v -0.0305 -0.0102616 0.0451481
v -0.0305 -0.00961132 0.0461213
v -0.0305 -0.00863805 0.0467716
v -0.0305 -0.00749 0.047
v -0.026 -0.01049 0.044
v -0.0259424 0.0104524 0.0445853
v -0.0257716 0.0102816 0.0451481
v -0.0251213 0.00963132 0.0461213
v -0.025 0.00951 0.0462361
v -0.025 0.00865805 0.0467716
v -0.025 0.00751 0.047
v -0.025 -0.00949 0.0462361
v -0.0251213 -0.00961132 0.0461213
v -0.0259424 -0.0104324 0.0445853
v -0.0257716 -0.0102616 0.0451481
v -0.025 -0.00863805 0.0467716
v -0.025 -0.00749 0.047
vn 0.44962 0.22916 0.86332
vn 0.49844 0.07889 0.86332
vn 0.07889 0.49844 0.86333
vn 0.22916 0.44962 0.86332
vn 0.31713 0.38738 0.86566
vn -0.15227 0.47624 0.86603
vn -0.44962 0.22916 0.86332
vn -0.35684 0.35685 0.86332
vn -0.22916 0.44962 0.86332
vn -0.44962 -0.22916 0.86332
vn -0.49844 -0.0789 0.86333
vn -0.49924 0.055 0.86472
vn -0.07889 -0.49844 0.86333
vn -0.22916 -0.44962 0.86332
vn -0.31713 -0.38738 0.86566
vn 0.15114 -0.47661 0.86602
vn 0.44962 -0.22916 0.86332
vn 0.35684 -0.35685 0.86332
vn 0.22916 -0.44962 0.86332
vn 0.49924 -0.05499 0.86471
vn 0.48273 -0.13185 0.86579
vn 0.07637 -0.49854 0.8635
vn -0.3746 -0.334 0.86494
vn -0.48273 0.13184 0.86579
vn -0.07635 0.49854 0.8635
vn 0.3746 0.334 0.86494
vn 0 0 1
vn -0.29937 0.95414 0
vn -0.29945 0.95411 -0.0001
vn -0.29929 0.95416 0
vn 0.67657 0.73638 0
vn 0.6766 0.73635 3E-05
vn 0.67664 0.73632 0
vn 0.97601 -0.21773 0
vn 0.97601 -0.21774 1E-05
vn 0.97601 -0.21772 0
vn 0.29933 -0.95415 0
vn 0.29937 -0.95414 -2E-05
vn 0.29941 -0.95412 0
vn -0.67657 -0.73638 0
vn -0.6766 -0.73635 3E-05
vn -0.67664 -0.73632 0
vn -0.97601 0.21773 0
vn -0.976 0.21775 2E-05
vn -0.97601 0.21772 0
vn -0.12862 -0.12048 0.98435
vn -0.14508 -0.09997 0.98436
vn -0.14518 -0.10002 0.98434
vn -0.15848 -0.07727 0.98433
vn -0.15852 -0.07728 0.98433
vn -0.16827 -0.05282 0.98432
vn -0.16834 -0.05283 0.98431
vn -0.17434 -0.02715 0.98431
vn -0.17428 -0.02715 0.98432
vn -0.17642 -0.00082 0.98432
vn -0.17621 -0.00084 0.98435
vn -0.17434 0.02538 0.98436
vn -0.17433 0.02538 0.98436
vn -0.1686 0.05109 0.98436
vn -0.16875 0.05116 0.98433
vn -0.15925 0.07575 0.98433
vn -0.15918 0.0757 0.98434
vn -0.14612 0.09862 0.98434
vn -0.14594 0.09846 0.98438
vn -0.12965 0.1191 0.98438
vn -0.12975 0.11922 0.98435
vn -0.11052 0.13723 0.98435
vn -0.11043 0.13709 0.98438
vn -0.08878 0.15201 0.98438
vn -0.08879 0.15204 0.98438
vn -0.06512 0.1636 0.98438
vn -0.06513 0.16361 0.98437
vn -0.04001 0.17146 0.98438
vn -0.04003 0.1717 0.98434
vn -0.01406 0.1757 0.98434
vn -0.01406 0.17576 0.98433
vn 0.01234 0.17586 0.98434
vn 0.01231 0.17575 0.98436
vn 0.03837 0.17199 0.98435
vn 0.03835 0.17194 0.98436
vn 0.06354 0.16429 0.98436
vn 0.06356 0.16433 0.98436
vn 0.08739 0.153 0.98435
vn 0.08724 0.15282 0.9844
vn 0.10903 0.1381 0.9844
vn 0.109 0.13807 0.98441
vn 0.12835 0.12029 0.98441
vn 0.12862 0.12048 0.98435
vn 0.14508 0.09997 0.98436
vn 0.14518 0.10002 0.98434
vn 0.15848 0.07727 0.98433
vn 0.15852 0.07728 0.98433
vn 0.16826 0.05282 0.98433
vn 0.16833 0.05283 0.98431
vn 0.17433 0.02715 0.98431
vn 0.17429 0.02715 0.98432
vn 0.17642 0.00082 0.98431
vn 0.17621 0.00084 0.98435
vn 0.17434 -0.02538 0.98436
vn 0.17432 -0.02538 0.98436
vn 0.16858 -0.05109 0.98436
vn 0.16876 -0.05117 0.98433
vn 0.15926 -0.07575 0.98433
vn 0.15918 -0.0757 0.98434
vn 0.14612 -0.09862 0.98434
vn 0.14594 -0.09846 0.98438
vn 0.12966 -0.1191 0.98438
vn 0.12976 -0.11922 0.98435
vn 0.11052 -0.13724 0.98435
vn 0.11043 -0.13708 0.98438
vn 0.08878 -0.15201 0.98438
vn 0.08879 -0.15204 0.98438
vn 0.06512 -0.1636 0.98438
vn 0.06513 -0.16361 0.98437
vn 0.04001 -0.17146 0.98438
vn 0.04003 -0.1717 0.98434
vn 0.01406 -0.1757 0.98434
vn 0.01406 -0.17576 0.98433
vn -0.01234 -0.17586 0.98434
vn -0.01232 -0.17575 0.98436
vn -0.03837 -0.172 0.98435
vn -0.03835 -0.17194 0.98436
vn -0.06354 -0.16429 0.98436
vn -0.06356 -0.16433 0.98436
vn -0.08738 -0.153 0.98436
vn -0.08724 -0.15282 0.9844
vn -0.10904 -0.13811 0.9844
vn -0.10901 -0.13808 0.9844
vn -0.12836 -0.1203 0.9844
vn -0.88883 0.42281 0.17665
vn -0.942 0.28543 0.17656
vn -0.94228 0.28581 0.1744
vn -0.97428 0.14267 0.17443
vn -0.97432 0.14184 0.17485
vn -0.88877 0.42287 0.17684
vn -0.88928 0.42277 0.17448
vn -0.81624 0.5507 0.17456
vn -0.81612 0.55073 0.17506
vn -0.81627 0.55013 0.17624
vn -0.72496 0.66584 0.17632
vn -0.72506 0.66636 0.17395
vn -0.49651 0.85003 0.17586
vn -0.49625 0.85001 0.1767
vn -0.61724 0.76668 0.17669
vn -0.6177 0.7668 0.17452
vn -0.61824 0.76651 0.17392
vn -0.07781 0.98131 0.176
vn -0.2239 0.9586 0.17592
vn -0.22379 0.95887 0.1746
vn -0.36324 0.91517 0.17471
vn -0.36412 0.91473 0.1752
vn -0.36415 0.91475 0.17501
vn -0.4964 0.85024 0.17514
vn -0.0786 0.98159 0.17406
vn -0.07835 0.98131 0.17578
vn 0.06897 0.98199 0.1759
vn 0.06874 0.98226 0.17449
vn 0.06811 0.98208 0.17575
vn 0.21437 0.96083 0.17564
vn 0.2147 0.96112 0.17367
vn 0.48819 0.855 0.17506
vn 0.4883 0.85476 0.17592
vn 0.35522 0.91808 0.17591
vn 0.35512 0.91845 0.1742
vn 0.35451 0.91881 0.1735
vn 0.81072 0.55872 0.17484
vn 0.71849 0.67321 0.17484
vn 0.71838 0.6732 0.17533
vn 0.6094 0.77326 0.17522
vn 0.61008 0.77282 0.1748
vn 0.61008 0.77262 0.17568
vn 0.48799 0.85499 0.17567
vn 0.81076 0.55845 0.17548
vn 0.81076 0.55845 0.17547
vn 0.8849 0.4315 0.1754
vn 0.88495 0.43166 0.17472
vn 0.8846 0.432 0.17566
vn 0.93934 0.29469 0.17547
vn 0.9395 0.29464 0.17475
vn 0.98453 0.0048 0.17512
vn 0.98431 0.00449 0.17638
vn 0.97258 0.15136 0.17655
vn 0.97282 0.1516 0.17504
vn 0.97283 0.15189 0.17476
vn 0.88884 -0.42282 0.17662
vn 0.942 -0.28543 0.17653
vn 0.94229 -0.28581 0.17436
vn 0.97427 -0.14274 0.1744
vn 0.97432 -0.14183 0.17485
vn 0.97408 -0.14198 0.17612
vn 0.98433 0.00512 0.17626
vn 0.88905 -0.42264 0.17598
vn 0.88901 -0.42264 0.17615
vn 0.81586 -0.55078 0.17609
vn 0.81612 -0.55073 0.17506
vn 0.81626 -0.55015 0.17621
vn 0.72496 -0.66585 0.1763
vn 0.72506 -0.66635 0.17396
vn 0.49652 -0.85003 0.17584
vn 0.49625 -0.85 0.17672
vn 0.61723 -0.76668 0.17672
vn 0.61769 -0.7668 0.17457
vn 0.61826 -0.76649 0.17392
vn 0.07781 -0.98131 0.17598
vn 0.22391 -0.95861 0.1759
vn 0.22379 -0.95887 0.1746
vn 0.36324 -0.91517 0.17471
vn 0.36411 -0.91473 0.1752
vn 0.36416 -0.91475 0.17498
vn 0.4964 -0.85025 0.17511
vn 0.0786 -0.9816 0.17404
vn 0.07835 -0.98131 0.17578
vn -0.06897 -0.98199 0.1759
vn -0.06874 -0.98226 0.17446
vn -0.0681 -0.98208 0.17573
vn -0.21437 -0.96083 0.17563
vn -0.2147 -0.96112 0.17365
vn -0.4882 -0.855 0.17503
vn -0.4883 -0.85476 0.17589
vn -0.35522 -0.91809 0.17589
vn -0.35512 -0.91845 0.17419
vn -0.35451 -0.91882 0.17349
vn -0.81072 -0.55871 0.17487
vn -0.71848 -0.67321 0.17486
vn -0.71838 -0.6732 0.17531
vn -0.60941 -0.77326 0.17519
vn -0.61008 -0.77282 0.17479
vn -0.61008 -0.77262 0.17568
vn -0.48799 -0.85499 0.17567
vn -0.81076 -0.55846 0.17546
vn -0.81076 -0.55844 0.17552
vn -0.88489 -0.43149 0.17546
vn -0.88494 -0.43166 0.17478
vn -0.8846 -0.43198 0.17569
vn -0.93934 -0.29469 0.1755
vn -0.93948 -0.29464 0.17482
vn -0.97408 0.14198 0.17612
vn -0.98368 0.0343 0.1766
vn -0.95069 -0.00465 0.3101
vn -0.98348 -0.03909 0.17677
vn -0.97258 -0.15136 0.17655
vn -0.97281 -0.15159 0.17512
vn -0.97281 -0.15189 0.17482
vn -0.61498 -0.57629 0.53823
vn -0.61488 -0.57612 0.53852
vn -0.69396 -0.478 0.53846
vn -0.69447 -0.47862 0.53725
vn -0.758 -0.36974 0.53734
vn -0.75772 -0.36948 0.5379
vn -0.80434 -0.25233 0.53793
vn -0.80456 -0.25248 0.53753
vn -0.83325 -0.12968 0.53747
vn -0.83331 -0.12971 0.53738
vn -0.84327 -0.00412 0.53747
vn -0.84345 -0.00418 0.53719
vn -0.83468 0.12151 0.53717
vn -0.83366 0.12165 0.53871
vn -0.80629 0.24456 0.5386
vn -0.80687 0.24457 0.53773
vn -0.76144 0.36199 0.53774
vn -0.76123 0.36196 0.53807
vn -0.69868 0.47148 0.5381
vn -0.69906 0.4716 0.5375
vn -0.6211 0.57046 0.53741
vn -0.6207 0.57026 0.53809
vn -0.52858 0.65655 0.53809
vn -0.52905 0.65688 0.53723
vn -0.42538 0.72827 0.53728
vn -0.4248 0.72772 0.53849
vn -0.31163 0.78288 0.53851
vn -0.31166 0.78292 0.53843
vn -0.19153 0.82063 0.53841
vn -0.1915 0.82058 0.5385
vn -0.06706 0.83991 0.53857
vn -0.06708 0.83995 0.5385
vn 0.05883 0.8406 0.53845
vn 0.05877 0.84087 0.53804
vn 0.18355 0.82269 0.53805
vn 0.18357 0.82242 0.53845
vn 0.30406 0.78585 0.53851
vn 0.30408 0.78614 0.53807
vn 0.41794 0.73197 0.53809
vn 0.41807 0.73252 0.53725
vn 0.52264 0.66205 0.53716
vn 0.52234 0.66131 0.53836
vn 0.61499 0.57631 0.5382
vn 0.61488 0.57612 0.53852
vn 0.69396 0.478 0.53846
vn 0.69447 0.47862 0.53725
vn 0.758 0.36974 0.53734
vn 0.75772 0.36948 0.5379
vn 0.80434 0.25233 0.53793
vn 0.80396 0.25209 0.5386
vn 0.83256 0.12957 0.53858
vn 0.83328 0.12991 0.53737
vn 0.84327 0.00412 0.53747
vn 0.84345 0.00417 0.53719
vn 0.83468 -0.1215 0.53717
vn 0.83365 -0.12165 0.53873
vn 0.80628 -0.24455 0.53862
vn 0.80686 -0.24456 0.53775
vn 0.76143 -0.36199 0.53776
vn 0.76121 -0.36196 0.53809
vn 0.69867 -0.47148 0.53811
vn 0.69905 -0.47159 0.53752
vn 0.62109 -0.57045 0.53743
vn 0.62069 -0.57025 0.5381
vn 0.52857 -0.65655 0.5381
vn 0.52906 -0.65689 0.53721
vn 0.4254 -0.72828 0.53727
vn 0.42479 -0.7277 0.53852
vn 0.31162 -0.78286 0.53854
vn 0.31167 -0.78292 0.53843
vn 0.19153 -0.82063 0.53841
vn 0.1915 -0.82057 0.53851
vn 0.06706 -0.83991 0.53857
vn 0.06708 -0.83996 0.53849
vn -0.05882 -0.84061 0.53844
vn -0.05877 -0.84087 0.53804
vn -0.18355 -0.82269 0.53805
vn -0.18357 -0.82241 0.53846
vn -0.30405 -0.78584 0.53852
vn -0.30408 -0.78614 0.53807
vn -0.41795 -0.73197 0.53809
vn -0.41808 -0.73252 0.53724
vn -0.52264 -0.66206 0.53715
vn -0.52234 -0.6613 0.53837
vn -0.39459 -0.36972 0.8412
vn -0.39438 -0.36943 0.84142
vn -0.44501 -0.3067 0.84137
vn -0.44466 -0.30635 0.84168
vn -0.48533 -0.23666 0.8417
vn -0.48511 -0.23649 0.84187
vn -0.51487 -0.16157 0.84191
vn -0.51497 -0.16163 0.84183
vn -0.5333 -0.08301 0.84184
vn -0.53362 -0.08312 0.84163
vn -0.54003 -0.00267 0.84164
vn -0.53958 -0.00259 0.84193
vn -0.53393 0.07791 0.84193
vn -0.53486 0.07787 0.84134
vn -0.51724 0.15678 0.84136
vn -0.51703 0.15676 0.84149
vn -0.48796 0.23202 0.84147
vn -0.48782 0.23198 0.84155
vn -0.44775 0.30206 0.8416
vn -0.44764 0.30202 0.84166
vn -0.39762 0.36531 0.84169
vn -0.39753 0.36526 0.84176
vn -0.33867 0.4205 0.84172
vn -0.3389 0.4207 0.84152
vn -0.27233 0.46653 0.84154
vn -0.27268 0.46693 0.8412
vn -0.19999 0.50238 0.8412
vn -0.19994 0.50231 0.84125
vn -0.12287 0.52651 0.84124
vn -0.12264 0.52599 0.8416
vn -0.043 0.53846 0.84155
vn -0.04309 0.53878 0.84134
vn 0.03769 0.53922 0.84132
vn 0.03775 0.5387 0.84165
vn 0.11762 0.52697 0.84171
vn 0.11763 0.52738 0.84145
vn 0.19493 0.50395 0.84145
vn 0.19493 0.50394 0.84146
vn 0.26786 0.46932 0.84142
vn 0.26775 0.46901 0.84163
vn 0.33474 0.4238 0.84163
vn 0.33507 0.42443 0.84118
vn 0.39459 0.36972 0.8412
vn 0.39438 0.36943 0.84142
vn 0.44501 0.3067 0.84137
vn 0.44466 0.30634 0.84169
vn 0.48532 0.23665 0.8417
vn 0.48511 0.2365 0.84187
vn 0.51491 0.16145 0.8419
vn 0.51561 0.16183 0.8414
vn 0.53395 0.08325 0.8414
vn 0.53359 0.08312 0.84165
vn 0.54 0.00267 0.84166
vn 0.53958 0.00259 0.84193
vn 0.53393 -0.07791 0.84193
vn 0.53489 -0.07787 0.84133
vn 0.51726 -0.15678 0.84134
vn 0.51702 -0.15676 0.8415
vn 0.48794 -0.23202 0.84148
vn 0.48783 -0.23199 0.84155
vn 0.44776 -0.30207 0.84159
vn 0.44764 -0.30202 0.84166
vn 0.39762 -0.36531 0.84169
vn 0.39753 -0.36525 0.84176
vn 0.33867 -0.4205 0.84172
vn 0.3389 -0.4207 0.84152
vn 0.27233 -0.46653 0.84154
vn 0.27269 -0.46694 0.84119
vn 0.19999 -0.50239 0.84119
vn 0.19994 -0.50231 0.84125
vn 0.12287 -0.52651 0.84125
vn 0.12264 -0.52598 0.84161
vn 0.043 -0.53846 0.84156
vn 0.04309 -0.53878 0.84134
vn -0.03769 -0.53922 0.84132
vn -0.03775 -0.53869 0.84166
vn -0.11762 -0.52695 0.84172
vn -0.11763 -0.52738 0.84145
vn -0.19493 -0.50395 0.84145
vn -0.19492 -0.50394 0.84145
vn -0.26786 -0.46932 0.84142
vn -0.26775 -0.469 0.84164
vn -0.33474 -0.42379 0.84164
vn -0.33507 -0.42443 0.84118
vn -0.98954 0.14424 0.00067
vn -0.99451 0.10453 -0.00471
vn -0.98945 0.1449 0.00067
vn -0.95703 0.28998 -0.00077
vn -0.95102 0.30912 -0.00385
vn -0.82897 0.55929 0.00212
vn -0.86606 0.49991 -0.00528
vn -0.903 0.42964 0.00237
vn -0.90303 0.42957 0.00237
vn -0.82925 0.55888 0.00212
vn -0.73628 0.67667 -0.00367
vn -0.7431 0.66918 -0.00182
vn -0.62781 0.77837 0.00122
vn -0.62733 0.77875 0.00122
vn -0.58788 0.80894 -0.00499
vn -0.36986 0.92909 0.00068
vn -0.40668 0.91356 -0.0047
vn -0.50419 0.86359 0.00269
vn -0.50418 0.86359 0.00269
vn -0.36892 0.92946 0.00068
vn -0.22745 0.97379 -0.00076
vn -0.20788 0.97815 -0.00385
vn 0.07006 0.99754 0.00211
vn 0 0.99999 -0.0053
vn -0.07982 0.99681 0.0024
vn -0.07904 0.99687 0.0024
vn 0.06918 0.9976 0.00211
vn 0.21801 0.97594 -0.00369
vn 0.20788 0.97815 -0.00179
vn 0.35997 0.93296 0.00124
vn 0.36063 0.93271 0.00124
vn 0.40668 0.91356 -0.005
vn 0.61972 0.78482 0.00067
vn 0.58788 0.80894 -0.0047
vn 0.4957 0.86849 0.0027
vn 0.49604 0.8683 0.0027
vn 0.61897 0.78541 0.00067
vn 0.72973 0.68374 -0.00079
vn 0.7431 0.66917 -0.00383
vn 0.89883 0.43829 0.0021
vn 0.86606 0.49991 -0.00527
vn 0.82354 0.56725 0.00239
vn 0.8234 0.56746 0.00239
vn 0.89857 0.43882 0.0021
vn 0.95417 0.29924 -0.00369
vn 0.95102 0.30912 -0.0018
vn 0.98803 0.15427 0.00125
vn 0.98807 0.15398 0.00125
vn 0.99451 0.10453 -0.00499
vn 0.98954 -0.14423 0.00067
vn 0.99451 -0.10453 -0.00471
vn 0.99998 0.0052 0.0027
vn 0.99999 0.00457 0.0027
vn 0.98944 -0.14496 0.00067
vn 0.95703 -0.28998 -0.00077
vn 0.95102 -0.30912 -0.00385
vn 0.82881 -0.55952 0.00212
vn 0.86606 -0.49991 -0.00531
vn 0.90314 -0.42934 0.00237
vn 0.90303 -0.42957 0.00237
vn 0.82924 -0.55889 0.00212
vn 0.73628 -0.67667 -0.00367
vn 0.7431 -0.66918 -0.00182
vn 0.62783 -0.77835 0.00122
vn 0.62732 -0.77876 0.00122
vn 0.58788 -0.80894 -0.00499
vn 0.36986 -0.92909 0.00068
vn 0.40668 -0.91356 -0.0047
vn 0.50419 -0.86359 0.00269
vn 0.50418 -0.86359 0.00269
vn 0.36892 -0.92946 0.00068
vn 0.22745 -0.97379 -0.00076
vn 0.20788 -0.97815 -0.00385
vn -0.07007 -0.99754 0.00211
vn 0 -0.99999 -0.0053
vn 0.07982 -0.99681 0.0024
vn 0.07904 -0.99687 0.0024
vn -0.06918 -0.9976 0.00211
vn -0.21801 -0.97594 -0.00369
vn -0.20788 -0.97815 -0.00179
vn -0.35997 -0.93296 0.00124
vn -0.36063 -0.93271 0.00124
vn -0.40668 -0.91356 -0.00499
vn -0.61972 -0.78482 0.00067
vn -0.58788 -0.80894 -0.0047
vn -0.49569 -0.86849 0.0027
vn -0.49603 -0.8683 0.0027
vn -0.61898 -0.7854 0.00067
vn -0.72972 -0.68374 -0.00079
vn -0.7431 -0.66917 -0.00383
vn -0.89883 -0.43829 0.0021
vn -0.86606 -0.49991 -0.00527
vn -0.82354 -0.56726 0.00239
vn -0.8234 -0.56745 0.00239
vn -0.89858 -0.43881 0.0021
vn -0.95417 -0.29924 -0.00369
vn -0.95102 -0.30912 -0.0018
vn -0.98803 -0.15427 0.00125
vn -0.98808 -0.15397 0.00125
vn -0.99451 -0.10453 -0.00499
vn -0.99921 -0.03972 0
vn -0.99939 0.03485 0
vn 0 0 -1
vn -0.70352 -0.10121 -0.70343
vn -0.64652 -0.29531 -0.70342
vn -0.64649 -0.29511 -0.70353
vn -0.53705 -0.4654 -0.70355
vn -0.53705 -0.46546 -0.70351
vn -0.38429 -0.59783 -0.70351
vn -0.38422 -0.59798 -0.70341
vn -0.20029 -0.68198 -0.70341
vn -0.2003 -0.68197 -0.70342
vn 0 -0.71077 -0.70342
vn 0.20029 -0.68198 -0.70342
vn 0.2003 -0.68198 -0.70341
vn 0.38434 -0.59792 -0.7034
vn 0.38418 -0.59791 -0.7035
vn 0.53709 -0.46542 -0.7035
vn 0.53702 -0.46544 -0.70354
vn 0.64641 -0.29526 -0.70354
vn 0.64658 -0.29516 -0.70343
vn 0.70353 -0.10115 -0.70343
vn 0.70348 -0.10121 -0.70348
vn 0.70348 0.10114 -0.70348
vn 0.70352 0.10122 -0.70343
vn 0.64652 0.29531 -0.70342
vn 0.64649 0.29511 -0.70353
vn 0.53705 0.46539 -0.70355
vn 0.53705 0.46546 -0.70351
vn 0.38429 0.59783 -0.70351
vn 0.38422 0.59798 -0.70341
vn 0.20029 0.68198 -0.70341
vn 0.2003 0.68197 -0.70342
vn 0 0.71077 -0.70342
vn -0.20029 0.68197 -0.70342
vn -0.2003 0.68198 -0.70341
vn -0.38434 0.59792 -0.7034
vn -0.38418 0.59791 -0.7035
vn -0.53709 0.46542 -0.7035
vn -0.53702 0.46544 -0.70354
vn -0.64641 0.29526 -0.70354
vn -0.64658 0.29516 -0.70343
vn -0.70353 0.10115 -0.70343
vn -0.70348 0.10121 -0.70347
vn -0.70348 -0.10114 -0.70348
vn -0.18959 -0.00078 -0.98186
vn -0.17414 0.07211 -0.98208
vn -0.12713 0.12996 -0.98334
vn -0.06703 0.16861 -0.9834
vn 0.17414 -0.07211 -0.98208
vn 0.12714 -0.12996 -0.98334
vn 0.06703 -0.16861 -0.9834
vn -0.10009 -0.16694 -0.98087
vn -0.08909 -0.11841 -0.98896
vn -0.07981 -0.16579 -0.98293
vn -0.05154 -0.12049 -0.99138
vn -0.10026 -0.16683 -0.98087
vn -0.02724 -0.19071 -0.98127
vn -0.02715 -0.19072 -0.98127
vn -0.03712 -0.1442 -0.98885
vn -0.04586 -0.16283 -0.98559
vn -0.07234 -0.16852 -0.98304
vn -0.00201 -0.13022 -0.99148
vn -0.00989 -0.17622 -0.9843
vn 0.01913 -0.17505 -0.98437
vn 0.02073 -0.14648 -0.989
vn 0.04667 -0.18749 -0.98116
vn 0.06015 -0.1718 -0.98329
vn 0.04857 -0.12152 -0.9914
vn 0.04678 -0.18746 -0.98116
vn 0.08279 -0.14874 -0.9854
vn 0.07546 -0.12793 -0.98891
vn 0.11546 -0.15583 -0.98101
vn 0.1216 -0.13598 -0.98322
vn 0.09147 -0.09374 -0.99139
vn 0.11555 -0.15576 -0.98101
vn 0.13347 -0.10462 -0.98551
vn 0.12055 -0.0907 -0.98856
vn 0.16677 -0.09722 -0.98119
vn 0.17049 -0.08207 -0.98194
vn 0.11463 -0.04745 -0.99228
vn 0.16668 -0.09738 -0.98119
vn 0.15618 -0.04177 -0.98684
vn 0.14785 -0.03806 -0.98828
vn 0.1887 -0.02468 -0.98172
vn 0.19006 -0.01067 -0.98171
vn 0.12023 0.00072 -0.99275
vn 0.18874 -0.02437 -0.98172
vn 0.15561 0.02202 -0.98757
vn 0.15673 0.02201 -0.9874
vn 0.18959 0.00077 -0.98186
vn 0.17575 0.07625 -0.98148
vn 0.17573 0.07629 -0.98148
vn 0.13631 0.04773 -0.98952
vn 0.18041 0.05101 -0.98227
vn 0.1804 0.05105 -0.98227
vn 0.13162 0.07851 -0.98819
vn 0.13628 0.08039 -0.9874
vn 0.14706 0.11612 -0.98229
vn 0.14685 0.11641 -0.98228
vn 0.10804 0.09661 -0.98944
vn 0.12479 0.12407 -0.9844
vn 0.1103 0.13736 -0.98436
vn 0.08909 0.1184 -0.98896
vn 0.10009 0.16695 -0.98087
vn 0.07981 0.16579 -0.98293
vn 0.05154 0.12049 -0.99138
vn 0.10027 0.16684 -0.98087
vn 0.02724 0.19071 -0.98127
vn 0.02715 0.19072 -0.98127
vn 0.03712 0.1442 -0.98885
vn 0.04586 0.16283 -0.98559
vn 0.07234 0.16852 -0.98304
vn 0.00201 0.13022 -0.99148
vn 0.00989 0.17622 -0.9843
vn -0.01913 0.17505 -0.98437
vn -0.02073 0.14648 -0.989
vn -0.04667 0.18749 -0.98116
vn -0.06015 0.1718 -0.98329
vn -0.04857 0.12152 -0.9914
vn -0.04678 0.18746 -0.98116
vn -0.08279 0.14874 -0.9854
vn -0.07546 0.12793 -0.98891
vn -0.11546 0.15583 -0.98101
vn -0.1216 0.13598 -0.98322
vn -0.09147 0.09374 -0.99139
vn -0.11555 0.15576 -0.98101
vn -0.13347 0.10462 -0.98552
vn -0.12055 0.09071 -0.98856
vn -0.16678 0.09723 -0.98119
vn -0.17049 0.08207 -0.98194
vn -0.11463 0.04745 -0.99228
vn -0.16668 0.09739 -0.98119
vn -0.15618 0.04177 -0.98684
vn -0.14785 0.03806 -0.98828
vn -0.18869 0.02467 -0.98173
vn -0.19006 0.01067 -0.98171
vn -0.12022 -0.00072 -0.99275
vn -0.18874 0.02437 -0.98173
vn -0.15674 -0.02201 -0.9874
vn -0.15561 -0.02202 -0.98757
vn -0.1804 -0.05104 -0.98227
vn -0.1804 -0.05101 -0.98227
vn -0.13632 -0.04773 -0.98951
vn -0.17574 -0.07629 -0.98148
vn -0.13627 -0.08038 -0.9874
vn -0.13162 -0.07851 -0.98819
vn -0.17576 -0.07625 -0.98148
vn -0.1103 -0.13736 -0.98436
vn -0.12479 -0.12407 -0.9844
vn -0.10803 -0.0966 -0.98944
vn -0.14684 -0.1164 -0.98229
vn -0.14705 -0.11611 -0.98229
vn -0.99702 0.07709 0.00364
vn -0.98308 0.05502 -0.17469
vn -0.9536 0.24539 -0.17444
vn -0.95383 0.24579 -0.17261
vn -0.95308 0.24668 -0.17546
vn -0.88706 0.42686 -0.17584
vn -0.88717 0.42684 -0.17529
vn -0.50013 0.84788 -0.17596
vn -0.656 0.73392 -0.17616
vn -0.65619 0.73388 -0.17557
vn -0.65622 0.7337 -0.17626
vn -0.78666 0.59166 -0.17636
vn -0.78686 0.59225 -0.17345
vn -0.78763 0.59072 -0.17521
vn -0.32549 0.92946 -0.17369
vn -0.32928 0.92789 -0.17489
vn -0.50035 0.84799 -0.17482
vn -0.13777 0.97506 -0.17398
vn -0.1379 0.97494 -0.17458
vn -0.32539 0.92938 -0.17427
vn 0.24571 0.95351 -0.17446
vn 0.05853 0.98287 -0.17477
vn 0.05504 0.98337 -0.17306
vn 0.05507 0.98341 -0.17284
vn -0.13801 0.97519 -0.17306
vn 0.4269 0.88716 -0.17523
vn 0.42671 0.88714 -0.17579
vn 0.24578 0.95333 -0.17538
vn 0.84794 0.50002 -0.17598
vn 0.7338 0.65613 -0.17618
vn 0.73379 0.65611 -0.17626
vn 0.59205 0.78637 -0.17637
vn 0.59172 0.78674 -0.17577
vn 0.59184 0.78678 -0.17522
vn 0.42691 0.88713 -0.17534
vn 0.8476 0.50026 -0.17697
vn 0.84806 0.50023 -0.17479
vn 0.92922 0.32558 -0.1748
vn 0.92944 0.32548 -0.1738
vn 0.92944 0.32524 -0.17424
vn 0.97496 0.13776 -0.17455
vn 0.97519 0.13797 -0.17312
vn 0.78762 -0.59071 -0.17525
vn 0.88716 -0.42685 -0.17534
vn 0.88707 -0.42686 -0.1758
vn 0.9531 -0.24664 -0.17541
vn 0.95382 -0.24579 -0.17266
vn 0.9536 -0.2454 -0.17444
vn 0.98308 -0.05502 -0.17469
vn 0.98307 -0.05502 -0.17476
vn 0.98335 -0.05609 -0.17287
vn 0.78686 -0.59224 -0.1735
vn 0.78666 -0.59166 -0.17636
vn 0.65622 -0.7337 -0.17626
vn 0.65619 -0.73388 -0.17557
vn 0.656 -0.73392 -0.17616
vn 0.50013 -0.84788 -0.17596
vn 0.50035 -0.84799 -0.17482
vn 0.32928 -0.92789 -0.17489
vn 0.32549 -0.92946 -0.17369
vn 0.32539 -0.92938 -0.17427
vn 0.1379 -0.97494 -0.17458
vn 0.13777 -0.97506 -0.17398
vn 0.13801 -0.97519 -0.17306
vn -0.05507 -0.98341 -0.17284
vn -0.05504 -0.98337 -0.17306
vn -0.05853 -0.98287 -0.17477
vn -0.24571 -0.95351 -0.17446
vn -0.24578 -0.95333 -0.17538
vn -0.42671 -0.88714 -0.17579
vn -0.4269 -0.88716 -0.17523
vn -0.42691 -0.88713 -0.17534
vn -0.59184 -0.78678 -0.17522
vn -0.59172 -0.78674 -0.17577
vn -0.59205 -0.78637 -0.17637
vn -0.73379 -0.65611 -0.17626
vn -0.7338 -0.65613 -0.17618
vn -0.98459 -0.0202 -0.1737
vn -0.9752 -0.13797 -0.17306
vn -0.97496 -0.13775 -0.1746
vn -0.92943 -0.32524 -0.1743
vn -0.92943 -0.32548 -0.17385
vn -0.9292 -0.32558 -0.1749
vn -0.84805 -0.50023 -0.17488
vn -0.8476 -0.50026 -0.17695
vn -0.84794 -0.50002 -0.17598
vn 0.40333 0.36067 -0.84098
vn 0.32518 0.43238 -0.84101
vn 0.32484 0.4317 -0.84149
vn 0.23444 0.48672 -0.84151
vn 0.23466 0.48749 -0.841
vn 0.135 0.52394 -0.84099
vn 0.13507 0.52474 -0.84048
vn 0.03018 0.54096 -0.84051
vn 0.03031 0.53985 -0.84121
vn -0.07553 0.53523 -0.84132
vn -0.07594 0.53651 -0.84047
vn -0.17915 0.51142 -0.84045
vn -0.17893 0.51101 -0.84074
vn -0.27521 0.46626 -0.84075
vn -0.27461 0.46555 -0.84134
vn -0.36028 0.40302 -0.8413
vn -0.36067 0.40333 -0.84098
vn -0.43238 0.32519 -0.84101
vn -0.43172 0.32485 -0.84148
vn -0.48673 0.23445 -0.8415
vn -0.48751 0.23467 -0.84099
vn -0.52396 0.135 -0.84098
vn -0.52475 0.13507 -0.84047
vn -0.54097 0.03019 -0.8405
vn -0.53987 0.03031 -0.8412
vn -0.53525 -0.07554 -0.84131
vn -0.53651 -0.07594 -0.84047
vn -0.51143 -0.17915 -0.84045
vn -0.51101 -0.17892 -0.84075
vn -0.46626 -0.2752 -0.84075
vn -0.46557 -0.27463 -0.84132
vn -0.40303 -0.3603 -0.84128
vn -0.40331 -0.36065 -0.841
vn -0.32517 -0.43236 -0.84103
vn -0.32483 -0.43171 -0.84149
vn -0.23444 -0.48672 -0.84151
vn -0.23466 -0.48749 -0.841
vn -0.135 -0.52394 -0.84099
vn -0.13507 -0.52474 -0.84048
vn -0.03018 -0.54096 -0.84051
vn -0.03031 -0.53985 -0.84121
vn 0.07553 -0.53523 -0.84132
vn 0.07594 -0.53651 -0.84047
vn 0.17915 -0.51142 -0.84045
vn 0.17893 -0.51101 -0.84074
vn 0.27521 -0.46626 -0.84075
vn 0.27461 -0.46555 -0.84134
vn 0.36028 -0.40302 -0.8413
vn 0.36067 -0.40333 -0.84098
vn 0.43238 -0.32518 -0.84101
vn 0.4317 -0.32483 -0.8415
vn 0.48672 -0.23444 -0.84152
vn 0.48747 -0.23466 -0.84102
vn 0.52392 -0.135 -0.841
vn 0.52473 -0.13507 -0.84049
vn 0.54095 -0.03018 -0.84051
vn 0.53987 -0.0303 -0.8412
vn 0.53525 0.07554 -0.84131
vn 0.53651 0.07594 -0.84047
vn 0.51142 0.17915 -0.84044
vn 0.51101 0.17892 -0.84075
vn 0.46626 0.2752 -0.84075
vn 0.46556 0.27461 -0.84134
vn 0.40302 0.36029 -0.84129
vn 0.62907 0.56237 -0.53666
vn 0.50717 0.67433 -0.53671
vn 0.5072 0.67439 -0.53661
vn 0.3659 0.7604 -0.53658
vn 0.36567 0.75917 -0.53847
vn 0.21024 0.81585 -0.53869
vn 0.21024 0.81594 -0.53855
vn 0.04709 0.84137 -0.53841
vn 0.04698 0.84192 -0.53756
vn -0.11799 0.83509 -0.53731
vn -0.11778 0.8346 -0.53812
vn -0.27856 0.79544 -0.53821
vn -0.27873 0.79569 -0.53775
vn -0.4284 0.72628 -0.53758
vn -0.42906 0.72693 -0.53617
vn -0.56264 0.62926 -0.53616
vn -0.56237 0.62908 -0.53665
vn -0.67434 0.50718 -0.5367
vn -0.67436 0.50719 -0.53665
vn -0.76036 0.3659 -0.53663
vn -0.75916 0.36567 -0.53848
vn -0.81585 0.21024 -0.5387
vn -0.81594 0.21024 -0.53855
vn -0.84137 0.04709 -0.53841
vn -0.8419 0.04698 -0.53759
vn -0.83507 -0.11798 -0.53734
vn -0.8346 -0.11779 -0.53811
vn -0.79545 -0.27856 -0.5382
vn -0.79569 -0.27873 -0.53776
vn -0.72627 -0.4284 -0.53759
vn -0.72692 -0.42906 -0.53619
vn -0.62925 -0.56263 -0.53619
vn -0.62908 -0.56238 -0.53664
vn -0.50718 -0.67434 -0.53669
vn -0.5072 -0.67439 -0.53661
vn -0.3659 -0.7604 -0.53658
vn -0.36567 -0.75917 -0.53847
vn -0.21024 -0.81585 -0.53869
vn -0.21024 -0.81594 -0.53855
vn -0.04709 -0.84137 -0.53841
vn -0.04698 -0.84192 -0.53756
vn 0.11799 -0.83509 -0.53731
vn 0.11778 -0.8346 -0.53813
vn 0.27856 -0.79544 -0.53822
vn 0.27873 -0.79569 -0.53775
vn 0.4284 -0.72628 -0.53758
vn 0.42906 -0.72693 -0.53617
vn 0.56264 -0.62926 -0.53616
vn 0.56236 -0.62907 -0.53667
vn 0.67432 -0.50717 -0.53672
vn 0.67439 -0.5072 -0.5366
vn 0.7604 -0.36591 -0.53657
vn 0.75918 -0.36568 -0.53845
vn 0.81586 -0.21024 -0.53867
vn 0.81594 -0.21024 -0.53855
vn 0.84137 -0.04709 -0.53841
vn 0.84192 -0.04698 -0.53756
vn 0.83509 0.118 -0.53731
vn 0.83459 0.11778 -0.53814
vn 0.79543 0.27856 -0.53823
vn 0.79569 0.27873 -0.53776
vn 0.72627 0.42839 -0.53759
vn 0.72692 0.42905 -0.53619
vn 0.62925 0.56263 -0.53619
vn -0.96845 0.24921 0.00083
vn -0.98981 0.1424 -0.00199
vn -0.9681 0.25056 0.00083
vn -0.90112 0.43356 -0.00166
vn -0.9097 0.41527 -0.00062
vn -0.66666 0.74536 0.00092
vn -0.75567 0.65495 -0.00192
vn -0.79898 0.60137 0.00041
vn -0.8 0.6 0.00041
vn -0.66642 0.74558 0.00092
vn -0.50818 0.86125 -0.00227
vn -0.54057 0.8413 -0.00019
vn -0.33444 0.94242 0.00011
vn -0.33045 0.94382 0.00011
vn -0.2818 0.95947 -0.00179
vn -0.14005 0.99014 0.00094
vn -0.14012 0.99013 0.00094
vn 0 1 -0.00184
vn 0.05591 0.99844 0.0002
vn 0.2818 0.95947 0.00019
vn 0.05944 0.99816 -0.01237
vn 0.24965 0.96833 -0.0021
vn 0.60115 0.79914 0.00048
vn 0.54057 0.8413 -0.00195
vn 0.43363 0.90109 0.0009
vn 0.43346 0.90117 0.0009
vn 0.60148 0.79889 0.00048
vn 0.74546 0.66655 -0.00064
vn 0.75567 0.65495 -0.00133
vn 0.94375 0.33067 0.00068
vn 0.9097 0.41526 -0.002
vn 0.86119 0.50828 0.00081
vn 0.86139 0.50795 0.00081
vn 0.94388 0.3303 0.00068
vn 0.99014 0.14008 -0.00113
vn 0.98981 0.14241 -0.00102
vn 0.96845 -0.24922 0.00083
vn 0.98981 -0.14241 -0.00199
vn 0.99844 -0.05588 0.00064
vn 0.99838 -0.05695 0.00064
vn 0.96811 -0.25053 0.00083
vn 0.90112 -0.43356 -0.00166
vn 0.9097 -0.41527 -0.00062
vn 0.66666 -0.74536 0.00092
vn 0.75567 -0.65495 -0.00192
vn 0.79898 -0.60137 0.00041
vn 0.8 -0.6 0.00041
vn 0.66642 -0.74558 0.00092
vn 0.50818 -0.86125 -0.00227
vn 0.54057 -0.8413 -0.00019
vn 0.33444 -0.94242 0.00011
vn 0.33044 -0.94382 0.00011
vn 0.2818 -0.95947 -0.00179
vn 0.14005 -0.99014 0.00094
vn 0.14012 -0.99013 0.00094
vn 0 -1 -0.00184
vn -0.05591 -0.99844 0.0002
vn -0.2818 -0.95947 0.00019
vn -0.05944 -0.99816 -0.01237
vn -0.24965 -0.96833 -0.0021
vn -0.60115 -0.79914 0.00048
vn -0.54057 -0.8413 -0.00195
vn -0.43363 -0.90109 0.0009
vn -0.43346 -0.90117 0.0009
vn -0.60148 -0.79889 0.00048
vn -0.74546 -0.66655 -0.00064
vn -0.75567 -0.65495 -0.00133
vn -0.94374 -0.33067 0.00068
vn -0.9097 -0.41526 -0.002
vn -0.86119 -0.50828 0.00081
vn -0.86139 -0.50795 0.00081
vn -0.94388 -0.3303 0.00068
vn -0.99014 -0.14008 -0.00113
vn -0.98981 -0.1424 -0.00102
vn -0.99979 -0.02051 0
vn -0.99702 0.07709 0
vn 0.49844 0.0789 0.86333
vn 0.34161 0.36874 0.86448
vn -0.35684 0.35684 0.86332
vn -0.12258 0.4856 0.86554
vn -0.47327 0.16139 0.86601
vn -0.49844 0.0789 0.86333
vn -0.34161 -0.36874 0.86448
vn 0.35684 -0.35684 0.86332
vn 0.12258 -0.4856 0.86555
vn 0.47327 -0.16139 0.86601
vn 0.49844 -0.0789 0.86333
vn 0.44559 -0.23517 0.8638
vn 0.04533 -0.49949 0.86514
vn -0.39334 -0.30912 0.86587
vn -0.44559 0.23517 0.8638
vn -0.04533 0.49949 0.86514
vn 0.39334 0.30912 0.86587
vn -0.17998 0.98367 0
vn -0.17997 0.98367 1E-05
vn -0.17996 0.98367 0
vn 0.7619 0.64769 0
vn 0.7619 0.6477 -1E-05
vn 0.76191 0.64769 0
vn 0.94187 -0.33599 0
vn 0.94187 -0.33597 -3E-05
vn 0.94186 -0.33601 0
vn 0.17998 -0.98367 0
vn 0.17997 -0.98367 1E-05
vn 0.17996 -0.98367 0
vn -0.76191 -0.64769 0
vn -0.7619 -0.64769 -0
vn -0.7619 -0.6477 0
vn -0.94187 0.33599 0
vn -0.94187 0.33597 -3E-05
vn -0.94186 0.33601 0
vn -0.14219 -0.10366 0.9844
vn -0.15607 -0.08127 0.9844
vn -0.15632 -0.08136 0.98435
vn -0.1667 -0.0572 0.98435
vn -0.16652 -0.05716 0.98438
vn -0.17315 -0.0317 0.98438
vn -0.17345 -0.03172 0.98433
vn -0.17625 -0.00549 0.98433
vn -0.17605 -0.00551 0.98437
vn -0.17493 0.02076 0.98436
vn -0.17521 0.02083 0.98431
vn -0.17017 0.04673 0.98431
vn -0.16999 0.04666 0.98434
vn -0.16116 0.07146 0.98434
vn -0.16119 0.07147 0.98433
vn -0.14868 0.09471 0.98434
vn -0.1486 0.09464 0.98436
vn -0.13284 0.11571 0.98436
vn -0.13292 0.1158 0.98434
vn -0.11419 0.13433 0.98434
vn -0.11421 0.13436 0.98433
vn -0.09291 0.14991 0.98432
vn -0.09278 0.14963 0.98438
vn -0.06945 0.16178 0.98438
vn -0.06949 0.16192 0.98436
vn -0.04458 0.17049 0.98435
vn -0.04462 0.17077 0.9843
vn -0.01866 0.1755 0.9843
vn -0.01867 0.1752 0.98436
vn 0.00766 0.17606 0.98435
vn 0.00764 0.17594 0.98437
vn 0.03376 0.17285 0.98437
vn 0.03388 0.1732 0.9843
vn 0.05932 0.16623 0.9843
vn 0.05917 0.16594 0.98436
vn 0.0833 0.15527 0.98435
vn 0.0833 0.15527 0.98435
vn 0.10547 0.14115 0.98435
vn 0.10558 0.14127 0.98432
vn 0.12545 0.12395 0.98433
vn 0.12551 0.124 0.98431
vn 0.14262 0.10389 0.98431
vn 0.14219 0.10366 0.9844
vn 0.15607 0.08127 0.9844
vn 0.15632 0.08136 0.98435
vn 0.1667 0.0572 0.98435
vn 0.16652 0.05716 0.98438
vn 0.17315 0.0317 0.98438
vn 0.17345 0.03172 0.98433
vn 0.17625 0.00549 0.98433
vn 0.17605 0.00551 0.98437
vn 0.17493 -0.02076 0.98436
vn 0.17521 -0.02083 0.98431
vn 0.17017 -0.04673 0.98431
vn 0.16999 -0.04666 0.98434
vn 0.16116 -0.07146 0.98434
vn 0.16119 -0.07147 0.98433
vn 0.14868 -0.09471 0.98434
vn 0.1486 -0.09464 0.98436
vn 0.13284 -0.11571 0.98436
vn 0.13292 -0.11579 0.98434
vn 0.11418 -0.13433 0.98434
vn 0.11421 -0.13436 0.98433
vn 0.09291 -0.14992 0.98432
vn 0.09278 -0.14963 0.98438
vn 0.06945 -0.16178 0.98438
vn 0.06949 -0.16192 0.98435
vn 0.04458 -0.17049 0.98435
vn 0.04462 -0.17077 0.9843
vn 0.01866 -0.1755 0.9843
vn 0.01867 -0.1752 0.98436
vn -0.00766 -0.17606 0.98435
vn -0.00764 -0.17594 0.98437
vn -0.03376 -0.17285 0.98437
vn -0.03388 -0.1732 0.9843
vn -0.05932 -0.16623 0.9843
vn -0.05917 -0.16594 0.98436
vn -0.0833 -0.15527 0.98435
vn -0.0833 -0.15527 0.98435
vn -0.10546 -0.14115 0.98436
vn -0.10559 -0.14127 0.98432
vn -0.12545 -0.12395 0.98433
vn -0.12552 -0.124 0.98431
vn -0.14262 -0.10389 0.98431
vn -0.94941 0.26062 0.17519
vn -0.94952 0.26058 0.17465
vn -0.90006 0.39924 0.17464
vn -0.9 0.39928 0.17487
vn -0.89994 0.39894 0.17594
vn -0.83032 0.52879 0.17595
vn -0.83062 0.52876 0.1746
vn -0.83051 0.52899 0.17442
vn -0.74236 0.64692 0.17435
vn -0.74232 0.64675 0.17514
vn -0.24961 0.95257 0.17407
vn -0.38816 0.905 0.1741
vn -0.3883 0.90442 0.17676
vn -0.51847 0.83664 0.17671
vn -0.51849 0.83661 0.17678
vn -0.51898 0.83672 0.17484
vn -0.63771 0.75021 0.17469
vn -0.63749 0.75015 0.17573
vn -0.63772 0.75008 0.17519
vn -0.24912 0.95263 0.17447
vn -0.24901 0.95254 0.1751
vn -0.10435 0.97902 0.17501
vn -0.10432 0.97901 0.1751
vn -0.10403 0.97925 0.1739
vn 0.04268 0.9838 0.17414
vn 0.04278 0.98366 0.17489
vn 0.04231 0.98362 0.17521
vn 0.18892 0.96623 0.17523
vn 0.189 0.9663 0.17474
vn 0.7005 0.69173 0.17556
vn 0.58945 0.7885 0.17556
vn 0.58953 0.78852 0.17521
vn 0.4652 0.86771 0.17514
vn 0.46533 0.86769 0.17486
vn 0.4653 0.86779 0.17445
vn 0.33079 0.92748 0.17426
vn 0.33084 0.92732 0.17498
vn 0.33081 0.92735 0.17489
vn 0.70031 0.69198 0.1753
vn 0.7003 0.69189 0.17572
vn 0.79559 0.57976 0.1758
vn 0.7956 0.57957 0.1764
vn 0.79578 0.57951 0.17578
vn 0.87306 0.45484 0.17577
vn 0.8731 0.45494 0.17529
vn 0.87303 0.45504 0.17538
vn 0.93125 0.31947 0.17524
vn 0.93118 0.31949 0.17558
vn 0.94953 -0.26036 0.17495
vn 0.97766 -0.11619 0.17516
vn 0.97752 -0.11606 0.176
vn 0.98392 0.03052 0.17601
vn 0.98381 0.03076 0.17655
vn 0.98408 0.03106 0.17499
vn 0.9685 0.17712 0.17504
vn 0.96859 0.17722 0.17442
vn 0.96846 0.17664 0.17571
vn 0.94941 -0.26062 0.17519
vn 0.94952 -0.26058 0.17465
vn 0.90006 -0.39924 0.17464
vn 0.9 -0.39928 0.17487
vn 0.89994 -0.39894 0.17594
vn 0.83032 -0.52879 0.17595
vn 0.83062 -0.52876 0.1746
vn 0.83051 -0.52899 0.17442
vn 0.74236 -0.64692 0.17435
vn 0.74232 -0.64675 0.17512
vn 0.24964 -0.95257 0.17405
vn 0.38816 -0.905 0.17408
vn 0.3883 -0.90443 0.17675
vn 0.51848 -0.83664 0.17669
vn 0.5185 -0.83661 0.17677
vn 0.51898 -0.83672 0.17484
vn 0.63771 -0.75021 0.17469
vn 0.63749 -0.75016 0.17569
vn 0.63773 -0.75008 0.17516
vn 0.24912 -0.95263 0.17448
vn 0.24901 -0.95254 0.1751
vn 0.10434 -0.97902 0.17501
vn 0.10432 -0.97901 0.17509
vn 0.10448 -0.97888 0.17574
vn -0.04293 -0.98345 0.176
vn -0.04278 -0.98366 0.17488
vn -0.04231 -0.98362 0.17519
vn -0.18892 -0.96624 0.17521
vn -0.189 -0.9663 0.17475
vn -0.7005 -0.69173 0.17556
vn -0.58945 -0.78849 0.17556
vn -0.58952 -0.78852 0.17522
vn -0.4652 -0.8677 0.17515
vn -0.46533 -0.86769 0.17488
vn -0.4653 -0.86779 0.17445
vn -0.3308 -0.92747 0.17426
vn -0.33084 -0.92732 0.17498
vn -0.33081 -0.92735 0.1749
vn -0.70031 -0.69198 0.1753
vn -0.7003 -0.69188 0.17574
vn -0.79559 -0.57976 0.17582
vn -0.7956 -0.57958 0.17641
vn -0.79578 -0.57951 0.17578
vn -0.87306 -0.45484 0.17577
vn -0.8731 -0.45494 0.17529
vn -0.87303 -0.45504 0.17538
vn -0.93125 -0.31947 0.17524
vn -0.93118 -0.31949 0.17558
vn -0.94953 0.26036 0.17495
vn -0.97766 0.11619 0.17516
vn -0.97752 0.11606 0.176
vn -0.98408 0.02141 0.17644
vn -0.95716 -0.02993 0.28803
vn -0.98314 -0.05231 0.17524
vn -0.9685 -0.17712 0.17504
vn -0.96859 -0.17722 0.17442
vn -0.96846 -0.17664 0.17571
vn -0.68152 -0.49647 0.53763
vn -0.68174 -0.49676 0.53709
vn -0.74804 -0.38977 0.53713
vn -0.74755 -0.3893 0.53816
vn -0.79716 -0.27347 0.53829
vn -0.79742 -0.27366 0.5378
vn -0.82936 -0.15167 0.53774
vn -0.82904 -0.15151 0.53827
vn -0.84229 -0.02633 0.53838
vn -0.84271 -0.02647 0.53771
vn -0.83725 0.09941 0.53771
vn -0.83712 0.09943 0.53792
vn -0.81289 0.22308 0.538
vn -0.81238 0.22309 0.53877
vn -0.77004 0.34162 0.53882
vn -0.77111 0.34177 0.5372
vn -0.71156 0.45296 0.53713
vn -0.71058 0.45268 0.53867
vn -0.63517 0.55351 0.53869
vn -0.63562 0.55371 0.53795
vn -0.54602 0.64234 0.53784
vn -0.54602 0.64234 0.53783
vn -0.44411 0.71659 0.53783
vn -0.44424 0.71671 0.53756
vn -0.33266 0.77484 0.53755
vn -0.3323 0.77441 0.53839
vn -0.21314 0.81534 0.53832
vn -0.21317 0.81538 0.53826
vn -0.08931 0.8381 0.53816
vn -0.08918 0.83778 0.53867
vn 0.03661 0.84173 0.53865
vn 0.03648 0.84227 0.53782
vn 0.16177 0.82738 0.53784
vn 0.16177 0.8274 0.53781
vn 0.2832 0.79404 0.53787
vn 0.2832 0.79395 0.538
vn 0.39841 0.74291 0.53791
vn 0.39832 0.74248 0.53858
vn 0.50456 0.67487 0.53848
vn 0.50469 0.67521 0.53795
vn 0.59963 0.59243 0.53802
vn 0.59978 0.59269 0.53758
vn 0.68152 0.49647 0.53763
vn 0.68174 0.49676 0.53709
vn 0.74804 0.38977 0.53713
vn 0.74755 0.3893 0.53816
vn 0.79716 0.27347 0.53829
vn 0.79742 0.27366 0.5378
vn 0.82936 0.15167 0.53774
vn 0.82904 0.15151 0.53827
vn 0.84229 0.02633 0.53838
vn 0.84271 0.02647 0.53771
vn 0.83725 -0.09941 0.53771
vn 0.83712 -0.09943 0.53792
vn 0.81289 -0.22308 0.538
vn 0.81238 -0.22309 0.53877
vn 0.77004 -0.34162 0.53882
vn 0.77111 -0.34177 0.5372
vn 0.71156 -0.45296 0.53713
vn 0.71058 -0.45268 0.53867
vn 0.63517 -0.55351 0.53869
vn 0.63561 -0.55371 0.53796
vn 0.54601 -0.64234 0.53784
vn 0.54602 -0.64234 0.53783
vn 0.44411 -0.71659 0.53783
vn 0.44424 -0.7167 0.53758
vn 0.33266 -0.77483 0.53757
vn 0.3323 -0.7744 0.5384
vn 0.21314 -0.81533 0.53833
vn 0.21317 -0.81537 0.53827
vn 0.0893 -0.83809 0.53817
vn 0.08918 -0.83779 0.53866
vn -0.03661 -0.84174 0.53864
vn -0.03648 -0.84227 0.53782
vn -0.16177 -0.82737 0.53785
vn -0.16177 -0.8274 0.53782
vn -0.2832 -0.79403 0.53787
vn -0.2832 -0.79395 0.538
vn -0.39841 -0.74291 0.53791
vn -0.39832 -0.74248 0.53857
vn -0.50456 -0.67488 0.53848
vn -0.50469 -0.67521 0.53795
vn -0.59963 -0.59243 0.53802
vn -0.59978 -0.59269 0.53758
vn -0.43628 -0.3179 0.84178
vn -0.43672 -0.31837 0.84138
vn -0.47932 -0.24962 0.84139
vn -0.47881 -0.24921 0.8418
vn -0.51059 -0.17522 0.84178
vn -0.51084 -0.17537 0.8416
vn -0.53131 -0.0971 0.8416
vn -0.53159 -0.09721 0.84141
vn -0.54021 -0.01697 0.84136
vn -0.53991 -0.0169 0.84155
vn -0.53635 0.06371 0.84159
vn -0.53599 0.06373 0.84181
vn -0.5205 0.14294 0.84181
vn -0.52091 0.14297 0.84156
vn -0.49383 0.21887 0.84156
vn -0.49331 0.21875 0.8419
vn -0.45516 0.28996 0.84188
vn -0.45555 0.29012 0.84161
vn -0.40726 0.35478 0.84159
vn -0.40725 0.35477 0.8416
vn -0.34974 0.41144 0.84166
vn -0.34968 0.41139 0.84171
vn -0.28445 0.45891 0.84172
vn -0.28477 0.45926 0.84142
vn -0.21309 0.49659 0.84142
vn -0.21316 0.49669 0.84134
vn -0.13669 0.52286 0.84139
vn -0.13651 0.52248 0.84165
vn -0.05715 0.53694 0.84168
vn -0.05726 0.53729 0.84145
vn 0.02338 0.53983 0.84145
vn 0.02343 0.53946 0.84169
vn 0.10361 0.52992 0.84169
vn 0.10361 0.52961 0.84189
vn 0.18132 0.50834 0.84185
vn 0.18138 0.5087 0.84162
vn 0.25529 0.47587 0.84165
vn 0.25527 0.47581 0.84169
vn 0.32328 0.43251 0.84168
vn 0.32332 0.4326 0.84162
vn 0.38422 0.37968 0.84155
vn 0.38402 0.37938 0.84178
vn 0.43628 0.3179 0.84179
vn 0.43672 0.31837 0.84138
vn 0.47932 0.24962 0.84139
vn 0.47881 0.24921 0.8418
vn 0.51059 0.17522 0.84178
vn 0.51084 0.17537 0.8416
vn 0.53131 0.0971 0.8416
vn 0.53159 0.09721 0.84141
vn 0.54021 0.01697 0.84136
vn 0.53991 0.0169 0.84155
vn 0.53635 -0.06371 0.84159
vn 0.53599 -0.06373 0.84181
vn 0.5205 -0.14294 0.84181
vn 0.52091 -0.14297 0.84156
vn 0.49383 -0.21887 0.84156
vn 0.49331 -0.21875 0.8419
vn 0.45516 -0.28996 0.84188
vn 0.45555 -0.29012 0.84161
vn 0.40726 -0.35478 0.84159
vn 0.40725 -0.35478 0.84159
vn 0.34975 -0.41144 0.84166
vn 0.34968 -0.41139 0.84171
vn 0.28445 -0.45891 0.84172
vn 0.28477 -0.45926 0.84142
vn 0.21309 -0.49659 0.84142
vn 0.21316 -0.4967 0.84134
vn 0.1367 -0.52286 0.84138
vn 0.13651 -0.52248 0.84166
vn 0.05715 -0.53694 0.84168
vn 0.05726 -0.53729 0.84145
vn -0.02338 -0.53983 0.84145
vn -0.02343 -0.53946 0.84168
vn -0.10361 -0.52993 0.84169
vn -0.10361 -0.52961 0.84189
vn -0.18132 -0.50834 0.84185
vn -0.18138 -0.5087 0.84162
vn -0.25529 -0.47587 0.84165
vn -0.25527 -0.47581 0.84169
vn -0.32328 -0.4325 0.84168
vn -0.32332 -0.4326 0.84162
vn -0.38422 -0.37968 0.84155
vn -0.38402 -0.37939 0.84178
vn -0.993 0.11801 -0.00404
vn -0.99452 0.10453 -0.00152
vn -0.9644 0.26443 0.00106
vn -0.96433 0.26471 0.00106
vn -0.95101 0.30912 -0.0049
vn -0.84347 0.53717 0.00089
vn -0.86606 0.49991 -0.00483
vn -0.9142 0.40526 0.00269
vn -0.9141 0.40547 0.00269
vn -0.84344 0.53722 0.00089
vn -0.75398 0.6569 -0.00107
vn -0.7431 0.66917 -0.00365
vn -0.5271 0.8498 0.00222
vn -0.58787 0.80894 -0.00527
vn -0.64756 0.76201 0.00229
vn -0.64774 0.76186 0.00229
vn -0.52676 0.85001 0.00222
vn -0.39418 0.91902 -0.00405
vn -0.40669 0.91357 -0.00151
vn -0.25348 0.96734 0.00106
vn -0.253 0.96747 0.00106
vn -0.20787 0.97814 -0.0049
vn 0.04334 0.99906 0.00088
vn 0 0.99999 -0.00481
vn -0.10564 0.9944 0.00268
vn -0.10598 0.99436 0.00268
vn 0.04298 0.99908 0.00088
vn 0.19195 0.9814 -0.00108
vn 0.20788 0.97815 -0.00364
vn 0.47254 0.8813 0.00223
vn 0.40668 0.91355 -0.00528
vn 0.33602 0.94185 0.00231
vn 0.33599 0.94186 0.00231
vn 0.4725 0.88133 0.00223
vn 0.59875 0.80093 -0.00405
vn 0.58788 0.80895 -0.00154
vn 0.71155 0.70264 0.00104
vn 0.71133 0.70286 0.00104
vn 0.7431 0.66917 -0.00491
vn 0.88686 0.46203 0.00089
vn 0.86599 0.50004 -0.0048
vn 0.80837 0.58867 0.00269
vn 0.80818 0.58893 0.00269
vn 0.88677 0.46221 0.00089
vn 0.94587 0.32454 -0.00106
vn 0.95107 0.30896 -0.00364
vn 0.9995 0.03154 0.00221
vn 0.99451 0.10453 -0.00528
vn 0.98367 0.17998 0.00232
vn 0.98377 0.17943 0.00232
vn 0.99952 0.031 0.00221
vn 0.993 -0.11801 -0.00404
vn 0.99452 -0.10453 -0.00152
vn 0.9644 -0.26443 0.00106
vn 0.96433 -0.26471 0.00106
vn 0.95106 -0.30896 -0.00488
vn 0.84347 -0.53717 0.00089
vn 0.86599 -0.50004 -0.00481
vn 0.9142 -0.40526 0.00272
vn 0.9141 -0.40547 0.00272
vn 0.84344 -0.53722 0.00089
vn 0.75398 -0.6569 -0.00107
vn 0.7431 -0.66917 -0.00365
vn 0.5271 -0.8498 0.00222
vn 0.58788 -0.80894 -0.00527
vn 0.64756 -0.76201 0.00229
vn 0.64774 -0.76186 0.00229
vn 0.52676 -0.85001 0.00222
vn 0.39418 -0.91902 -0.00405
vn 0.40669 -0.91357 -0.00151
vn 0.25351 -0.96733 0.00106
vn 0.253 -0.96747 0.00106
vn 0.20788 -0.97814 -0.0049
vn -0.04361 -0.99905 0.00088
vn 0 -0.99999 -0.00484
vn 0.10613 -0.99435 0.00269
vn 0.10598 -0.99436 0.00269
vn -0.04298 -0.99908 0.00088
vn -0.19195 -0.9814 -0.00108
vn -0.20788 -0.97815 -0.00364
vn -0.47254 -0.8813 0.00223
vn -0.40668 -0.91356 -0.00528
vn -0.33602 -0.94185 0.00231
vn -0.33599 -0.94186 0.00231
vn -0.4725 -0.88133 0.00223
vn -0.59875 -0.80093 -0.00405
vn -0.58788 -0.80894 -0.00154
vn -0.71155 -0.70264 0.00104
vn -0.71133 -0.70286 0.00104
vn -0.7431 -0.66917 -0.00491
vn -0.88686 -0.46203 0.00086
vn -0.86606 -0.49991 -0.00481
vn -0.80837 -0.58867 0.00269
vn -0.80818 -0.58893 0.00269
vn -0.88677 -0.46221 0.00086
vn -0.94587 -0.32454 -0.0011
vn -0.95102 -0.30912 -0.00365
vn -0.98377 -0.17943 0.00232
vn -0.98367 -0.17998 0.00232
vn -0.99451 -0.10453 -0.00528
vn -0.99859 -0.05313 0
vn -0.99976 0.02175 0
vn -0.70352 -0.10122 -0.70343
vn -0.53705 -0.46539 -0.70355
vn -0.53705 -0.46546 -0.70351
vn -0.53709 0.46542 -0.7035
vn -0.53702 0.46544 -0.70354
vn -0.70348 0.10121 -0.70348
vn -0.70348 -0.10114 -0.70348
vn -0.18794 0.02182 -0.98194
vn -0.16355 0.09252 -0.98219
vn -0.11022 0.14508 -0.98326
vn -0.04572 0.17575 -0.98337
vn 0.16355 -0.09252 -0.98219
vn 0.11022 -0.14508 -0.98326
vn 0.04572 -0.17575 -0.98337
vn -0.11979 -0.15322 -0.98091
vn -0.103 -0.10662 -0.98895
vn -0.09915 -0.15415 -0.98306
vn -0.06611 -0.11339 -0.99135
vn -0.11984 -0.15318 -0.98091
vn -0.05058 -0.18623 -0.9812
vn -0.05046 -0.18626 -0.9812
vn -0.05463 -0.13863 -0.98884
vn -0.06524 -0.15548 -0.98568
vn -0.09205 -0.15779 -0.98317
vn -0.01801 -0.12909 -0.99147
vn -0.0315 -0.17385 -0.98427
vn -0.00253 -0.17614 -0.98436
vn 0.00256 -0.14804 -0.98898
vn 0.02339 -0.19226 -0.98107
vn 0.03864 -0.17802 -0.98327
vn 0.03333 -0.12689 -0.99136
vn 0.02347 -0.19225 -0.98107
vn 0.06394 -0.15785 -0.98539
vn 0.0592 -0.1362 -0.98891
vn 0.09555 -0.16888 -0.98099
vn 0.10418 -0.15022 -0.98315
vn 0.07936 -0.10441 -0.99136
vn 0.09563 -0.16884 -0.98099
vn 0.11972 -0.12035 -0.98548
vn 0.10851 -0.10482 -0.98855
vn 0.15337 -0.11692 -0.98123
vn 0.15866 -0.10204 -0.98205
vn 0.10812 -0.06133 -0.99224
vn 0.15337 -0.11691 -0.98123
vn 0.14968 -0.06062 -0.98687
vn 0.14186 -0.0559 -0.98831
vn 0.18461 -0.04749 -0.98166
vn 0.18697 -0.03388 -0.98178
vn 0.11946 -0.0141 -0.99274
vn 0.1846 -0.04755 -0.98166
vn 0.15719 0.00271 -0.98756
vn 0.15876 0.0025 -0.98731
vn 0.18794 -0.02182 -0.98194
vn 0.18402 0.05426 -0.98142
vn 0.18403 0.05425 -0.98142
vn 0.14121 0.03065 -0.9895
vn 0.18534 0.02851 -0.98226
vn 0.18536 0.0284 -0.98226
vn 0.14069 0.06187 -0.98812
vn 0.14501 0.06302 -0.98742
vn 0.16033 0.09764 -0.98222
vn 0.16037 0.09757 -0.98222
vn 0.11906 0.08257 -0.98945
vn 0.13904 0.10773 -0.98441
vn 0.12628 0.12277 -0.98437
vn 0.103 0.10662 -0.98895
vn 0.11979 0.15322 -0.98091
vn 0.09915 0.15415 -0.98306
vn 0.06611 0.11339 -0.99135
vn 0.11984 0.15318 -0.98091
vn 0.05058 0.18623 -0.9812
vn 0.05046 0.18626 -0.9812
vn 0.05463 0.13863 -0.98884
vn 0.06524 0.15548 -0.98568
vn 0.09205 0.15779 -0.98317
vn 0.01801 0.12909 -0.99147
vn 0.0315 0.17385 -0.98427
vn 0.00253 0.17614 -0.98436
vn -0.00256 0.14804 -0.98898
vn -0.02339 0.19226 -0.98107
vn -0.03864 0.17802 -0.98327
vn -0.03333 0.12689 -0.99136
vn -0.02347 0.19225 -0.98107
vn -0.06394 0.15786 -0.98539
vn -0.0592 0.1362 -0.98891
vn -0.09555 0.16888 -0.98099
vn -0.10418 0.15022 -0.98315
vn -0.07936 0.10441 -0.99136
vn -0.09563 0.16884 -0.98099
vn -0.11972 0.12035 -0.98548
vn -0.10851 0.10482 -0.98855
vn -0.15337 0.11692 -0.98123
vn -0.15866 0.10204 -0.98205
vn -0.10812 0.06133 -0.99224
vn -0.15337 0.11691 -0.98123
vn -0.14968 0.06062 -0.98687
vn -0.14186 0.0559 -0.98831
vn -0.18461 0.04749 -0.98166
vn -0.18697 0.03388 -0.98178
vn -0.11946 0.0141 -0.99274
vn -0.1846 0.04755 -0.98166
vn -0.15876 -0.0025 -0.98731
vn -0.15719 -0.00271 -0.98756
vn -0.18536 -0.0284 -0.98226
vn -0.18534 -0.02851 -0.98226
vn -0.14121 -0.03065 -0.9895
vn -0.18403 -0.05425 -0.98142
vn -0.14501 -0.06302 -0.98742
vn -0.14069 -0.06187 -0.98812
vn -0.18402 -0.05426 -0.98142
vn -0.12627 -0.12277 -0.98437
vn -0.13904 -0.10773 -0.98441
vn -0.11906 -0.08257 -0.98945
vn -0.16037 -0.09757 -0.98222
vn -0.16033 -0.09764 -0.98222
vn -0.91577 0.36104 -0.17613
vn -0.82816 0.53265 -0.17445
vn -0.82816 0.53258 -0.17471
vn -0.91605 0.36097 -0.1748
vn -0.56101 0.80916 -0.17471
vn -0.71004 0.68216 -0.17468
vn -0.70799 0.68399 -0.17582
vn -0.70801 0.68409 -0.17534
vn -0.82781 0.53278 -0.17569
vn -0.39258 0.90324 -0.1733
vn -0.39291 0.90279 -0.17491
vn -0.56098 0.80915 -0.17487
vn 0.17526 0.96866 -0.17605
vn -0.01707 0.98423 -0.17606
vn -0.01734 0.98461 -0.1739
vn -0.2075 0.96266 -0.17388
vn -0.20881 0.96264 -0.17239
vn -0.20885 0.96256 -0.17279
vn -0.39268 0.90327 -0.17295
vn 0.17555 0.96873 -0.17532
vn 0.17537 0.96855 -0.17651
vn 0.36076 0.91581 -0.17647
vn 0.36113 0.916 -0.17471
vn 0.36116 0.91598 -0.17477
vn 0.53263 0.82813 -0.17469
vn 0.53263 0.82791 -0.17568
vn 0.96261 0.20862 -0.17277
vn 0.90321 0.39283 -0.17293
vn 0.90298 0.39247 -0.17489
vn 0.8093 0.56077 -0.17486
vn 0.80925 0.56107 -0.17412
vn 0.8091 0.5611 -0.17471
vn 0.68412 0.70813 -0.17473
vn 0.68392 0.70808 -0.1757
vn 0.68411 0.708 -0.17534
vn 0.9626 0.20867 -0.17282
vn 0.9624 0.20875 -0.17383
vn 0.98462 0.01709 -0.17388
vn 0.98439 0.01734 -0.17515
vn 0.98423 0.01707 -0.17609
vn 0.96863 -0.17539 -0.17608
vn 0.96853 -0.17543 -0.17654
vn 0.91608 -0.36004 -0.17651
vn 0.91577 -0.36104 -0.17613
vn 0.91605 -0.36097 -0.1748
vn 0.82816 -0.53258 -0.17471
vn 0.82816 -0.53265 -0.17445
vn 0.82781 -0.53278 -0.17569
vn 0.70801 -0.68409 -0.17534
vn 0.70799 -0.68399 -0.17582
vn 0.71004 -0.68216 -0.17468
vn 0.56101 -0.80916 -0.17471
vn 0.56098 -0.80915 -0.17487
vn 0.39291 -0.90279 -0.17491
vn 0.39258 -0.90324 -0.17329
vn 0.39268 -0.90327 -0.17293
vn 0.20885 -0.96256 -0.17278
vn 0.20881 -0.96264 -0.17239
vn 0.2075 -0.96266 -0.17388
vn 0.01734 -0.98461 -0.1739
vn 0.01707 -0.98423 -0.17606
vn -0.68411 -0.708 -0.17534
vn -0.53263 -0.82791 -0.17568
vn -0.53263 -0.82813 -0.17469
vn -0.36116 -0.91598 -0.17477
vn -0.36114 -0.916 -0.17471
vn -0.36076 -0.91581 -0.17649
vn -0.17537 -0.96855 -0.17652
vn -0.17555 -0.96873 -0.17532
vn -0.17526 -0.96866 -0.17605
vn -0.68392 -0.70808 -0.1757
vn -0.68412 -0.70813 -0.17473
vn -0.8091 -0.5611 -0.17471
vn -0.80925 -0.56107 -0.17412
vn -0.8093 -0.56077 -0.17486
vn -0.90298 -0.39247 -0.17489
vn -0.90321 -0.39283 -0.17293
vn -0.91608 0.36004 -0.17651
vn -0.96853 0.17543 -0.17654
vn -0.96863 0.17539 -0.17608
vn -0.98345 0.03976 -0.17677
vn -0.99955 -0.01761 0.02436
vn -0.98303 -0.05689 -0.1744
vn -0.9624 -0.20875 -0.17383
vn -0.9626 -0.20867 -0.17282
vn -0.96261 -0.20862 -0.17277
vn 0.4445 0.30826 -0.84107
vn 0.37583 0.389 -0.84109
vn 0.37594 0.38916 -0.84096
vn 0.29276 0.45502 -0.84098
vn 0.29298 0.45553 -0.84063
vn 0.19847 0.50385 -0.84068
vn 0.19838 0.50345 -0.84094
vn 0.0964 0.53253 -0.84091
vn 0.09639 0.532 -0.84124
vn -0.00938 0.54074 -0.84114
vn -0.00933 0.54048 -0.8413
vn -0.11465 0.52819 -0.84135
vn -0.11466 0.52821 -0.84134
vn -0.21547 0.49568 -0.84135
vn -0.21534 0.49548 -0.8415
vn -0.30778 0.444 -0.84151
vn -0.30825 0.44449 -0.84107
vn -0.38899 0.37582 -0.8411
vn -0.38916 0.37594 -0.84097
vn -0.45501 0.29276 -0.84099
vn -0.45552 0.29297 -0.84064
vn -0.50384 0.19846 -0.84069
vn -0.50345 0.19838 -0.84094
vn -0.53253 0.0964 -0.8409
vn -0.53198 0.09639 -0.84125
vn -0.54073 -0.00938 -0.84114
vn -0.54048 -0.00933 -0.8413
vn -0.52819 -0.11465 -0.84135
vn -0.5282 -0.11466 -0.84134
vn -0.49568 -0.21547 -0.84135
vn -0.49548 -0.21535 -0.8415
vn -0.44401 -0.30778 -0.8415
vn -0.4445 -0.30826 -0.84107
vn -0.37583 -0.389 -0.84109
vn -0.37594 -0.38916 -0.84096
vn -0.29276 -0.45502 -0.84098
vn -0.29298 -0.45553 -0.84063
vn -0.19847 -0.50385 -0.84068
vn -0.19838 -0.50346 -0.84094
vn -0.0964 -0.53253 -0.8409
vn -0.09639 -0.532 -0.84124
vn 0.00938 -0.54074 -0.84114
vn 0.00933 -0.54048 -0.8413
vn 0.11465 -0.52819 -0.84135
vn 0.11466 -0.52821 -0.84133
vn 0.21548 -0.49569 -0.84134
vn 0.21534 -0.49548 -0.8415
vn 0.30778 -0.444 -0.84151
vn 0.30825 -0.44449 -0.84107
vn 0.38899 -0.37582 -0.8411
vn 0.38916 -0.37594 -0.84097
vn 0.45501 -0.29276 -0.84099
vn 0.45552 -0.29297 -0.84064
vn 0.50384 -0.19846 -0.84069
vn 0.50345 -0.19838 -0.84094
vn 0.53253 -0.0964 -0.8409
vn 0.53198 -0.09639 -0.84125
vn 0.54073 0.00938 -0.84114
vn 0.54048 0.00933 -0.8413
vn 0.52819 0.11465 -0.84135
vn 0.5282 0.11466 -0.84134
vn 0.49568 0.21547 -0.84135
vn 0.49548 0.21535 -0.8415
vn 0.44401 0.30778 -0.8415
vn 0.69305 0.48041 -0.53749
vn 0.58587 0.60642 -0.5376
vn 0.58583 0.60636 -0.53771
vn 0.45614 0.70921 -0.53754
vn 0.45598 0.70872 -0.53833
vn 0.30912 0.78408 -0.53821
vn 0.30923 0.78505 -0.53673
vn 0.15033 0.83022 -0.53678
vn 0.15031 0.83038 -0.53654
vn -0.01486 0.84362 -0.53674
vn -0.01462 0.84279 -0.53805
vn -0.17867 0.82369 -0.53815
vn -0.17889 0.82413 -0.53741
vn -0.33616 0.77342 -0.53743
vn -0.33626 0.77354 -0.53718
vn -0.48064 0.69324 -0.53704
vn -0.48041 0.69304 -0.53749
vn -0.60642 0.58587 -0.5376
vn -0.60637 0.58583 -0.5377
vn -0.70922 0.45615 -0.53753
vn -0.70873 0.45599 -0.53831
vn -0.78409 0.30912 -0.53819
vn -0.78505 0.30923 -0.53673
vn -0.83022 0.15033 -0.53678
vn -0.83039 0.15032 -0.53652
vn -0.84363 -0.01486 -0.53672
vn -0.84278 -0.01462 -0.53806
vn -0.82369 -0.17866 -0.53816
vn -0.82413 -0.17889 -0.53741
vn -0.77341 -0.33616 -0.53743
vn -0.77354 -0.33626 -0.53718
vn -0.69324 -0.48064 -0.53704
vn -0.69305 -0.48041 -0.53749
vn -0.58587 -0.60642 -0.5376
vn -0.58583 -0.60636 -0.53771
vn -0.45614 -0.70921 -0.53754
vn -0.45598 -0.70872 -0.53833
vn -0.30912 -0.78408 -0.53821
vn -0.30923 -0.78504 -0.53673
vn -0.15032 -0.83022 -0.53678
vn -0.15031 -0.83038 -0.53654
vn 0.01486 -0.84362 -0.53674
vn 0.01462 -0.84279 -0.53805
vn 0.17867 -0.82369 -0.53815
vn 0.17889 -0.82413 -0.53741
vn 0.33615 -0.77341 -0.53744
vn 0.33626 -0.77354 -0.53718
vn 0.48064 -0.69324 -0.53704
vn 0.48041 -0.69304 -0.53749
vn 0.60642 -0.58587 -0.5376
vn 0.60637 -0.58583 -0.5377
vn 0.70922 -0.45615 -0.53753
vn 0.70873 -0.45599 -0.53831
vn 0.78409 -0.30912 -0.53819
vn 0.78505 -0.30923 -0.53673
vn 0.83022 -0.15033 -0.53678
vn 0.83039 -0.15032 -0.53652
vn 0.84363 0.01486 -0.53672
vn 0.84278 0.01462 -0.53806
vn 0.82369 0.17866 -0.53816
vn 0.82413 0.17889 -0.53741
vn 0.77341 0.33616 -0.53743
vn 0.77354 0.33626 -0.53718
vn 0.69324 0.48064 -0.53704
vn -0.98399 0.17823 -0.0022
vn -0.98981 0.14241 -0.00023
vn -0.9307 0.36579 0.00015
vn -0.93037 0.36661 0.00015
vn -0.9097 0.41526 -0.0018
vn -0.84109 0.54089 0.00095
vn -0.84089 0.5412 0.00095
vn -0.75567 0.65495 -0.00181
vn -0.71915 0.69486 0.00018
vn -0.54057 0.8413 0.00017
vn -0.72106 0.69275 -0.01283
vn -0.56976 0.82181 -0.00216
vn -0.21204 0.97726 0.00045
vn -0.2818 0.95947 -0.00195
vn -0.39868 0.91709 0.0009
vn -0.39906 0.91692 0.0009
vn -0.21071 0.97755 0.00045
vn -0.01735 0.99985 -0.0006
vn 0 1 -0.00136
vn 0.36651 0.93041 0.00067
vn 0.2818 0.95947 -0.002
vn 0.17831 0.98397 0.00081
vn 0.17804 0.98402 0.00081
vn 0.36681 0.9303 0.00067
vn 0.54105 0.84099 -0.00108
vn 0.54057 0.8413 -0.00105
vn 0.82174 0.56986 0.00083
vn 0.75567 0.65495 -0.00199
vn 0.69472 0.71928 0.00066
vn 0.69487 0.71914 0.00066
vn 0.82196 0.56954 0.00083
vn 0.91702 0.39884 -0.00159
vn 0.9097 0.41527 -0.00068
vn 0.99985 0.01735 0.00092
vn 0.98981 0.14241 -0.00193
vn 0.9773 0.21186 0.00043
vn 0.97731 0.21181 0.00043
vn 0.99985 0.01734 0.00092
vn 0.98399 -0.17823 -0.0022
vn 0.98981 -0.14241 -0.00023
vn 0.9307 -0.36579 0.00015
vn 0.93037 -0.36661 0.00015
vn 0.9097 -0.41526 -0.0018
vn 0.84109 -0.54089 0.00095
vn 0.84089 -0.5412 0.00095
vn 0.75567 -0.65495 -0.00181
vn 0.71915 -0.69486 0.00018
vn 0.54057 -0.8413 0.00017
vn 0.72106 -0.69275 -0.01283
vn 0.56976 -0.82181 -0.00216
vn 0.21204 -0.97726 0.00045
vn 0.2818 -0.95947 -0.00195
vn 0.39868 -0.91709 0.0009
vn 0.39906 -0.91692 0.0009
vn 0.21071 -0.97755 0.00045
vn 0.01735 -0.99985 -0.0006
vn 0 -1 -0.00136
vn -0.36651 -0.93041 0.00067
vn -0.2818 -0.95947 -0.002
vn -0.17831 -0.98397 0.00081
vn -0.17804 -0.98402 0.00081
vn -0.36681 -0.9303 0.00067
vn -0.54105 -0.84099 -0.00108
vn -0.54057 -0.8413 -0.00105
vn -0.82174 -0.56986 0.00083
vn -0.75567 -0.65495 -0.00199
vn -0.69472 -0.71928 0.00066
vn -0.69487 -0.71914 0.00066
vn -0.82196 -0.56954 0.00083
vn -0.91702 -0.39884 -0.00159
vn -0.9097 -0.41527 -0.00068
vn -0.97731 -0.21181 0.00043
vn -0.9773 -0.21186 0.00043
vn -0.98981 -0.14241 -0.00193
vn -0.99833 -0.05778 0
vn -0.99918 0.0404 0
vn 0 -1 0
vn 0.46945 -0.88296 0
vn 0.82916 -0.55901 0
vn -0.46945 -0.88296 0
vn -0.82916 -0.55901 0
vn 0.82916 -0.55901 0
vn 0.82891 -0.55939 0
vn -0.82891 -0.55939 0
vn -0.82916 -0.55901 0
vn -0.46968 -0.88284 0
vn -0.8289 -0.55939 0
vn -0.46946 -0.88296 0
vn 0.46968 -0.88284 0
vn -0.82916 -0.55901 0
vn 0.82916 -0.55901 0
vn 0.46947 -0.88295 0
vn 0.82906 -0.55916 0
vn -0.46948 -0.88294 0
vn -0.82906 -0.55916 0
vn 0.4695 -0.88293 0
vn 0.82903 -0.5592 0
vn -0.4695 -0.88293 0
vn -0.82906 -0.55916 0
vn 0.82906 -0.55916 0
vn -0.82903 -0.5592 0
vn -0.46947 -0.88295 0
vn -0.82905 -0.55917 0
vn 0.82904 -0.55918 0
vn -0.82903 -0.5592 0
vn 0.93968 -0.34205 0
vn -0.93968 -0.34204 0
vn -0.9397 -0.342 0
vn 0.9397 -0.342 0
vn -0.93968 -0.34205 0
vn 0.93968 -0.34204 0
vn 0.93969 -0.34202 0
vn -0.93969 -0.34202 0
vn 0 1 0
vn -0.77188 0.63577 0
vn -0.50476 0.86326 0
vn -0.17543 0.98449 0
vn 0 -0.08722 0.99619
vn 0 -0.08712 0.9962
vn 0 -0.08716 0.9962
vn 0 -0.08716 0.99619
vn 0 -0.08711 0.9962
vn 0 -0.08716 0.9962
vn 0 -0.08716 0.9962
vn 0 -0.08716 0.99619
vn 0 -0.08712 0.9962
vn -0 -0.08716 0.99619
vn 0 -0.08711 0.9962
vn -0 -0.08716 0.9962
vn -0 -0.08716 0.99619
vn 0 -0.08711 0.9962
vn -0 -0.08712 0.9962
vn -0 -0.08716 0.99619
vn 0 -0.08711 0.9962
vn 0 -0.08722 0.99619
vn 0 -0.08711 0.9962
vn -0 -0.08716 0.99619
vn 0 -0.08716 0.99619
vn -0 -0.08716 0.99619
vn 0 -0.08711 0.9962
vn -0 -0.08716 0.99619
vn 0 -0.08722 0.99619
vn 0 -0.08722 0.99619
vn 0 -0.08722 0.99619
vn -0 -0.08716 0.99619
vn 0 -0.08722 0.99619
vn 0 -0.08717 -0.99619
vn -1E-05 -0.08715 -0.9962
vn 1E-05 -0.08748 -0.99617
vn 0 -0.08712 -0.9962
vn 0 -0.0871 -0.9962
vn 0 -0.08712 -0.9962
vn 0 -0.08714 -0.9962
vn 0 -0.08749 -0.99617
vn -3E-05 -0.08705 -0.9962
vn 1E-05 -0.08748 -0.99617
vn -3E-05 -0.08705 -0.9962
vn 1E-05 -0.08717 -0.99619
vn -3E-05 -0.08705 -0.9962
vn 1E-05 -0.08748 -0.99617
vn -3E-05 -0.08705 -0.9962
vn 1E-05 -0.08748 -0.99617
vn -0 -0.08712 -0.9962
vn -1E-05 -0.08748 -0.99617
vn 0 -0.0871 -0.9962
vn 1E-05 -0.08748 -0.99617
vn 0 -0.0871 -0.9962
vn 0 -0.0871 -0.9962
vn 0 -0.0871 -0.9962
vn 0.17544 0.98449 0
vn 0.50476 0.86326 0
vn 0.7719 0.63575 0
vn 0.25886 -0.96591 0
vn 0.70711 -0.70711 0
vn 0.96591 -0.25887 0
vn 0.96591 0.25887 0
vn 0.70711 0.70711 0
vn 0.25886 0.96591 0
vn -0.25886 0.96591 0
vn -0.70711 0.70711 0
vn -0.96591 0.25887 0
vn -0.96591 -0.25887 0
vn -0.70711 -0.70711 0
vn -0.25886 -0.96591 0
vn 0 -0.70711 -0.70711
vn -0.00042 -0.70723 -0.70698
vn 0.00038 -0.70705 -0.70716
vn 0.00024 -0.70701 -0.70721
vn -0.00081 -0.70658 -0.70763
vn 0.00014 -0.70706 -0.70715
vn -0.0004 -0.70689 -0.70732
vn 0.00048 -0.70725 -0.70697
vn 0.00107 -0.70624 -0.70797
vn 3E-05 -0.70712 -0.70709
vn -0.00023 -0.70727 -0.70695
vn -0.80712 0.59038 0
vn -0.18674 0.98241 0
vn -0.5342 0.84536 0
vn -0.90405 0.42744 0
vn -0.97614 0.21714 0
vn -0.96313 0.26903 0
vn -0.9549 0.29694 0
vn -0.94262 0.33387 0.00106
vn -0.94164 0.33662 0
vn -0.93763 0.34761 -0.00313
vn -0.91117 0.41202 0
vn -0.88785 0.46013 0
vn -0.87991 0.47512 0.00548
vn -0.90285 0.42995 -0.00259
vn -0.91117 0.41202 0
vn -0.92342 0.38379 0
vn -0.24171 -0.97035 0
vn -0.66862 -0.74361 0
vn -0.93931 -0.34306 0
vn -0.99048 0.13767 0
vn 0.90405 0.42743 0
vn 0.87989 0.47517 0
vn 0.89582 0.44441 0
vn 0.94399 0.32998 0
vn 0.91879 0.3947 -0.00613
vn 0.90489 0.42565 0.00184
vn 0.93715 0.34892 0.00184
vn 0.93764 0.3476 0
vn 0.97614 0.21715 0
vn 0.96313 0.26905 0
vn 0.95492 0.29686 0
vn 0.91871 0.39468 -0.01442
vn 0.25886 -0.96591 0
vn 0.70711 -0.70711 0
vn 0.96591 -0.25886 0
vn 0.96591 0.25886 0
vn 0.70711 0.70711 0
vn 0.25886 0.96591 0
vn -0.25886 0.96591 0
vn -0.25886 -0.96591 0
vn 0.90452 0.38857 0.17565
vn 0.02439 0.01255 0.99962
vn 0.12695 0.0619 0.98998
vn 0.16164 0.06944 0.9844
vn 0.44046 0.21848 0.87078
vn 0.31026 0.15784 0.93746
vn 0.1567 0.07985 0.98441
vn 0.31243 0.09644 0.94503
vn 0.1715 0.0789 0.98202
vn 0.8286 0.34258 0.44278
vn 0.75086 0.38167 0.53902
vn 0.80499 0.40866 0.4301
vn 0.74643 0.34743 0.56756
vn 0.65138 0.33859 0.67901
vn 0.47751 0.251 0.84201
vn 0.67527 0.22048 0.70385
vn 0.56227 0.22441 0.79592
vn 0.88188 0.43749 0.17575
vn 0.89709 0.42043 0.13589
vn 0.85918 0.4239 0.28655
vn 0.90451 0.38858 0.17569
vn 0.93513 0.32688 0.1367
vn 0.9262 0.33355 0.17577
vn 0.90189 0.31676 0.2937
vn 0.84647 0.29323 0.44442
vn 0.67077 0.22683 0.70613
vn 0.67075 0.22682 0.70615
vn 0.7884 0.29627 0.53911
vn 0.76087 0.29886 0.57599
vn 0.84648 0.29323 0.44439
vn 0.27503 0.09953 0.95627
vn 0.42178 0.14541 0.89496
vn 0.50959 0.17669 0.84208
vn 0.41854 0.18885 0.88834
vn 0.55184 0.20711 0.80782
vn 0.90452 0.38857 0.17566
vn 0.77398 0.33249 0.53888
vn 0.774 0.33251 0.53886
vn 0.49561 0.21292 0.84204
vn 0.4956 0.2129 0.84205
vn 0.16164 0.06944 0.9844
vn 0.16548 0.0595 0.98442
vn 0.46724 -0.46724 0.75058
vn 0.5659 -0.42854 0.70435
vn 0.69474 -0.18619 0.69474
vn 0.69474 -0.18619 0.69474
vn 0.70694 0.02206 0.70694
vn 0.67073 0.17976 0.71959
vn 0.68612 0.20667 0.69752
vn 0.50859 0.50859 0.69474
vn 0.50859 0.50859 0.69474
vn 0.18619 0.69474 0.69474
vn 0.18619 0.69474 0.69474
vn -0.18619 0.69474 0.69474
vn -0.18619 0.69474 0.69474
vn -0.5086 0.50859 0.69474
vn -0.50859 0.50859 0.69474
vn -0.69474 0.18619 0.69474
vn -0.69474 0.18619 0.69474
vn -0.69474 -0.18619 0.69474
vn -0.69474 -0.18619 0.69474
vn -0.50859 -0.50859 0.69474
vn -0.50859 -0.50859 0.69474
vn -0.18619 -0.69474 0.69474
vn -0.18619 -0.69474 0.69474
vn 0.18619 -0.69474 0.69474
vn 0.18619 -0.69474 0.69474
vn 0.43604 -0.56089 0.70375
vn -0.10652 -0.99431 0
vn -0.2105 -0.97757 0.00631
vn -0.31199 -0.95008 0
vn -0.59407 -0.80442 0
vn -0.87203 -0.48946 0
vn -0.99623 -0.0868 0
vn -0.94805 0.31812 0
vn -0.94382 0.33047 0.00103
vn -0.85565 0.51756 0
vn 0.83143 0.55562 0
vn 0.93187 0.36275 0.00556
vn 0.90868 0.41748 0
vn 0.99989 -0.01475 0
vn 0.89646 -0.44312 0
vn 0.61887 -0.78549 0
vn 0.22005 -0.97549 0
vn 0.11194 -0.99362 0.01378
vn 0.32702 -0.94502 0
vn 0.6454 -0.28886 0.70712
vn 0.6454 -0.28886 0.70712
vn 0.94786 -0.1693 0.27
vn 0.65612 -0.26427 0.70687
vn 0.73533 -0.23264 0.63652
vn 0.72745 -0.26047 0.6348
vn 0.76563 -0.21441 0.60649
vn 0.75606 -0.23956 0.60908
vn 0.76586 -0.216 0.60565
vn 0.77601 -0.18834 0.60195
vn 0.78452 -0.25862 0.56359
vn 0.81922 -0.21292 0.53248
vn 0.81384 -0.23402 0.53189
vn 0.84918 -0.19819 0.4895
vn 0.82802 -0.24744 0.50315
vn 0.85416 -0.20169 0.4793
vn 0.84744 -0.21932 0.48346
vn 0.9405 -0.1982 0.276
vn 0.88757 -0.20162 0.4142
vn 0.89862 -0.17343 0.403
vn 0.89204 -0.22348 0.39283
vn 0.9113 -0.19118 0.36467
vn 0.89499 -0.22916 0.38273
vn 0.9174 -0.20033 0.34388
vn 0.91194 -0.21219 0.35119
vn 0.9289 -0.19624 0.31406
vn -0.99733 0.073 0
vn -0.97598 0.21787 0
vn -0.98935 0.14544 -0.00617
vn 0.7075 -0.1228 0.69597
vn 0.70751 -0.12299 0.69592
vn 0.68026 0.23005 0.69593
vn 0.68016 0.23021 0.69598
vn 0.48784 0.52693 0.69596
vn 0.48783 0.52694 0.69596
vn 0.1769 0.69595 0.69596
vn 0.17693 0.69595 0.69595
vn -0.76679 0.6419 0
vn -0.86995 0.49314 0
vn -0.78763 0.61611 0.00644
vn -0.51766 0.85559 0
vn -0.18038 0.9836 0
vn 0.65045 0.75955 0
vn 0.81479 0.57409 0.08088
vn 0.67936 0.73381 0
vn 0.85288 0.5221 0
vn 0.94728 0.32027 0.00898
vn 0.95524 0.29583 0
vn 0.99777 -0.06672 0
vn 0.98499 -0.17096 0.02374
vn 0.95056 -0.31055 0
vn 0.24635 0.96918 0
vn -0.94062 0.33941 0.00493
vn -0.95523 0.29587 0
vn -0.95561 0.29464 3E-05
vn -0.95559 0.29469 0
vn -0.94242 0.33443 0
vn -0.90672 0.42172 0
vn -0.99144 0 0.13052
vn -0.92387 0 0.3827
vn -0.86603 0 0.5
vn 1 0 0
vn 0.90314 0 0.42934
vn 0.86448 -0.00159 0.50266
vn 0.95697 0 0.29018
vn 0.98078 -0.00355 0.19507
vn 0.99518 0 0.09809
vn 0.10466 0 0.99451
vn 0.19508 -0.00566 0.98077
vn 0.24724 -0.00278 0.96895
vn 0.24624 -0.00281 0.9692
vn 0.60023 -0.00168 0.79982
vn 0.80746 -0.00497 0.5899
vn 0.72393 -0.01336 0.68974
vn 0.83147 -0.00062 0.55557
vn 0.70398 0.00055 0.71022
vn 0.70404 0.00055 0.71016
vn 0.51174 -0.00695 0.85911
vn 0.51146 -0.00697 0.85928
vn 0.55556 -0.00296 0.83147
vn 0.36044 0.00117 0.93278
vn 0.36053 0.00117 0.93275
vn -0.70708 0.00013 -0.70714
vn -0.70711 0 -0.70711
vn -0.70706 -6E-05 -0.70715
vn 0 0.70711 -0.70711
vn -0.00091 0.70669 -0.70753
vn 0.91282 -0.40836 0
vn 0.91277 -0.40848 -1E-05
vn 0.91273 -0.40856 2E-05
vn 0.91275 -0.40852 -9E-05
vn 0.91275 -0.40852 0
vn 0.91274 -0.40855 1E-05
vn 0.91279 -0.40843 -1E-05
vn 0.91274 -0.40853 0
vn 0.91278 -0.40845 -6E-05
vn 0.91274 -0.40855 5E-05
vn 0.91228 -0.40956 0.00095
vn 0.91276 -0.40849 -1E-05
vn 0.91274 -0.40854 2E-05
vn 0.91275 -0.40852 2E-05
vn 0.91275 -0.40851 1E-05
vn 0.91275 -0.40852 -0
vn 0.91275 -0.40851 -0
vn -1 0 0
vn -0.99144 0 0.13057
vn -0.92389 0 0.38265
vn -0.70782 0.62658 0.32619
vn -0.70712 0.67006 0.22582
vn -0.70268 0.70262 0.11209
vn -0.70265 0.70265 0.11213
vn -0.70711 0.70711 0
vn -0.70406 0.70406 0.09269
vn -0.70404 0.70409 0.0927
vn -0.65606 0.70408 0.27176
vn -0.65609 0.70405 0.27176
vn -0.61238 0.7071 0.35355
vn -0.61238 0.7071 0.35355
vn -0.70406 0.70406 0.09272
vn -0.70404 0.70409 0.09269
vn -0.65607 0.70409 0.27172
vn -0.65609 0.70406 0.27177
vn 0.70406 0.70406 -0.09272
vn 0.70404 0.70409 -0.09267
vn 0.65607 0.70409 -0.27172
vn 0.65608 0.70406 -0.27179
vn 0.13928 0.70022 0.70022
vn 0.13928 0.70022 0.70021
vn 0.39664 0.70022 0.59361
vn 0.39664 0.70021 0.59361
vn 0.59361 0.70021 0.39664
vn 0.5936 0.70022 0.39665
vn 0.70021 0.70022 0.13927
vn 0.70022 0.70022 0.13926
vn 0 0.70711 0.70711
vn 0.98527 -0.17101 0
vn 0.9473 0.32035 0
vn 0.67937 0.7338 0
vn 0.61238 0.7071 -0.35356
vn 0.92389 0 -0.38265
vn 0.99144 0 -0.13056
vn -0.65608 -0.70405 0.27178
vn -0.65606 -0.70408 0.27175
vn -0.70404 -0.70409 0.09269
vn -0.70406 -0.70406 0.0927
vn -0.61238 -0.7071 0.35355
vn -0.61238 -0.7071 0.35355
vn -0.6561 -0.70405 0.27174
vn -0.65606 -0.70408 0.27176
vn -0.70403 -0.70409 0.09272
vn -0.70406 -0.70406 0.09269
vn -0.70711 -0.70711 0
vn 0.61238 -0.7071 -0.35356
vn 0.6561 -0.70405 -0.27174
vn 0.65605 -0.70408 -0.27178
vn 0.70403 -0.70409 -0.09271
vn 0.70406 -0.70406 -0.09267
vn 0.70697 -0.70724 2E-05
vn 0.7071 -0.70711 0
vn 0.70709 -0.70712 0
vn 0.70704 -0.70717 2E-05
vn 0.70715 -0.70707 -1E-05
vn 0.7072 -0.70702 -2E-05
vn -0.70021 0.13931 0.70021
vn -0.70018 0.13929 0.70024
vn -0.70019 0.39664 0.59364
vn -0.70018 0.39664 0.59365
vn -0.70019 0.59363 0.39666
vn -0.70022 0.59362 0.39662
vn -0.7002 0.70023 0.1393
vn -0.70022 0.70022 0.13928
vn 0.86602 0 -0.5
vn 0.70406 0.70406 -0.09272
vn 0.70406 0.70406 -0.09271
vn 0.65609 0.70407 -0.27173
vn 0.65612 0.70405 -0.2717
vn 0.6561 -0.70407 -0.27169
vn 0.70406 -0.70406 -0.09272
vn 0.70406 -0.70406 -0.09271
vn -0.70021 -0.70021 0.1393
vn -0.7002 -0.70023 0.13929
vn -0.70021 -0.59361 0.39664
vn -0.70019 -0.59364 0.39664
vn -0.70018 -0.39665 0.59365
vn -0.70019 -0.39664 0.59364
vn -0.70019 -0.13931 0.70024
vn -0.70022 -0.13928 0.70022
vn -0.70711 0 0.70711
vn 0 0.99519 0.09794
vn -0.01266 0.9807 0.1951
vn 0 0.9569 0.2904
vn 0 0.83147 0.55558
vn 0 0.68732 0.72636
vn -0.0051 0.55555 0.83147
vn 0 0.53216 0.84664
vn 0 0.19512 0.98078
vn 0.70721 0.70701 -9E-05
vn 0.7071 0.70712 0
vn 0.70708 0.70713 1E-05
vn 0.99144 0 -0.13057
vn 0.70721 -0.70701 -9E-05
vn 0.7071 -0.70712 0
vn 0.70708 -0.70713 1E-05
vn -0.0316 -0.67012 0.74158
vn 0 -0.55556 0.83148
vn 0 -0.83147 0.55558
vn 0 -0.98078 0.19511
vn -0.02489 -0.99464 0.10033
vn 0 -0.9569 0.2904
vn 0 -0.53216 0.84664
vn 0 -0.19512 0.98078
f 1//1 2//1 3//1
f 4//2 2//2 1//2
f 1//3 5//3 6//3
f 7//4 5//4 1//4
f 8//5 7//5 1//5
f 9//6 10//6 1//6
f 1//7 11//7 12//7
f 13//8 11//8 1//8
f 10//9 13//9 1//9
f 1//10 14//10 15//10
f 16//11 14//11 1//11
f 17//12 16//12 1//12
f 1//13 18//13 19//13
f 20//14 18//14 1//14
f 21//15 20//15 1//15
f 22//16 23//16 1//16
f 1//17 24//17 25//17
f 26//18 24//18 1//18
f 23//19 26//19 1//19
f 27//20 4//20 1//20
f 25//21 27//21 1//21
f 19//22 22//22 1//22
f 15//23 21//23 1//23
f 12//24 17//24 1//24
f 6//25 9//25 1//25
f 3//26 8//26 1//26
f 28//27 9//27 6//27
f 6//27 5//27 28//27
f 28//27 5//27 7//27
f 28//27 7//27 8//27
f 29//27 8//27 3//27
f 3//27 2//27 29//27
f 29//27 2//27 4//27
f 29//27 4//27 27//27
f 24//27 30//27 25//27
f 25//27 30//27 27//27
f 24//27 26//27 30//27
f 30//27 26//27 23//27
f 30//27 23//27 22//27
f 31//27 22//27 19//27
f 19//27 18//27 31//27
f 31//27 18//27 20//27
f 31//27 20//27 21//27
f 9//27 32//27 10//27
f 10//27 32//27 13//27
f 17//27 12//27 32//27
f 32//27 12//27 11//27
f 32//27 11//27 13//27
f 33//27 21//27 15//27
f 15//27 14//27 33//27
f 33//27 14//27 16//27
f 33//27 16//27 17//27
f 34//28 32//28 35//28
f 35//29 32//29 9//29
f 35//30 9//30 28//30
f 29//31 36//31 8//31
f 8//32 36//32 35//32
f 8//33 35//33 28//33
f 36//34 29//34 37//34
f 37//35 29//35 27//35
f 37//36 27//36 30//36
f 31//37 38//37 22//37
f 22//38 38//38 37//38
f 22//39 37//39 30//39
f 33//40 39//40 21//40
f 21//41 39//41 38//41
f 21//42 38//42 31//42
f 39//43 33//43 34//43
f 34//44 33//44 17//44
f 34//45 17//45 32//45
f 40//27 41//27 37//27
f 37//27 41//27 42//27
f 37//27 42//27 43//27
f 44//27 45//27 36//27
f 36//27 45//27 46//27
f 36//27 46//27 47//27
f 43//27 48//27 37//27
f 37//27 48//27 49//27
f 37//27 49//27 36//27
f 36//27 49//27 50//27
f 36//27 50//27 44//27
f 51//27 52//27 38//27
f 38//27 52//27 53//27
f 38//27 53//27 54//27
f 54//27 55//27 38//27
f 38//27 55//27 56//27
f 38//27 56//27 37//27
f 37//27 56//27 57//27
f 37//27 57//27 40//27
f 58//27 59//27 39//27
f 39//27 59//27 60//27
f 61//27 62//27 35//27
f 60//27 63//27 39//27
f 39//27 63//27 64//27
f 39//27 64//27 38//27
f 38//27 64//27 65//27
f 38//27 65//27 51//27
f 66//27 67//27 34//27
f 34//27 67//27 68//27
f 34//27 68//27 69//27
f 69//27 70//27 34//27
f 34//27 70//27 71//27
f 34//27 71//27 39//27
f 39//27 71//27 72//27
f 39//27 72//27 58//27
f 47//27 73//27 36//27
f 36//27 73//27 74//27
f 36//27 74//27 35//27
f 35//27 74//27 75//27
f 35//27 75//27 76//27
f 76//27 77//27 35//27
f 35//27 77//27 78//27
f 35//27 78//27 61//27
f 62//27 79//27 35//27
f 35//27 79//27 80//27
f 35//27 80//27 34//27
f 34//27 80//27 81//27
f 34//27 81//27 66//27
f 82//46 73//46 83//46
f 83//47 73//47 47//47
f 83//48 47//48 84//48
f 84//49 47//49 46//49
f 84//50 46//50 85//50
f 85//51 46//51 45//51
f 85//52 45//52 86//52
f 86//53 45//53 44//53
f 86//54 44//54 87//54
f 87//55 44//55 50//55
f 87//56 50//56 88//56
f 88//57 50//57 49//57
f 88//58 49//58 89//58
f 89//59 49//59 48//59
f 89//60 48//60 90//60
f 90//61 48//61 43//61
f 90//62 43//62 91//62
f 91//63 43//63 42//63
f 91//64 42//64 92//64
f 92//65 42//65 41//65
f 92//66 41//66 93//66
f 93//67 41//67 40//67
f 93//68 40//68 94//68
f 94//69 40//69 57//69
f 94//70 57//70 95//70
f 95//71 57//71 56//71
f 95//72 56//72 96//72
f 96//73 56//73 55//73
f 96//74 55//74 97//74
f 97//75 55//75 54//75
f 97//76 54//76 98//76
f 98//77 54//77 53//77
f 98//78 53//78 99//78
f 99//79 53//79 52//79
f 99//80 52//80 100//80
f 100//81 52//81 51//81
f 100//82 51//82 101//82
f 101//83 51//83 65//83
f 101//84 65//84 102//84
f 102//85 65//85 64//85
f 102//86 64//86 103//86
f 103//87 64//87 63//87
f 103//88 63//88 104//88
f 104//89 63//89 60//89
f 104//90 60//90 105//90
f 105//91 60//91 59//91
f 105//92 59//92 106//92
f 106//93 59//93 58//93
f 106//94 58//94 107//94
f 107//95 58//95 72//95
f 107//96 72//96 108//96
f 108//97 72//97 71//97
f 108//98 71//98 109//98
f 109//99 71//99 70//99
f 109//100 70//100 110//100
f 110//101 70//101 69//101
f 110//102 69//102 111//102
f 111//103 69//103 68//103
f 111//104 68//104 112//104
f 112//105 68//105 67//105
f 112//106 67//106 113//106
f 113//107 67//107 66//107
f 113//108 66//108 114//108
f 114//109 66//109 81//109
f 114//110 81//110 115//110
f 115//111 81//111 80//111
f 115//112 80//112 116//112
f 116//113 80//113 79//113
f 116//114 79//114 117//114
f 117//115 79//115 62//115
f 117//116 62//116 118//116
f 118//117 62//117 61//117
f 118//118 61//118 119//118
f 119//119 61//119 78//119
f 119//120 78//120 120//120
f 120//121 78//121 77//121
f 120//122 77//122 121//122
f 121//123 77//123 76//123
f 121//124 76//124 122//124
f 122//125 76//125 75//125
f 122//126 75//126 123//126
f 123//127 75//127 74//127
f 123//128 74//128 82//128
f 82//129 74//129 73//129
f 124//130 125//130 126//130
f 126//131 125//131 127//131
f 126//132 127//132 128//132
f 128//133 127//133 129//133
f 128//134 129//134 130//134
f 124//135 126//135 131//135
f 131//136 126//136 132//136
f 131//137 132//137 133//137
f 133//138 132//138 134//138
f 133//139 134//139 135//139
f 135//140 134//140 136//140
f 135//141 136//141 137//141
f 138//142 139//142 140//142
f 140//143 139//143 141//143
f 140//144 141//144 136//144
f 136//145 141//145 142//145
f 136//146 142//146 137//146
f 143//147 144//147 145//147
f 145//148 144//148 146//148
f 145//149 146//149 147//149
f 147//150 146//150 148//150
f 147//151 148//151 138//151
f 138//152 148//152 149//152
f 138//153 149//153 139//153
f 143//154 145//154 150//154
f 150//155 145//155 151//155
f 150//156 151//156 152//156
f 152//157 151//157 153//157
f 152//158 153//158 154//158
f 154//159 153//159 155//159
f 154//160 155//160 156//160
f 157//161 158//161 159//161
f 159//162 158//162 160//162
f 159//163 160//163 155//163
f 155//164 160//164 161//164
f 155//165 161//165 156//165
f 162//166 163//166 164//166
f 164//167 163//167 165//167
f 164//168 165//168 166//168
f 166//169 165//169 167//169
f 166//170 167//170 157//170
f 157//171 167//171 168//171
f 157//172 168//172 158//172
f 162//173 164//173 169//173
f 169//174 164//174 170//174
f 169//175 170//175 171//175
f 171//176 170//176 172//176
f 171//177 172//177 173//177
f 173//178 172//178 174//178
f 173//179 174//179 175//179
f 176//180 177//180 178//180
f 178//181 177//181 179//181
f 178//182 179//182 174//182
f 174//183 179//183 180//183
f 174//184 180//184 175//184
f 181//185 182//185 183//185
f 183//186 182//186 184//186
f 183//187 184//187 185//187
f 185//188 184//188 186//188
f 185//189 186//189 176//189
f 176//190 186//190 187//190
f 176//191 187//191 177//191
f 181//192 183//192 188//192
f 188//193 183//193 189//193
f 188//194 189//194 190//194
f 190//195 189//195 191//195
f 190//196 191//196 192//196
f 192//197 191//197 193//197
f 192//198 193//198 194//198
f 195//199 196//199 197//199
f 197//200 196//200 198//200
f 197//201 198//201 193//201
f 193//202 198//202 199//202
f 193//203 199//203 194//203
f 200//204 201//204 202//204
f 202//205 201//205 203//205
f 202//206 203//206 204//206
f 204//207 203//207 205//207
f 204//208 205//208 195//208
f 195//209 205//209 206//209
f 195//210 206//210 196//210
f 200//211 202//211 207//211
f 207//212 202//212 208//212
f 207//213 208//213 209//213
f 209//214 208//214 210//214
f 209//215 210//215 211//215
f 211//216 210//216 212//216
f 211//217 212//217 213//217
f 214//218 215//218 216//218
f 216//219 215//219 217//219
f 216//220 217//220 212//220
f 212//221 217//221 218//221
f 212//222 218//222 213//222
f 219//223 220//223 221//223
f 221//224 220//224 222//224
f 221//225 222//225 223//225
f 223//226 222//226 224//226
f 223//227 224//227 214//227
f 214//228 224//228 225//228
f 214//229 225//229 215//229
f 219//230 221//230 226//230
f 226//231 221//231 227//231
f 226//232 227//232 228//232
f 228//233 227//233 229//233
f 228//234 229//234 230//234
f 230//235 229//235 231//235
f 230//236 231//236 232//236
f 129//237 233//237 130//237
f 130//238 233//238 234//238
f 130//239 234//239 235//239
f 235//240 234//240 236//240
f 235//241 236//241 231//241
f 231//242 236//242 237//242
f 231//243 237//243 232//243
f 223//244 238//244 221//244
f 221//245 238//245 239//245
f 221//246 239//246 227//246
f 227//247 239//247 240//247
f 227//248 240//248 229//248
f 229//249 240//249 241//249
f 229//250 241//250 231//250
f 231//251 241//251 242//251
f 231//252 242//252 235//252
f 235//253 242//253 243//253
f 235//254 243//254 130//254
f 130//255 243//255 244//255
f 130//256 244//256 128//256
f 128//257 244//257 245//257
f 128//258 245//258 126//258
f 126//259 245//259 246//259
f 126//260 246//260 132//260
f 132//261 246//261 247//261
f 132//262 247//262 134//262
f 134//263 247//263 248//263
f 134//264 248//264 136//264
f 136//265 248//265 249//265
f 136//266 249//266 140//266
f 140//267 249//267 250//267
f 140//268 250//268 138//268
f 138//269 250//269 251//269
f 138//270 251//270 147//270
f 147//271 251//271 252//271
f 147//272 252//272 145//272
f 145//273 252//273 253//273
f 145//274 253//274 151//274
f 151//275 253//275 254//275
f 151//276 254//276 153//276
f 153//277 254//277 255//277
f 153//278 255//278 155//278
f 155//279 255//279 256//279
f 155//280 256//280 159//280
f 159//281 256//281 257//281
f 159//282 257//282 157//282
f 157//283 257//283 258//283
f 157//284 258//284 166//284
f 166//285 258//285 259//285
f 166//286 259//286 164//286
f 164//287 259//287 260//287
f 164//288 260//288 170//288
f 170//289 260//289 261//289
f 170//290 261//290 172//290
f 172//291 261//291 262//291
f 172//292 262//292 174//292
f 174//293 262//293 263//293
f 174//294 263//294 178//294
f 178//295 263//295 264//295
f 178//296 264//296 176//296
f 176//297 264//297 265//297
f 176//298 265//298 185//298
f 185//299 265//299 266//299
f 185//300 266//300 183//300
f 183//301 266//301 267//301
f 183//302 267//302 189//302
f 189//303 267//303 268//303
f 189//304 268//304 191//304
f 191//305 268//305 269//305
f 191//306 269//306 193//306
f 193//307 269//307 270//307
f 193//308 270//308 197//308
f 197//309 270//309 271//309
f 197//310 271//310 195//310
f 195//311 271//311 272//311
f 195//312 272//312 204//312
f 204//313 272//313 273//313
f 204//314 273//314 202//314
f 202//315 273//315 274//315
f 202//316 274//316 208//316
f 208//317 274//317 275//317
f 208//318 275//318 210//318
f 210//319 275//319 276//319
f 210//320 276//320 212//320
f 212//321 276//321 277//321
f 212//322 277//322 216//322
f 216//323 277//323 278//323
f 216//324 278//324 214//324
f 214//325 278//325 279//325
f 214//326 279//326 223//326
f 223//327 279//327 238//327
f 238//328 82//328 239//328
f 239//329 82//329 83//329
f 239//330 83//330 240//330
f 240//331 83//331 84//331
f 240//332 84//332 241//332
f 241//333 84//333 85//333
f 241//334 85//334 242//334
f 242//335 85//335 86//335
f 242//336 86//336 243//336
f 243//337 86//337 87//337
f 243//338 87//338 244//338
f 244//339 87//339 88//339
f 244//340 88//340 245//340
f 245//341 88//341 89//341
f 245//342 89//342 246//342
f 246//343 89//343 90//343
f 246//344 90//344 247//344
f 247//345 90//345 91//345
f 247//346 91//346 248//346
f 248//347 91//347 92//347
f 248//348 92//348 249//348
f 249//349 92//349 93//349
f 249//350 93//350 250//350
f 250//351 93//351 94//351
f 250//352 94//352 251//352
f 251//353 94//353 95//353
f 251//354 95//354 252//354
f 252//355 95//355 96//355
f 252//356 96//356 253//356
f 253//357 96//357 97//357
f 253//358 97//358 254//358
f 254//359 97//359 98//359
f 254//360 98//360 255//360
f 255//361 98//361 99//361
f 255//362 99//362 256//362
f 256//363 99//363 100//363
f 256//364 100//364 257//364
f 257//365 100//365 101//365
f 257//366 101//366 258//366
f 258//367 101//367 102//367
f 258//368 102//368 259//368
f 259//369 102//369 103//369
f 259//370 103//370 260//370
f 260//371 103//371 104//371
f 260//372 104//372 261//372
f 261//373 104//373 105//373
f 261//374 105//374 262//374
f 262//375 105//375 106//375
f 262//376 106//376 263//376
f 263//377 106//377 107//377
f 263//378 107//378 264//378
f 264//379 107//379 108//379
f 264//380 108//380 265//380
f 265//381 108//381 109//381
f 265//382 109//382 266//382
f 266//383 109//383 110//383
f 266//384 110//384 267//384
f 267//385 110//385 111//385
f 267//386 111//386 268//386
f 268//387 111//387 112//387
f 268//388 112//388 269//388
f 269//389 112//389 113//389
f 269//390 113//390 270//390
f 270//391 113//391 114//391
f 270//392 114//392 271//392
f 271//393 114//393 115//393
f 271//394 115//394 272//394
f 272//395 115//395 116//395
f 272//396 116//396 273//396
f 273//397 116//397 117//397
f 273//398 117//398 274//398
f 274//399 117//399 118//399
f 274//400 118//400 275//400
f 275//401 118//401 119//401
f 275//402 119//402 276//402
f 276//403 119//403 120//403
f 276//404 120//404 277//404
f 277//405 120//405 121//405
f 277//406 121//406 278//406
f 278//407 121//407 122//407
f 278//408 122//408 279//408
f 279//409 122//409 123//409
f 279//410 123//410 238//410
f 238//411 123//411 82//411
f 129//412 280//412 233//412
f 233//413 280//413 281//413
f 129//414 127//414 280//414
f 280//415 127//415 125//415
f 280//416 125//416 282//416
f 133//417 283//417 131//417
f 131//418 283//418 282//418
f 131//419 282//419 124//419
f 124//420 282//420 125//420
f 133//421 135//421 283//421
f 283//422 135//422 137//422
f 283//423 137//423 284//423
f 137//424 142//424 284//424
f 284//425 142//425 141//425
f 284//426 141//426 285//426
f 148//427 286//427 149//427
f 149//428 286//428 285//428
f 149//429 285//429 139//429
f 139//430 285//430 141//430
f 148//431 146//431 286//431
f 286//432 146//432 144//432
f 286//433 144//433 287//433
f 152//434 288//434 150//434
f 150//435 288//435 287//435
f 150//436 287//436 143//436
f 143//437 287//437 144//437
f 152//438 154//438 288//438
f 288//439 154//439 156//439
f 288//440 156//440 289//440
f 156//441 161//441 289//441
f 289//442 161//442 160//442
f 289//443 160//443 290//443
f 167//444 291//444 168//444
f 168//445 291//445 290//445
f 168//446 290//446 158//446
f 158//447 290//447 160//447
f 167//448 165//448 291//448
f 291//449 165//449 163//449
f 291//450 163//450 292//450
f 171//451 293//451 169//451
f 169//452 293//452 292//452
f 169//453 292//453 162//453
f 162//454 292//454 163//454
f 171//455 173//455 293//455
f 293//456 173//456 175//456
f 293//457 175//457 294//457
f 175//458 180//458 294//458
f 294//459 180//459 179//459
f 294//460 179//460 295//460
f 186//461 296//461 187//461
f 187//462 296//462 295//462
f 187//463 295//463 177//463
f 177//464 295//464 179//464
f 186//465 184//465 296//465
f 296//466 184//466 182//466
f 296//467 182//467 297//467
f 190//468 298//468 188//468
f 188//469 298//469 297//469
f 188//470 297//470 181//470
f 181//471 297//471 182//471
f 190//472 192//472 298//472
f 298//473 192//473 194//473
f 298//474 194//474 299//474
f 194//475 199//475 299//475
f 299//476 199//476 198//476
f 299//477 198//477 300//477
f 205//478 301//478 206//478
f 206//479 301//479 300//479
f 206//480 300//480 196//480
f 196//481 300//481 198//481
f 205//482 203//482 301//482
f 301//483 203//483 201//483
f 301//484 201//484 302//484
f 209//485 303//485 207//485
f 207//486 303//486 302//486
f 207//487 302//487 200//487
f 200//488 302//488 201//488
f 209//489 211//489 303//489
f 303//490 211//490 213//490
f 303//491 213//491 304//491
f 213//492 218//492 304//492
f 304//493 218//493 217//493
f 304//494 217//494 305//494
f 224//495 306//495 225//495
f 225//496 306//496 305//496
f 225//497 305//497 215//497
f 215//498 305//498 217//498
f 224//499 222//499 306//499
f 306//500 222//500 220//500
f 306//501 220//501 307//501
f 228//502 308//502 226//502
f 226//503 308//503 307//503
f 226//504 307//504 219//504
f 219//505 307//505 220//505
f 228//506 230//506 308//506
f 308//507 230//507 232//507
f 308//508 232//508 309//508
f 232//509 237//509 309//509
f 309//510 237//510 236//510
f 309//511 236//511 281//511
f 281//512 236//512 234//512
f 281//513 234//513 233//513
f 310//514 311//514 312//514
f 313//514 314//514 312//514
f 312//514 314//514 315//514
f 312//514 315//514 310//514
f 316//514 317//514 312//514
f 312//514 317//514 318//514
f 312//514 318//514 313//514
f 319//514 320//514 312//514
f 312//514 320//514 321//514
f 312//514 321//514 316//514
f 322//514 323//514 312//514
f 312//514 323//514 324//514
f 312//514 324//514 319//514
f 325//514 326//514 312//514
f 312//514 326//514 327//514
f 312//514 327//514 322//514
f 328//514 329//514 312//514
f 312//514 329//514 330//514
f 312//514 330//514 325//514
f 311//514 331//514 312//514
f 312//514 331//514 332//514
f 312//514 332//514 328//514
f 333//514 334//514 295//514
f 295//514 334//514 294//514
f 335//514 336//514 302//514
f 302//514 336//514 301//514
f 337//514 338//514 287//514
f 287//514 338//514 286//514
f 339//514 303//514 340//514
f 340//514 303//514 304//514
f 340//514 304//514 341//514
f 341//514 304//514 305//514
f 341//514 305//514 342//514
f 342//514 305//514 343//514
f 344//514 297//514 345//514
f 345//514 297//514 298//514
f 345//514 298//514 346//514
f 347//514 288//514 348//514
f 348//514 288//514 289//514
f 348//514 289//514 349//514
f 349//514 289//514 290//514
f 349//514 290//514 350//514
f 350//514 290//514 351//514
f 352//514 282//514 353//514
f 353//514 282//514 283//514
f 353//514 283//514 354//514
f 355//514 308//514 356//514
f 356//514 308//514 309//514
f 356//514 309//514 357//514
f 339//514 358//514 303//514
f 303//514 358//514 359//514
f 303//514 359//514 302//514
f 302//514 359//514 360//514
f 302//514 360//514 335//514
f 361//514 362//514 300//514
f 300//514 362//514 299//514
f 344//514 363//514 297//514
f 297//514 363//514 364//514
f 297//514 364//514 296//514
f 364//514 365//514 296//514
f 296//514 365//514 366//514
f 296//514 366//514 295//514
f 295//514 366//514 367//514
f 295//514 367//514 333//514
f 368//514 293//514 369//514
f 369//514 293//514 294//514
f 369//514 294//514 370//514
f 370//514 294//514 334//514
f 347//514 371//514 288//514
f 288//514 371//514 372//514
f 288//514 372//514 287//514
f 287//514 372//514 373//514
f 287//514 373//514 337//514
f 374//514 375//514 285//514
f 285//514 375//514 284//514
f 357//514 309//514 376//514
f 376//514 309//514 281//514
f 376//514 281//514 377//514
f 378//514 307//514 379//514
f 379//514 307//514 308//514
f 379//514 308//514 380//514
f 380//514 308//514 355//514
f 362//514 381//514 299//514
f 299//514 381//514 382//514
f 299//514 382//514 298//514
f 298//514 382//514 383//514
f 298//514 383//514 346//514
f 384//514 292//514 385//514
f 385//514 292//514 293//514
f 385//514 293//514 386//514
f 386//514 293//514 368//514
f 375//514 387//514 284//514
f 284//514 387//514 388//514
f 284//514 388//514 283//514
f 283//514 388//514 389//514
f 283//514 389//514 354//514
f 352//514 390//514 282//514
f 282//514 390//514 391//514
f 282//514 391//514 280//514
f 391//514 392//514 280//514
f 280//514 392//514 393//514
f 280//514 393//514 281//514
f 281//514 393//514 394//514
f 281//514 394//514 377//514
f 378//514 395//514 307//514
f 307//514 395//514 396//514
f 307//514 396//514 306//514
f 306//514 396//514 397//514
f 306//514 397//514 305//514
f 305//514 397//514 398//514
f 305//514 398//514 343//514
f 336//514 399//514 301//514
f 301//514 399//514 400//514
f 301//514 400//514 300//514
f 300//514 400//514 401//514
f 300//514 401//514 361//514
f 384//514 402//514 292//514
f 292//514 402//514 403//514
f 292//514 403//514 291//514
f 291//514 403//514 404//514
f 291//514 404//514 290//514
f 290//514 404//514 405//514
f 290//514 405//514 351//514
f 338//514 406//514 286//514
f 286//514 406//514 407//514
f 286//514 407//514 285//514
f 285//514 407//514 408//514
f 285//514 408//514 374//514
f 409//515 315//515 410//515
f 410//516 315//516 314//516
f 410//517 314//517 411//517
f 411//518 314//518 313//518
f 411//519 313//519 412//519
f 412//520 313//520 318//520
f 412//521 318//521 413//521
f 413//522 318//522 317//522
f 413//523 317//523 414//523
f 414//524 317//524 316//524
f 414//524 316//524 415//524
f 415//525 316//525 321//525
f 415//526 321//526 416//526
f 416//527 321//527 320//527
f 416//528 320//528 417//528
f 417//529 320//529 319//529
f 417//530 319//530 418//530
f 418//531 319//531 324//531
f 418//532 324//532 419//532
f 419//533 324//533 323//533
f 419//534 323//534 420//534
f 420//535 323//535 322//535
f 420//536 322//536 421//536
f 421//537 322//537 327//537
f 421//538 327//538 422//538
f 422//539 327//539 326//539
f 422//540 326//540 423//540
f 423//541 326//541 325//541
f 423//542 325//542 424//542
f 424//543 325//543 330//543
f 424//544 330//544 425//544
f 425//545 330//545 329//545
f 425//545 329//545 426//545
f 426//546 329//546 328//546
f 426//547 328//547 427//547
f 427//548 328//548 332//548
f 427//549 332//549 428//549
f 428//550 332//550 331//550
f 428//551 331//551 429//551
f 429//552 331//552 311//552
f 429//553 311//553 430//553
f 430//554 311//554 310//554
f 430//555 310//555 409//555
f 409//556 310//556 315//556
f 376//557 377//557 431//557
f 391//558 390//558 432//558
f 389//559 388//559 433//559
f 408//560 407//560 434//560
f 364//561 363//561 435//561
f 383//562 382//562 436//562
f 401//563 400//563 437//563
f 438//564 343//564 398//564
f 438//565 398//565 439//565
f 440//566 341//566 438//566
f 438//567 341//567 342//567
f 438//568 342//568 343//568
f 359//569 358//569 441//569
f 441//570 358//570 339//570
f 441//571 339//571 440//571
f 440//572 339//572 340//572
f 440//573 340//573 341//573
f 359//574 441//574 360//574
f 360//575 441//575 442//575
f 360//576 442//576 335//576
f 335//577 442//577 443//577
f 335//578 443//578 336//578
f 437//579 400//579 443//579
f 443//580 400//580 399//580
f 443//581 399//581 336//581
f 401//582 437//582 361//582
f 361//583 437//583 444//583
f 361//584 444//584 362//584
f 436//585 382//585 444//585
f 444//586 382//586 381//586
f 444//587 381//587 362//587
f 383//588 436//588 346//588
f 346//589 436//589 445//589
f 346//590 445//590 345//590
f 435//591 363//591 445//591
f 445//592 363//592 344//592
f 445//593 344//593 345//593
f 364//594 435//594 365//594
f 365//595 435//595 446//595
f 365//596 446//596 366//596
f 447//597 333//597 446//597
f 446//598 333//598 367//598
f 446//599 367//599 366//599
f 448//600 370//600 447//600
f 447//601 370//601 334//601
f 447//602 334//602 333//602
f 385//603 386//603 449//603
f 449//604 386//604 368//604
f 449//605 368//605 448//605
f 448//606 368//606 369//606
f 448//607 369//607 370//607
f 385//608 449//608 384//608
f 384//609 449//609 450//609
f 384//610 450//610 402//610
f 402//611 450//611 403//611
f 403//612 450//612 451//612
f 403//613 451//613 404//613
f 404//614 451//614 405//614
f 405//615 451//615 452//615
f 405//616 452//616 351//616
f 453//617 349//617 452//617
f 452//618 349//618 350//618
f 452//619 350//619 351//619
f 372//620 371//620 454//620
f 454//621 371//621 347//621
f 454//622 347//622 453//622
f 453//623 347//623 348//623
f 453//624 348//624 349//624
f 372//625 454//625 373//625
f 373//626 454//626 455//626
f 373//627 455//627 337//627
f 337//628 455//628 456//628
f 337//629 456//629 338//629
f 434//630 407//630 456//630
f 456//631 407//631 406//631
f 456//632 406//632 338//632
f 408//633 434//633 374//633
f 374//634 434//634 457//634
f 374//635 457//635 375//635
f 433//636 388//636 457//636
f 457//637 388//637 387//637
f 457//638 387//638 375//638
f 389//639 433//639 354//639
f 354//640 433//640 458//640
f 354//641 458//641 353//641
f 432//642 390//642 458//642
f 458//643 390//643 352//643
f 458//644 352//644 353//644
f 391//645 432//645 392//645
f 392//646 432//646 459//646
f 392//647 459//647 393//647
f 431//648 377//648 459//648
f 459//649 377//649 394//649
f 459//650 394//650 393//650
f 376//651 431//651 357//651
f 357//652 431//652 460//652
f 357//653 460//653 356//653
f 356//654 460//654 355//654
f 355//655 460//655 461//655
f 355//656 461//656 380//656
f 462//657 378//657 461//657
f 461//658 378//658 379//658
f 461//659 379//659 380//659
f 398//660 397//660 439//660
f 439//661 397//661 396//661
f 439//662 396//662 462//662
f 462//663 396//663 395//663
f 462//664 395//664 378//664
f 463//665 464//665 465//665
f 465//666 464//666 466//666
f 465//667 466//667 467//667
f 467//668 466//668 468//668
f 467//669 468//669 469//669
f 469//670 468//670 470//670
f 469//671 470//671 471//671
f 472//672 473//672 474//672
f 474//673 473//673 475//673
f 474//674 475//674 476//674
f 476//675 475//675 477//675
f 476//676 477//676 470//676
f 470//677 477//677 478//677
f 470//678 478//678 471//678
f 479//679 480//679 472//679
f 472//680 480//680 481//680
f 472//681 481//681 473//681
f 482//682 483//682 479//682
f 479//683 483//683 484//683
f 479//684 484//684 480//684
f 485//685 486//685 487//685
f 487//686 486//686 488//686
f 487//687 488//687 482//687
f 482//688 488//688 489//688
f 482//689 489//689 483//689
f 490//690 491//690 485//690
f 485//691 491//691 492//691
f 485//692 492//692 486//692
f 493//693 494//693 495//693
f 495//694 494//694 496//694
f 495//695 496//695 497//695
f 497//696 496//696 498//696
f 497//697 498//697 490//697
f 490//698 498//698 499//698
f 490//699 499//699 491//699
f 493//700 495//700 500//700
f 500//701 495//701 501//701
f 500//702 501//702 502//702
f 502//703 501//703 503//703
f 502//704 503//704 504//704
f 504//705 503//705 505//705
f 504//706 505//706 506//706
f 507//707 508//707 509//707
f 509//708 508//708 510//708
f 509//709 510//709 511//709
f 511//710 510//710 512//710
f 511//711 512//711 513//711
f 513//712 512//712 514//712
f 513//713 514//713 505//713
f 505//714 514//714 515//714
f 505//715 515//715 506//715
f 507//716 509//716 516//716
f 516//717 509//717 517//717
f 516//718 517//718 518//718
f 518//719 517//719 519//719
f 518//720 519//720 520//720
f 520//721 519//721 521//721
f 520//722 521//722 522//722
f 522//723 521//723 523//723
f 523//724 521//724 524//724
f 523//725 524//725 525//725
f 525//726 524//726 526//726
f 526//727 524//727 527//727
f 526//728 527//728 528//728
f 528//729 527//729 529//729
f 529//730 527//730 530//730
f 529//731 530//731 531//731
f 531//732 530//732 532//732
f 531//733 532//733 533//733
f 533//734 532//734 534//734
f 534//735 532//735 535//735
f 534//736 535//736 536//736
f 536//737 535//737 537//737
f 537//738 535//738 538//738
f 537//739 538//739 539//739
f 539//740 538//740 540//740
f 539//741 540//741 541//741
f 463//742 542//742 464//742
f 464//743 542//743 543//743
f 464//744 543//744 544//744
f 544//745 543//745 545//745
f 544//746 545//746 546//746
f 546//747 545//747 547//747
f 546//748 547//748 540//748
f 540//749 547//749 548//749
f 540//750 548//750 541//750
f 450//751 549//751 451//751
f 451//752 549//752 550//752
f 451//753 550//753 452//753
f 452//754 550//754 551//754
f 452//755 551//755 453//755
f 453//756 551//756 552//756
f 453//757 552//757 454//757
f 454//758 552//758 553//758
f 454//759 553//759 455//759
f 455//760 553//760 554//760
f 455//761 554//761 456//761
f 456//762 554//762 555//762
f 456//763 555//763 434//763
f 434//764 555//764 556//764
f 434//765 556//765 457//765
f 457//766 556//766 557//766
f 457//767 557//767 433//767
f 433//768 557//768 558//768
f 433//769 558//769 458//769
f 458//770 558//770 559//770
f 458//771 559//771 432//771
f 432//772 559//772 560//772
f 432//773 560//773 459//773
f 459//774 560//774 561//774
f 459//775 561//775 431//775
f 431//776 561//776 562//776
f 431//777 562//777 460//777
f 460//778 562//778 563//778
f 460//779 563//779 461//779
f 461//780 563//780 564//780
f 461//781 564//781 462//781
f 462//782 564//782 565//782
f 462//783 565//783 439//783
f 439//784 565//784 566//784
f 439//785 566//785 438//785
f 438//786 566//786 567//786
f 438//787 567//787 440//787
f 440//788 567//788 568//788
f 440//789 568//789 441//789
f 441//790 568//790 569//790
f 441//791 569//791 442//791
f 442//792 569//792 570//792
f 442//793 570//793 443//793
f 443//794 570//794 571//794
f 443//795 571//795 437//795
f 437//796 571//796 572//796
f 437//797 572//797 444//797
f 444//798 572//798 573//798
f 444//799 573//799 436//799
f 436//800 573//800 574//800
f 436//801 574//801 445//801
f 445//802 574//802 575//802
f 445//803 575//803 435//803
f 435//804 575//804 576//804
f 435//805 576//805 446//805
f 446//806 576//806 577//806
f 446//807 577//807 447//807
f 447//808 577//808 578//808
f 447//809 578//809 448//809
f 448//810 578//810 579//810
f 448//811 579//811 449//811
f 449//812 579//812 580//812
f 449//813 580//813 450//813
f 450//814 580//814 549//814
f 580//815 497//815 549//815
f 549//816 497//816 490//816
f 549//817 490//817 550//817
f 550//818 490//818 485//818
f 550//819 485//819 551//819
f 551//820 485//820 487//820
f 551//821 487//821 552//821
f 552//822 487//822 482//822
f 552//823 482//823 553//823
f 553//824 482//824 479//824
f 553//825 479//825 554//825
f 554//826 479//826 472//826
f 554//827 472//827 555//827
f 555//828 472//828 474//828
f 555//829 474//829 556//829
f 556//830 474//830 476//830
f 556//831 476//831 557//831
f 557//832 476//832 470//832
f 557//833 470//833 558//833
f 558//834 470//834 468//834
f 558//835 468//835 559//835
f 559//836 468//836 466//836
f 559//837 466//837 560//837
f 560//838 466//838 464//838
f 560//839 464//839 561//839
f 561//840 464//840 544//840
f 561//841 544//841 562//841
f 562//842 544//842 546//842
f 562//843 546//843 563//843
f 563//844 546//844 540//844
f 563//845 540//845 564//845
f 564//846 540//846 538//846
f 564//847 538//847 565//847
f 565//848 538//848 535//848
f 565//849 535//849 566//849
f 566//850 535//850 532//850
f 566//851 532//851 567//851
f 567//852 532//852 530//852
f 567//853 530//853 568//853
f 568//854 530//854 527//854
f 568//855 527//855 569//855
f 569//856 527//856 524//856
f 569//857 524//857 570//857
f 570//858 524//858 521//858
f 570//859 521//859 571//859
f 571//860 521//860 519//860
f 571//861 519//861 572//861
f 572//862 519//862 517//862
f 572//863 517//863 573//863
f 573//864 517//864 509//864
f 573//865 509//865 574//865
f 574//866 509//866 511//866
f 574//867 511//867 575//867
f 575//868 511//868 513//868
f 575//869 513//869 576//869
f 576//870 513//870 505//870
f 576//871 505//871 577//871
f 577//872 505//872 503//872
f 577//873 503//873 578//873
f 578//874 503//874 501//874
f 578//875 501//875 579//875
f 579//876 501//876 495//876
f 579//877 495//877 580//877
f 580//878 495//878 497//878
f 467//879 430//879 465//879
f 465//880 430//880 409//880
f 467//881 469//881 430//881
f 430//882 469//882 471//882
f 430//883 471//883 429//883
f 475//884 428//884 477//884
f 477//885 428//885 429//885
f 477//886 429//886 478//886
f 478//887 429//887 471//887
f 475//888 473//888 428//888
f 428//889 473//889 481//889
f 428//890 481//890 427//890
f 481//891 480//891 427//891
f 427//892 480//892 484//892
f 427//893 484//893 426//893
f 484//894 483//894 426//894
f 426//895 483//895 489//895
f 426//896 489//896 425//896
f 425//897 489//897 488//897
f 425//898 488//898 424//898
f 424//899 488//899 486//899
f 424//900 486//900 492//900
f 498//901 423//901 499//901
f 499//902 423//902 424//902
f 499//903 424//903 491//903
f 491//904 424//904 492//904
f 498//905 496//905 423//905
f 423//906 496//906 494//906
f 423//907 494//907 422//907
f 502//908 421//908 500//908
f 500//909 421//909 422//909
f 500//910 422//910 493//910
f 493//911 422//911 494//911
f 502//912 504//912 421//912
f 421//913 504//913 506//913
f 421//914 506//914 420//914
f 512//915 419//915 514//915
f 514//916 419//916 420//916
f 514//917 420//917 515//917
f 515//918 420//918 506//918
f 512//919 510//919 419//919
f 419//920 510//920 508//920
f 419//921 508//921 418//921
f 518//922 417//922 516//922
f 516//923 417//923 418//923
f 516//924 418//924 507//924
f 507//925 418//925 508//925
f 518//926 520//926 417//926
f 417//927 520//927 522//927
f 417//928 522//928 416//928
f 522//929 523//929 416//929
f 416//930 523//930 525//930
f 416//931 525//931 415//931
f 525//932 526//932 415//932
f 415//933 526//933 528//933
f 415//934 528//934 414//934
f 414//935 528//935 529//935
f 414//936 529//936 413//936
f 413//937 529//937 531//937
f 413//938 531//938 533//938
f 537//939 412//939 536//939
f 536//940 412//940 413//940
f 536//941 413//941 534//941
f 534//942 413//942 533//942
f 537//943 539//943 412//943
f 412//944 539//944 541//944
f 412//945 541//945 411//945
f 545//946 410//946 547//946
f 547//947 410//947 411//947
f 547//948 411//948 548//948
f 548//949 411//949 541//949
f 545//950 543//950 410//950
f 410//951 543//951 542//951
f 410//952 542//952 409//952
f 409//953 542//953 463//953
f 409//954 463//954 465//954
f 581//1 582//1 583//1
f 584//955 582//955 581//955
f 581//3 585//3 586//3
f 587//4 585//4 581//4
f 588//956 587//956 581//956
f 581//957 589//957 590//957
f 591//9 589//9 581//9
f 592//958 591//958 581//958
f 593//959 594//959 581//959
f 581//10 595//10 596//10
f 597//11 595//11 581//11
f 594//960 597//960 581//960
f 581//13 598//13 599//13
f 600//14 598//14 581//14
f 601//961 600//961 581//961
f 581//962 602//962 603//962
f 604//19 602//19 581//19
f 605//963 604//963 581//963
f 606//964 607//964 581//964
f 607//965 584//965 581//965
f 603//966 606//966 581//966
f 599//967 605//967 581//967
f 596//968 601//968 581//968
f 590//969 593//969 581//969
f 586//970 592//970 581//970
f 583//971 588//971 581//971
f 608//27 592//27 586//27
f 586//27 585//27 608//27
f 608//27 585//27 587//27
f 608//27 587//27 588//27
f 582//27 609//27 583//27
f 583//27 609//27 588//27
f 582//27 584//27 609//27
f 609//27 584//27 607//27
f 609//27 607//27 606//27
f 610//27 606//27 603//27
f 603//27 602//27 610//27
f 610//27 602//27 604//27
f 610//27 604//27 605//27
f 611//27 605//27 599//27
f 599//27 598//27 611//27
f 611//27 598//27 600//27
f 611//27 600//27 601//27
f 612//27 593//27 590//27
f 590//27 589//27 612//27
f 612//27 589//27 591//27
f 612//27 591//27 592//27
f 595//27 613//27 596//27
f 596//27 613//27 601//27
f 595//27 597//27 613//27
f 613//27 597//27 594//27
f 613//27 594//27 593//27
f 608//972 614//972 592//972
f 592//973 614//973 615//973
f 592//974 615//974 612//974
f 614//975 608//975 616//975
f 616//976 608//976 588//976
f 616//977 588//977 609//977
f 616//978 609//978 617//978
f 617//979 609//979 606//979
f 617//980 606//980 610//980
f 611//981 618//981 605//981
f 605//982 618//982 617//982
f 605//983 617//983 610//983
f 613//984 619//984 601//984
f 601//985 619//985 618//985
f 601//986 618//986 611//986
f 619//987 613//987 615//987
f 615//988 613//988 593//988
f 615//989 593//989 612//989
f 620//27 621//27 618//27
f 617//27 622//27 623//27
f 624//27 625//27 616//27
f 616//27 625//27 626//27
f 616//27 626//27 627//27
f 620//27 618//27 628//27
f 629//27 630//27 615//27
f 615//27 630//27 631//27
f 632//27 633//27 614//27
f 634//27 635//27 617//27
f 617//27 635//27 636//27
f 617//27 636//27 622//27
f 637//27 638//27 619//27
f 619//27 638//27 639//27
f 619//27 639//27 640//27
f 627//27 641//27 616//27
f 616//27 641//27 642//27
f 616//27 642//27 614//27
f 614//27 642//27 643//27
f 614//27 643//27 632//27
f 623//27 644//27 617//27
f 617//27 644//27 645//27
f 617//27 645//27 616//27
f 616//27 645//27 646//27
f 616//27 646//27 624//27
f 633//27 647//27 614//27
f 614//27 647//27 648//27
f 614//27 648//27 649//27
f 649//27 650//27 614//27
f 614//27 650//27 651//27
f 614//27 651//27 615//27
f 615//27 651//27 652//27
f 615//27 652//27 629//27
f 621//27 653//27 618//27
f 618//27 653//27 654//27
f 618//27 654//27 617//27
f 617//27 654//27 655//27
f 617//27 655//27 634//27
f 640//27 656//27 619//27
f 619//27 656//27 657//27
f 619//27 657//27 618//27
f 618//27 657//27 658//27
f 618//27 658//27 628//27
f 631//27 659//27 615//27
f 615//27 659//27 660//27
f 615//27 660//27 619//27
f 619//27 660//27 661//27
f 619//27 661//27 637//27
f 662//990 641//990 663//990
f 663//991 641//991 627//991
f 663//992 627//992 664//992
f 664//993 627//993 626//993
f 664//994 626//994 665//994
f 665//995 626//995 625//995
f 665//996 625//996 666//996
f 666//997 625//997 624//997
f 666//998 624//998 667//998
f 667//999 624//999 646//999
f 667//1000 646//1000 668//1000
f 668//1001 646//1001 645//1001
f 668//1002 645//1002 669//1002
f 669//1003 645//1003 644//1003
f 669//1004 644//1004 670//1004
f 670//1005 644//1005 623//1005
f 670//1006 623//1006 671//1006
f 671//1007 623//1007 622//1007
f 671//1008 622//1008 672//1008
f 672//1009 622//1009 636//1009
f 672//1010 636//1010 673//1010
f 673//1011 636//1011 635//1011
f 673//1012 635//1012 674//1012
f 674//1013 635//1013 634//1013
f 674//1014 634//1014 675//1014
f 675//1015 634//1015 655//1015
f 675//1016 655//1016 676//1016
f 676//1017 655//1017 654//1017
f 676//1018 654//1018 677//1018
f 677//1019 654//1019 653//1019
f 677//1020 653//1020 678//1020
f 678//1021 653//1021 621//1021
f 678//1022 621//1022 679//1022
f 679//1023 621//1023 620//1023
f 679//1024 620//1024 680//1024
f 680//1025 620//1025 628//1025
f 680//1026 628//1026 681//1026
f 681//1027 628//1027 658//1027
f 681//1028 658//1028 682//1028
f 682//1029 658//1029 657//1029
f 682//1030 657//1030 683//1030
f 683//1031 657//1031 656//1031
f 683//1032 656//1032 684//1032
f 684//1033 656//1033 640//1033
f 684//1034 640//1034 685//1034
f 685//1035 640//1035 639//1035
f 685//1036 639//1036 686//1036
f 686//1037 639//1037 638//1037
f 686//1038 638//1038 687//1038
f 687//1039 638//1039 637//1039
f 687//1040 637//1040 688//1040
f 688//1041 637//1041 661//1041
f 688//1042 661//1042 689//1042
f 689//1043 661//1043 660//1043
f 689//1044 660//1044 690//1044
f 690//1045 660//1045 659//1045
f 690//1046 659//1046 691//1046
f 691//1047 659//1047 631//1047
f 691//1048 631//1048 692//1048
f 692//1049 631//1049 630//1049
f 692//1050 630//1050 693//1050
f 693//1051 630//1051 629//1051
f 693//1052 629//1052 694//1052
f 694//1053 629//1053 652//1053
f 694//1054 652//1054 695//1054
f 695//1055 652//1055 651//1055
f 695//1056 651//1056 696//1056
f 696//1057 651//1057 650//1057
f 696//1058 650//1058 697//1058
f 697//1059 650//1059 649//1059
f 697//1060 649//1060 698//1060
f 698//1061 649//1061 648//1061
f 698//1062 648//1062 699//1062
f 699//1063 648//1063 647//1063
f 699//1064 647//1064 700//1064
f 700//1065 647//1065 633//1065
f 700//1066 633//1066 701//1066
f 701//1067 633//1067 632//1067
f 701//1068 632//1068 702//1068
f 702//1069 632//1069 643//1069
f 702//1070 643//1070 703//1070
f 703//1071 643//1071 642//1071
f 703//1072 642//1072 662//1072
f 662//1073 642//1073 641//1073
f 704//1074 705//1074 706//1074
f 706//1075 705//1075 707//1075
f 706//1076 707//1076 708//1076
f 708//1077 707//1077 709//1077
f 708//1078 709//1078 710//1078
f 710//1079 709//1079 711//1079
f 711//1080 709//1080 712//1080
f 711//1081 712//1081 713//1081
f 713//1082 712//1082 714//1082
f 713//1083 714//1083 715//1083
f 716//1084 717//1084 718//1084
f 718//1085 717//1085 719//1085
f 718//1086 719//1086 720//1086
f 720//1087 719//1087 721//1087
f 720//1088 721//1088 722//1088
f 722//1089 721//1089 723//1089
f 722//1090 723//1090 714//1090
f 714//1091 723//1091 724//1091
f 714//1092 724//1092 715//1092
f 716//1093 718//1093 725//1093
f 725//1094 718//1094 726//1094
f 725//1095 726//1095 727//1095
f 727//1096 726//1096 728//1096
f 727//1097 728//1097 729//1097
f 729//1098 728//1098 730//1098
f 730//1099 728//1099 731//1099
f 730//1100 731//1100 732//1100
f 732//1101 731//1101 733//1101
f 732//1102 733//1102 734//1102
f 735//1103 736//1103 737//1103
f 737//1104 736//1104 738//1104
f 737//1105 738//1105 739//1105
f 739//1106 738//1106 740//1106
f 739//1107 740//1107 741//1107
f 741//1108 740//1108 742//1108
f 741//1109 742//1109 733//1109
f 733//1110 742//1110 743//1110
f 733//1111 743//1111 734//1111
f 735//1112 737//1112 744//1112
f 744//1113 737//1113 745//1113
f 744//1114 745//1114 746//1114
f 746//1115 745//1115 747//1115
f 746//1116 747//1116 748//1116
f 748//1117 747//1117 749//1117
f 749//1118 747//1118 750//1118
f 749//1119 750//1119 751//1119
f 751//1120 750//1120 752//1120
f 751//1121 752//1121 753//1121
f 754//1122 755//1122 756//1122
f 756//1123 755//1123 757//1123
f 756//1124 757//1124 758//1124
f 758//1125 757//1125 759//1125
f 758//1126 759//1126 760//1126
f 760//1127 759//1127 761//1127
f 760//1128 761//1128 752//1128
f 752//1129 761//1129 762//1129
f 752//1130 762//1130 753//1130
f 754//1131 756//1131 763//1131
f 763//1132 756//1132 764//1132
f 763//1133 764//1133 765//1133
f 765//1134 764//1134 766//1134
f 765//1135 766//1135 767//1135
f 767//1136 766//1136 768//1136
f 768//1137 766//1137 769//1137
f 768//1138 769//1138 770//1138
f 770//1139 769//1139 771//1139
f 770//1140 771//1140 772//1140
f 773//1141 774//1141 775//1141
f 775//1142 774//1142 776//1142
f 775//1143 776//1143 777//1143
f 777//1144 776//1144 778//1144
f 777//1145 778//1145 779//1145
f 779//1146 778//1146 780//1146
f 779//1147 780//1147 771//1147
f 771//1148 780//1148 781//1148
f 771//1149 781//1149 772//1149
f 773//1150 775//1150 782//1150
f 782//1151 775//1151 783//1151
f 782//1152 783//1152 784//1152
f 784//1153 783//1153 785//1153
f 784//1154 785//1154 786//1154
f 786//1155 785//1155 787//1155
f 787//1156 785//1156 788//1156
f 787//1157 788//1157 789//1157
f 789//1158 788//1158 790//1158
f 789//1159 790//1159 791//1159
f 792//1160 793//1160 794//1160
f 794//1161 793//1161 795//1161
f 794//1162 795//1162 796//1162
f 796//1163 795//1163 797//1163
f 796//1164 797//1164 798//1164
f 798//1165 797//1165 799//1165
f 798//1166 799//1166 790//1166
f 790//1167 799//1167 800//1167
f 790//1168 800//1168 791//1168
f 792//1169 794//1169 801//1169
f 801//1170 794//1170 802//1170
f 801//1171 802//1171 803//1171
f 803//1172 802//1172 804//1172
f 803//1173 804//1173 805//1173
f 805//1174 804//1174 806//1174
f 806//1175 804//1175 807//1175
f 806//1176 807//1176 808//1176
f 808//1177 807//1177 809//1177
f 808//1178 809//1178 810//1178
f 704//1179 811//1179 705//1179
f 705//1180 811//1180 812//1180
f 705//1181 812//1181 813//1181
f 813//1182 812//1182 814//1182
f 813//1183 814//1183 815//1183
f 815//1184 814//1184 816//1184
f 815//1185 816//1185 809//1185
f 809//1186 816//1186 817//1186
f 809//1187 817//1187 810//1187
f 802//1188 818//1188 804//1188
f 804//1189 818//1189 819//1189
f 804//1190 819//1190 807//1190
f 807//1191 819//1191 820//1191
f 807//1192 820//1192 809//1192
f 809//1193 820//1193 821//1193
f 809//1194 821//1194 815//1194
f 815//1195 821//1195 822//1195
f 815//1196 822//1196 813//1196
f 813//1197 822//1197 823//1197
f 813//1198 823//1198 705//1198
f 705//1199 823//1199 824//1199
f 705//1200 824//1200 707//1200
f 707//1201 824//1201 825//1201
f 707//1202 825//1202 709//1202
f 709//1203 825//1203 826//1203
f 709//1204 826//1204 712//1204
f 712//1205 826//1205 827//1205
f 712//1206 827//1206 714//1206
f 714//1207 827//1207 828//1207
f 714//1208 828//1208 722//1208
f 722//1209 828//1209 829//1209
f 722//1210 829//1210 720//1210
f 720//1211 829//1211 830//1211
f 720//1212 830//1212 718//1212
f 718//1213 830//1213 831//1213
f 718//1214 831//1214 726//1214
f 726//1215 831//1215 832//1215
f 726//1216 832//1216 728//1216
f 728//1217 832//1217 833//1217
f 728//1218 833//1218 731//1218
f 731//1219 833//1219 834//1219
f 731//1220 834//1220 733//1220
f 733//1221 834//1221 835//1221
f 733//1222 835//1222 741//1222
f 741//1223 835//1223 836//1223
f 741//1224 836//1224 739//1224
f 739//1225 836//1225 837//1225
f 739//1226 837//1226 737//1226
f 737//1227 837//1227 838//1227
f 737//1228 838//1228 745//1228
f 745//1229 838//1229 839//1229
f 745//1230 839//1230 747//1230
f 747//1231 839//1231 840//1231
f 747//1232 840//1232 750//1232
f 750//1233 840//1233 841//1233
f 750//1234 841//1234 752//1234
f 752//1235 841//1235 842//1235
f 752//1236 842//1236 760//1236
f 760//1237 842//1237 843//1237
f 760//1238 843//1238 758//1238
f 758//1239 843//1239 844//1239
f 758//1240 844//1240 756//1240
f 756//1241 844//1241 845//1241
f 756//1242 845//1242 764//1242
f 764//1243 845//1243 846//1243
f 764//1244 846//1244 766//1244
f 766//1245 846//1245 847//1245
f 766//1246 847//1246 769//1246
f 769//1247 847//1247 848//1247
f 769//1248 848//1248 771//1248
f 771//1249 848//1249 849//1249
f 771//1250 849//1250 779//1250
f 779//1251 849//1251 850//1251
f 779//1252 850//1252 777//1252
f 777//1253 850//1253 851//1253
f 777//1254 851//1254 775//1254
f 775//1255 851//1255 852//1255
f 775//1256 852//1256 783//1256
f 783//1257 852//1257 853//1257
f 783//1258 853//1258 785//1258
f 785//1259 853//1259 854//1259
f 785//1260 854//1260 788//1260
f 788//1261 854//1261 855//1261
f 788//1262 855//1262 790//1262
f 790//1263 855//1263 856//1263
f 790//1264 856//1264 798//1264
f 798//1265 856//1265 857//1265
f 798//1266 857//1266 796//1266
f 796//1267 857//1267 858//1267
f 796//1268 858//1268 794//1268
f 794//1269 858//1269 859//1269
f 794//1270 859//1270 802//1270
f 802//1271 859//1271 818//1271
f 818//1272 662//1272 819//1272
f 819//1273 662//1273 663//1273
f 819//1274 663//1274 820//1274
f 820//1275 663//1275 664//1275
f 820//1276 664//1276 821//1276
f 821//1277 664//1277 665//1277
f 821//1278 665//1278 822//1278
f 822//1279 665//1279 666//1279
f 822//1280 666//1280 823//1280
f 823//1281 666//1281 667//1281
f 823//1282 667//1282 824//1282
f 824//1283 667//1283 668//1283
f 824//1284 668//1284 825//1284
f 825//1285 668//1285 669//1285
f 825//1286 669//1286 826//1286
f 826//1287 669//1287 670//1287
f 826//1288 670//1288 827//1288
f 827//1289 670//1289 671//1289
f 827//1290 671//1290 828//1290
f 828//1291 671//1291 672//1291
f 828//1292 672//1292 829//1292
f 829//1293 672//1293 673//1293
f 829//1294 673//1294 830//1294
f 830//1295 673//1295 674//1295
f 830//1296 674//1296 831//1296
f 831//1297 674//1297 675//1297
f 831//1298 675//1298 832//1298
f 832//1299 675//1299 676//1299
f 832//1300 676//1300 833//1300
f 833//1301 676//1301 677//1301
f 833//1302 677//1302 834//1302
f 834//1303 677//1303 678//1303
f 834//1304 678//1304 835//1304
f 835//1305 678//1305 679//1305
f 835//1306 679//1306 836//1306
f 836//1307 679//1307 680//1307
f 836//1308 680//1308 837//1308
f 837//1309 680//1309 681//1309
f 837//1310 681//1310 838//1310
f 838//1311 681//1311 682//1311
f 838//1312 682//1312 839//1312
f 839//1313 682//1313 683//1313
f 839//1314 683//1314 840//1314
f 840//1315 683//1315 684//1315
f 840//1316 684//1316 841//1316
f 841//1317 684//1317 685//1317
f 841//1318 685//1318 842//1318
f 842//1319 685//1319 686//1319
f 842//1320 686//1320 843//1320
f 843//1321 686//1321 687//1321
f 843//1322 687//1322 844//1322
f 844//1323 687//1323 688//1323
f 844//1324 688//1324 845//1324
f 845//1325 688//1325 689//1325
f 845//1326 689//1326 846//1326
f 846//1327 689//1327 690//1327
f 846//1328 690//1328 847//1328
f 847//1329 690//1329 691//1329
f 847//1330 691//1330 848//1330
f 848//1331 691//1331 692//1331
f 848//1332 692//1332 849//1332
f 849//1333 692//1333 693//1333
f 849//1334 693//1334 850//1334
f 850//1335 693//1335 694//1335
f 850//1336 694//1336 851//1336
f 851//1337 694//1337 695//1337
f 851//1338 695//1338 852//1338
f 852//1339 695//1339 696//1339
f 852//1340 696//1340 853//1340
f 853//1341 696//1341 697//1341
f 853//1342 697//1342 854//1342
f 854//1343 697//1343 698//1343
f 854//1344 698//1344 855//1344
f 855//1345 698//1345 699//1345
f 855//1346 699//1346 856//1346
f 856//1347 699//1347 700//1347
f 856//1348 700//1348 857//1348
f 857//1349 700//1349 701//1349
f 857//1350 701//1350 858//1350
f 858//1351 701//1351 702//1351
f 858//1352 702//1352 859//1352
f 859//1353 702//1353 703//1353
f 859//1354 703//1354 818//1354
f 818//1355 703//1355 662//1355
f 812//1356 811//1356 860//1356
f 860//1357 811//1357 861//1357
f 811//1358 704//1358 861//1358
f 861//1359 704//1359 706//1359
f 861//1360 706//1360 862//1360
f 711//1361 863//1361 710//1361
f 710//1362 863//1362 862//1362
f 710//1363 862//1363 708//1363
f 708//1364 862//1364 706//1364
f 711//1365 713//1365 863//1365
f 863//1366 713//1366 715//1366
f 863//1367 715//1367 864//1367
f 721//1368 865//1368 723//1368
f 723//1369 865//1369 864//1369
f 723//1370 864//1370 724//1370
f 724//1371 864//1371 715//1371
f 721//1372 719//1372 865//1372
f 865//1373 719//1373 717//1373
f 865//1374 717//1374 866//1374
f 717//1375 716//1375 866//1375
f 866//1376 716//1376 725//1376
f 866//1377 725//1377 867//1377
f 730//1378 868//1378 729//1378
f 729//1379 868//1379 867//1379
f 729//1380 867//1380 727//1380
f 727//1381 867//1381 725//1381
f 730//1382 732//1382 868//1382
f 868//1383 732//1383 734//1383
f 868//1384 734//1384 869//1384
f 740//1385 870//1385 742//1385
f 742//1386 870//1386 869//1386
f 742//1387 869//1387 743//1387
f 743//1388 869//1388 734//1388
f 740//1389 738//1389 870//1389
f 870//1390 738//1390 736//1390
f 870//1391 736//1391 871//1391
f 736//1392 735//1392 871//1392
f 871//1393 735//1393 744//1393
f 871//1394 744//1394 872//1394
f 749//1395 873//1395 748//1395
f 748//1396 873//1396 872//1396
f 748//1397 872//1397 746//1397
f 746//1398 872//1398 744//1398
f 749//1399 751//1399 873//1399
f 873//1400 751//1400 753//1400
f 873//1401 753//1401 874//1401
f 759//1402 875//1402 761//1402
f 761//1403 875//1403 874//1403
f 761//1404 874//1404 762//1404
f 762//1405 874//1405 753//1405
f 759//1406 757//1406 875//1406
f 875//1407 757//1407 755//1407
f 875//1408 755//1408 876//1408
f 755//1409 754//1409 876//1409
f 876//1410 754//1410 763//1410
f 876//1411 763//1411 877//1411
f 768//1412 878//1412 767//1412
f 767//1413 878//1413 877//1413
f 767//1414 877//1414 765//1414
f 765//1415 877//1415 763//1415
f 768//1416 770//1416 878//1416
f 878//1417 770//1417 772//1417
f 878//1418 772//1418 879//1418
f 778//1419 880//1419 780//1419
f 780//1420 880//1420 879//1420
f 780//1421 879//1421 781//1421
f 781//1422 879//1422 772//1422
f 778//1423 776//1423 880//1423
f 880//1424 776//1424 774//1424
f 880//1425 774//1425 881//1425
f 774//1426 773//1426 881//1426
f 881//1427 773//1427 782//1427
f 881//1428 782//1428 882//1428
f 787//1429 883//1429 786//1429
f 786//1430 883//1430 882//1430
f 786//1431 882//1431 784//1431
f 784//1432 882//1432 782//1432
f 787//1433 789//1433 883//1433
f 883//1434 789//1434 791//1434
f 883//1435 791//1435 884//1435
f 797//1436 885//1436 799//1436
f 799//1437 885//1437 884//1437
f 799//1438 884//1438 800//1438
f 800//1439 884//1439 791//1439
f 797//1440 795//1440 885//1440
f 885//1441 795//1441 793//1441
f 885//1442 793//1442 886//1442
f 793//1443 792//1443 886//1443
f 886//1444 792//1444 801//1444
f 886//1445 801//1445 887//1445
f 806//1446 888//1446 805//1446
f 805//1447 888//1447 887//1447
f 805//1448 887//1448 803//1448
f 803//1449 887//1449 801//1449
f 806//1450 808//1450 888//1450
f 888//1451 808//1451 810//1451
f 888//1452 810//1452 889//1452
f 810//1453 817//1453 889//1453
f 889//1454 817//1454 816//1454
f 889//1455 816//1455 860//1455
f 860//1456 816//1456 814//1456
f 860//1457 814//1457 812//1457
f 890//514 891//514 892//514
f 893//514 894//514 892//514
f 892//514 894//514 895//514
f 892//514 895//514 890//514
f 896//514 897//514 892//514
f 892//514 897//514 898//514
f 892//514 898//514 893//514
f 899//514 900//514 892//514
f 892//514 900//514 901//514
f 892//514 901//514 896//514
f 902//514 903//514 892//514
f 892//514 903//514 904//514
f 892//514 904//514 899//514
f 905//514 906//514 892//514
f 892//514 906//514 907//514
f 892//514 907//514 902//514
f 908//514 909//514 892//514
f 892//514 909//514 910//514
f 892//514 910//514 905//514
f 891//514 911//514 892//514
f 892//514 911//514 912//514
f 892//514 912//514 908//514
f 913//514 914//514 860//514
f 860//514 914//514 889//514
f 915//514 885//514 916//514
f 916//514 885//514 886//514
f 915//514 917//514 885//514
f 885//514 917//514 918//514
f 885//514 918//514 884//514
f 919//514 875//514 920//514
f 920//514 875//514 876//514
f 920//514 876//514 921//514
f 919//514 922//514 875//514
f 875//514 922//514 923//514
f 875//514 923//514 874//514
f 924//514 870//514 925//514
f 925//514 870//514 871//514
f 924//514 926//514 870//514
f 870//514 926//514 927//514
f 870//514 927//514 869//514
f 918//514 928//514 884//514
f 884//514 928//514 929//514
f 884//514 929//514 883//514
f 929//514 930//514 883//514
f 883//514 930//514 931//514
f 883//514 931//514 882//514
f 882//514 931//514 932//514
f 882//514 932//514 933//514
f 934//514 935//514 880//514
f 880//514 935//514 936//514
f 880//514 936//514 879//514
f 879//514 936//514 937//514
f 879//514 937//514 878//514
f 878//514 937//514 938//514
f 878//514 938//514 939//514
f 921//514 876//514 940//514
f 940//514 876//514 877//514
f 940//514 877//514 941//514
f 927//514 942//514 869//514
f 869//514 942//514 943//514
f 869//514 943//514 868//514
f 943//514 944//514 868//514
f 868//514 944//514 945//514
f 868//514 945//514 867//514
f 867//514 945//514 946//514
f 867//514 946//514 947//514
f 948//514 949//514 865//514
f 865//514 949//514 950//514
f 865//514 950//514 864//514
f 864//514 950//514 951//514
f 864//514 951//514 863//514
f 863//514 951//514 952//514
f 863//514 952//514 953//514
f 954//514 955//514 862//514
f 862//514 955//514 861//514
f 955//514 956//514 861//514
f 861//514 956//514 957//514
f 861//514 957//514 860//514
f 860//514 957//514 958//514
f 860//514 958//514 913//514
f 959//514 960//514 888//514
f 888//514 960//514 887//514
f 933//514 961//514 882//514
f 882//514 961//514 962//514
f 882//514 962//514 881//514
f 881//514 962//514 963//514
f 881//514 963//514 880//514
f 880//514 963//514 964//514
f 880//514 964//514 934//514
f 939//514 965//514 878//514
f 878//514 965//514 966//514
f 878//514 966//514 877//514
f 877//514 966//514 967//514
f 877//514 967//514 941//514
f 968//514 969//514 873//514
f 873//514 969//514 872//514
f 947//514 970//514 867//514
f 867//514 970//514 971//514
f 867//514 971//514 866//514
f 866//514 971//514 972//514
f 866//514 972//514 865//514
f 865//514 972//514 973//514
f 865//514 973//514 948//514
f 953//514 974//514 863//514
f 863//514 974//514 975//514
f 863//514 975//514 862//514
f 862//514 975//514 976//514
f 862//514 976//514 954//514
f 914//514 977//514 889//514
f 889//514 977//514 978//514
f 889//514 978//514 888//514
f 888//514 978//514 979//514
f 888//514 979//514 959//514
f 960//514 980//514 887//514
f 887//514 980//514 981//514
f 887//514 981//514 886//514
f 886//514 981//514 982//514
f 886//514 982//514 916//514
f 923//514 983//514 874//514
f 874//514 983//514 984//514
f 874//514 984//514 873//514
f 873//514 984//514 985//514
f 873//514 985//514 968//514
f 969//514 986//514 872//514
f 872//514 986//514 987//514
f 872//514 987//514 871//514
f 871//514 987//514 988//514
f 871//514 988//514 925//514
f 989//1458 895//1458 990//1458
f 990//516 895//516 894//516
f 990//517 894//517 991//517
f 991//1459 894//1459 893//1459
f 991//1460 893//1460 992//1460
f 992//520 893//520 898//520
f 992//521 898//521 993//521
f 993//522 898//522 897//522
f 993//523 897//523 994//523
f 994//524 897//524 896//524
f 994//524 896//524 995//524
f 995//525 896//525 901//525
f 995//526 901//526 996//526
f 996//527 901//527 900//527
f 996//528 900//528 997//528
f 997//529 900//529 899//529
f 997//530 899//530 998//530
f 998//531 899//531 904//531
f 998//532 904//532 999//532
f 999//533 904//533 903//533
f 999//534 903//534 1000//534
f 1000//535 903//535 902//535
f 1000//536 902//536 1001//536
f 1001//537 902//537 907//537
f 1001//538 907//538 1002//538
f 1002//539 907//539 906//539
f 1002//540 906//540 1003//540
f 1003//541 906//541 905//541
f 1003//542 905//542 1004//542
f 1004//543 905//543 910//543
f 1004//544 910//544 1005//544
f 1005//545 910//545 909//545
f 1005//545 909//545 1006//545
f 1006//546 909//546 908//546
f 1006//547 908//547 1007//547
f 1007//548 908//548 912//548
f 1007//549 912//549 1008//549
f 1008//1461 912//1461 911//1461
f 1008//1462 911//1462 1009//1462
f 1009//552 911//552 891//552
f 1009//553 891//553 1010//553
f 1010//554 891//554 890//554
f 1010//1463 890//1463 989//1463
f 989//1464 890//1464 895//1464
f 958//1465 957//1465 1011//1465
f 976//1466 975//1466 1012//1466
f 951//1467 950//1467 1013//1467
f 972//1468 971//1468 1014//1468
f 967//1469 966//1469 1015//1469
f 937//1470 936//1470 1016//1470
f 963//1471 962//1471 1017//1471
f 1018//1472 916//1472 982//1472
f 1018//1473 982//1473 1019//1473
f 1020//1474 917//1474 1018//1474
f 1018//1475 917//1475 915//1475
f 1018//1476 915//1476 916//1476
f 930//1477 929//1477 1021//1477
f 1021//1478 929//1478 928//1478
f 1021//1479 928//1479 1020//1479
f 1020//1480 928//1480 918//1480
f 1020//1481 918//1481 917//1481
f 930//1482 1021//1482 931//1482
f 931//1483 1021//1483 1022//1483
f 931//1484 1022//1484 932//1484
f 932//1485 1022//1485 1023//1485
f 932//1486 1023//1486 933//1486
f 1017//1487 962//1487 1023//1487
f 1023//1488 962//1488 961//1488
f 1023//1489 961//1489 933//1489
f 963//1490 1017//1490 964//1490
f 964//1491 1017//1491 1024//1491
f 964//1492 1024//1492 934//1492
f 1016//1493 936//1493 1024//1493
f 1024//1494 936//1494 935//1494
f 1024//1495 935//1495 934//1495
f 937//1496 1016//1496 938//1496
f 938//1497 1016//1497 1025//1497
f 938//1498 1025//1498 939//1498
f 1015//1499 966//1499 1025//1499
f 1025//1500 966//1500 965//1500
f 1025//1501 965//1501 939//1501
f 967//1502 1015//1502 941//1502
f 941//1503 1015//1503 1026//1503
f 941//1504 1026//1504 940//1504
f 1027//1505 920//1505 1026//1505
f 1026//1506 920//1506 921//1506
f 1026//1507 921//1507 940//1507
f 1028//1508 922//1508 1027//1508
f 1027//1509 922//1509 919//1509
f 1027//1510 919//1510 920//1510
f 985//1511 984//1511 1029//1511
f 1029//1512 984//1512 983//1512
f 1029//1513 983//1513 1028//1513
f 1028//1514 983//1514 923//1514
f 1028//1515 923//1515 922//1515
f 985//1516 1029//1516 968//1516
f 968//1517 1029//1517 1030//1517
f 968//1518 1030//1518 969//1518
f 969//1519 1030//1519 986//1519
f 986//1520 1030//1520 1031//1520
f 986//1521 1031//1521 987//1521
f 987//1522 1031//1522 988//1522
f 988//1523 1031//1523 1032//1523
f 988//1524 1032//1524 925//1524
f 1033//1525 926//1525 1032//1525
f 1032//1526 926//1526 924//1526
f 1032//1527 924//1527 925//1527
f 944//1528 943//1528 1034//1528
f 1034//1529 943//1529 942//1529
f 1034//1530 942//1530 1033//1530
f 1033//1531 942//1531 927//1531
f 1033//1532 927//1532 926//1532
f 944//1533 1034//1533 945//1533
f 945//1534 1034//1534 1035//1534
f 945//1535 1035//1535 946//1535
f 946//1536 1035//1536 1036//1536
f 946//1537 1036//1537 947//1537
f 1014//1538 971//1538 1036//1538
f 1036//1539 971//1539 970//1539
f 1036//1540 970//1540 947//1540
f 972//1541 1014//1541 973//1541
f 973//1542 1014//1542 1037//1542
f 973//1543 1037//1543 948//1543
f 1013//1544 950//1544 1037//1544
f 1037//1545 950//1545 949//1545
f 1037//1546 949//1546 948//1546
f 951//1547 1013//1547 952//1547
f 952//1548 1013//1548 1038//1548
f 952//1549 1038//1549 953//1549
f 1012//1550 975//1550 1038//1550
f 1038//1551 975//1551 974//1551
f 1038//1552 974//1552 953//1552
f 976//1553 1012//1553 954//1553
f 954//1554 1012//1554 1039//1554
f 954//1555 1039//1555 955//1555
f 1011//1556 957//1556 1039//1556
f 1039//1557 957//1557 956//1557
f 1039//1558 956//1558 955//1558
f 958//1559 1011//1559 913//1559
f 913//1560 1011//1560 1040//1560
f 913//1561 1040//1561 914//1561
f 914//1562 1040//1562 977//1562
f 977//1563 1040//1563 1041//1563
f 977//1564 1041//1564 978//1564
f 1042//1565 959//1565 1041//1565
f 1041//1566 959//1566 979//1566
f 1041//1567 979//1567 978//1567
f 982//1568 981//1568 1019//1568
f 1019//1569 981//1569 980//1569
f 1019//1570 980//1570 1042//1570
f 1042//1571 980//1571 960//1571
f 1042//1572 960//1572 959//1572
f 1043//1573 1044//1573 1045//1573
f 1046//1574 1047//1574 1045//1574
f 1045//1575 1047//1575 1048//1575
f 1045//1576 1048//1576 1043//1576
f 1049//1577 1050//1577 1051//1577
f 1051//1578 1050//1578 1052//1578
f 1051//1579 1052//1579 1046//1579
f 1046//1580 1052//1580 1053//1580
f 1046//1581 1053//1581 1047//1581
f 1054//1582 1055//1582 1049//1582
f 1049//1583 1055//1583 1056//1583
f 1049//1584 1056//1584 1050//1584
f 1057//1585 1058//1585 1059//1585
f 1059//1586 1058//1586 1060//1586
f 1059//1587 1060//1587 1061//1587
f 1061//1588 1060//1588 1062//1588
f 1061//1589 1062//1589 1054//1589
f 1054//1590 1062//1590 1063//1590
f 1054//1591 1063//1591 1055//1591
f 1057//1592 1059//1592 1064//1592
f 1064//1593 1059//1593 1065//1593
f 1064//1594 1065//1594 1066//1594
f 1066//1595 1065//1595 1067//1595
f 1066//1596 1067//1596 1068//1596
f 1068//1597 1067//1597 1069//1597
f 1068//1598 1069//1598 1070//1598
f 1071//1599 1072//1599 1073//1599
f 1073//1600 1072//1600 1074//1600
f 1073//1601 1074//1601 1075//1601
f 1075//1602 1074//1602 1076//1602
f 1075//1603 1076//1603 1077//1603
f 1077//1604 1076//1604 1078//1604
f 1077//1605 1078//1605 1069//1605
f 1069//1606 1078//1606 1079//1606
f 1069//1607 1079//1607 1070//1607
f 1071//1608 1073//1608 1080//1608
f 1080//1609 1073//1609 1081//1609
f 1080//1610 1081//1610 1082//1610
f 1082//1611 1081//1611 1083//1611
f 1082//1612 1083//1612 1084//1612
f 1084//1613 1083//1613 1085//1613
f 1084//1614 1085//1614 1086//1614
f 1086//1615 1085//1615 1087//1615
f 1087//1616 1085//1616 1088//1616
f 1087//1617 1088//1617 1089//1617
f 1089//1618 1088//1618 1090//1618
f 1090//1619 1088//1619 1091//1619
f 1090//1620 1091//1620 1092//1620
f 1092//1621 1091//1621 1093//1621
f 1093//1622 1091//1622 1094//1622
f 1093//1623 1094//1623 1095//1623
f 1095//1624 1094//1624 1096//1624
f 1095//1625 1096//1625 1097//1625
f 1097//1626 1096//1626 1098//1626
f 1098//1627 1096//1627 1099//1627
f 1098//1628 1099//1628 1100//1628
f 1100//1629 1099//1629 1101//1629
f 1101//1630 1099//1630 1102//1630
f 1101//1631 1102//1631 1103//1631
f 1103//1632 1102//1632 1104//1632
f 1103//1633 1104//1633 1105//1633
f 1106//1634 1107//1634 1108//1634
f 1108//1635 1107//1635 1109//1635
f 1108//1636 1109//1636 1110//1636
f 1110//1637 1109//1637 1111//1637
f 1110//1638 1111//1638 1112//1638
f 1112//1639 1111//1639 1113//1639
f 1112//1640 1113//1640 1104//1640
f 1104//1641 1113//1641 1114//1641
f 1104//1642 1114//1642 1105//1642
f 1106//1643 1108//1643 1115//1643
f 1115//1644 1108//1644 1116//1644
f 1115//1645 1116//1645 1117//1645
f 1117//1646 1116//1646 1118//1646
f 1117//1647 1118//1647 1119//1647
f 1119//1648 1118//1648 1120//1648
f 1119//1649 1120//1649 1121//1649
f 1043//1650 1122//1650 1044//1650
f 1044//1651 1122//1651 1123//1651
f 1044//1652 1123//1652 1124//1652
f 1124//1653 1123//1653 1125//1653
f 1124//1654 1125//1654 1126//1654
f 1126//1655 1125//1655 1127//1655
f 1126//1656 1127//1656 1120//1656
f 1120//1657 1127//1657 1128//1657
f 1120//1658 1128//1658 1121//1658
f 1030//1659 1129//1659 1031//1659
f 1031//1660 1129//1660 1130//1660
f 1031//1661 1130//1661 1032//1661
f 1032//1662 1130//1662 1131//1662
f 1032//1663 1131//1663 1033//1663
f 1033//1664 1131//1664 1132//1664
f 1033//1665 1132//1665 1034//1665
f 1034//1666 1132//1666 1133//1666
f 1034//1667 1133//1667 1035//1667
f 1035//1668 1133//1668 1134//1668
f 1035//1669 1134//1669 1036//1669
f 1036//1670 1134//1670 1135//1670
f 1036//1671 1135//1671 1014//1671
f 1014//1672 1135//1672 1136//1672
f 1014//1673 1136//1673 1037//1673
f 1037//1674 1136//1674 1137//1674
f 1037//1675 1137//1675 1013//1675
f 1013//1676 1137//1676 1138//1676
f 1013//1677 1138//1677 1038//1677
f 1038//1678 1138//1678 1139//1678
f 1038//1679 1139//1679 1012//1679
f 1012//1680 1139//1680 1140//1680
f 1012//1681 1140//1681 1039//1681
f 1039//1682 1140//1682 1141//1682
f 1039//1683 1141//1683 1011//1683
f 1011//1684 1141//1684 1142//1684
f 1011//1685 1142//1685 1040//1685
f 1040//1686 1142//1686 1143//1686
f 1040//1687 1143//1687 1041//1687
f 1041//1688 1143//1688 1144//1688
f 1041//1689 1144//1689 1042//1689
f 1042//1690 1144//1690 1145//1690
f 1042//1691 1145//1691 1019//1691
f 1019//1692 1145//1692 1146//1692
f 1019//1693 1146//1693 1018//1693
f 1018//1694 1146//1694 1147//1694
f 1018//1695 1147//1695 1020//1695
f 1020//1696 1147//1696 1148//1696
f 1020//1697 1148//1697 1021//1697
f 1021//1698 1148//1698 1149//1698
f 1021//1699 1149//1699 1022//1699
f 1022//1700 1149//1700 1150//1700
f 1022//1701 1150//1701 1023//1701
f 1023//1702 1150//1702 1151//1702
f 1023//1703 1151//1703 1017//1703
f 1017//1704 1151//1704 1152//1704
f 1017//1705 1152//1705 1024//1705
f 1024//1706 1152//1706 1153//1706
f 1024//1707 1153//1707 1016//1707
f 1016//1708 1153//1708 1154//1708
f 1016//1709 1154//1709 1025//1709
f 1025//1710 1154//1710 1155//1710
f 1025//1711 1155//1711 1015//1711
f 1015//1712 1155//1712 1156//1712
f 1015//1713 1156//1713 1026//1713
f 1026//1714 1156//1714 1157//1714
f 1026//1715 1157//1715 1027//1715
f 1027//1716 1157//1716 1158//1716
f 1027//1717 1158//1717 1028//1717
f 1028//1718 1158//1718 1159//1718
f 1028//1719 1159//1719 1029//1719
f 1029//1720 1159//1720 1160//1720
f 1029//1721 1160//1721 1030//1721
f 1030//1722 1160//1722 1129//1722
f 1160//1723 1077//1723 1129//1723
f 1129//1724 1077//1724 1069//1724
f 1129//1725 1069//1725 1130//1725
f 1130//1726 1069//1726 1067//1726
f 1130//1727 1067//1727 1131//1727
f 1131//1728 1067//1728 1065//1728
f 1131//1729 1065//1729 1132//1729
f 1132//1730 1065//1730 1059//1730
f 1132//1731 1059//1731 1133//1731
f 1133//1732 1059//1732 1061//1732
f 1133//1733 1061//1733 1134//1733
f 1134//1734 1061//1734 1054//1734
f 1134//1735 1054//1735 1135//1735
f 1135//1736 1054//1736 1049//1736
f 1135//1737 1049//1737 1136//1737
f 1136//1738 1049//1738 1051//1738
f 1136//1739 1051//1739 1137//1739
f 1137//1740 1051//1740 1046//1740
f 1137//1741 1046//1741 1138//1741
f 1138//1742 1046//1742 1045//1742
f 1138//1743 1045//1743 1139//1743
f 1139//1744 1045//1744 1044//1744
f 1139//1745 1044//1745 1140//1745
f 1140//1746 1044//1746 1124//1746
f 1140//1747 1124//1747 1141//1747
f 1141//1748 1124//1748 1126//1748
f 1141//1749 1126//1749 1142//1749
f 1142//1750 1126//1750 1120//1750
f 1142//1751 1120//1751 1143//1751
f 1143//1752 1120//1752 1118//1752
f 1143//1753 1118//1753 1144//1753
f 1144//1754 1118//1754 1116//1754
f 1144//1755 1116//1755 1145//1755
f 1145//1756 1116//1756 1108//1756
f 1145//1757 1108//1757 1146//1757
f 1146//1758 1108//1758 1110//1758
f 1146//1759 1110//1759 1147//1759
f 1147//1760 1110//1760 1112//1760
f 1147//1761 1112//1761 1148//1761
f 1148//1762 1112//1762 1104//1762
f 1148//1763 1104//1763 1149//1763
f 1149//1764 1104//1764 1102//1764
f 1149//1765 1102//1765 1150//1765
f 1150//1766 1102//1766 1099//1766
f 1150//1767 1099//1767 1151//1767
f 1151//1768 1099//1768 1096//1768
f 1151//1769 1096//1769 1152//1769
f 1152//1770 1096//1770 1094//1770
f 1152//1771 1094//1771 1153//1771
f 1153//1772 1094//1772 1091//1772
f 1153//1773 1091//1773 1154//1773
f 1154//1774 1091//1774 1088//1774
f 1154//1775 1088//1775 1155//1775
f 1155//1776 1088//1776 1085//1776
f 1155//1777 1085//1777 1156//1777
f 1156//1778 1085//1778 1083//1778
f 1156//1779 1083//1779 1157//1779
f 1157//1780 1083//1780 1081//1780
f 1157//1781 1081//1781 1158//1781
f 1158//1782 1081//1782 1073//1782
f 1158//1783 1073//1783 1159//1783
f 1159//1784 1073//1784 1075//1784
f 1159//1785 1075//1785 1160//1785
f 1160//1786 1075//1786 1077//1786
f 1123//1787 1122//1787 989//1787
f 989//1788 1122//1788 1010//1788
f 1122//1789 1043//1789 1010//1789
f 1010//1790 1043//1790 1048//1790
f 1010//1791 1048//1791 1009//1791
f 1048//1792 1047//1792 1009//1792
f 1009//1793 1047//1793 1053//1793
f 1009//1794 1053//1794 1008//1794
f 1008//1795 1053//1795 1052//1795
f 1008//1796 1052//1796 1007//1796
f 1007//1797 1052//1797 1050//1797
f 1007//1798 1050//1798 1056//1798
f 1062//1799 1006//1799 1063//1799
f 1063//1800 1006//1800 1007//1800
f 1063//1801 1007//1801 1055//1801
f 1055//1802 1007//1802 1056//1802
f 1062//1803 1060//1803 1006//1803
f 1006//1804 1060//1804 1058//1804
f 1006//1805 1058//1805 1005//1805
f 1066//1806 1004//1806 1064//1806
f 1064//1807 1004//1807 1005//1807
f 1064//1808 1005//1808 1057//1808
f 1057//1809 1005//1809 1058//1809
f 1066//1810 1068//1810 1004//1810
f 1004//1811 1068//1811 1070//1811
f 1004//1812 1070//1812 1003//1812
f 1076//1813 1002//1813 1078//1813
f 1078//1814 1002//1814 1003//1814
f 1078//1815 1003//1815 1079//1815
f 1079//1816 1003//1816 1070//1816
f 1076//1817 1074//1817 1002//1817
f 1002//1818 1074//1818 1072//1818
f 1002//1819 1072//1819 1001//1819
f 1082//1820 1000//1820 1080//1820
f 1080//1821 1000//1821 1001//1821
f 1080//1822 1001//1822 1071//1822
f 1071//1823 1001//1823 1072//1823
f 1082//1824 1084//1824 1000//1824
f 1000//1825 1084//1825 1086//1825
f 1000//1826 1086//1826 999//1826
f 1086//1827 1087//1827 999//1827
f 999//1828 1087//1828 1089//1828
f 999//1829 1089//1829 998//1829
f 1089//1830 1090//1830 998//1830
f 998//1831 1090//1831 1092//1831
f 998//1832 1092//1832 997//1832
f 997//1833 1092//1833 1093//1833
f 997//1834 1093//1834 996//1834
f 996//1835 1093//1835 1095//1835
f 996//1836 1095//1836 1097//1836
f 1101//1837 995//1837 1100//1837
f 1100//1838 995//1838 996//1838
f 1100//1839 996//1839 1098//1839
f 1098//1840 996//1840 1097//1840
f 1101//1841 1103//1841 995//1841
f 995//1842 1103//1842 1105//1842
f 995//1843 1105//1843 994//1843
f 1111//1844 993//1844 1113//1844
f 1113//1845 993//1845 994//1845
f 1113//1846 994//1846 1114//1846
f 1114//1847 994//1847 1105//1847
f 1111//1848 1109//1848 993//1848
f 993//1849 1109//1849 1107//1849
f 993//1850 1107//1850 992//1850
f 1117//1851 991//1851 1115//1851
f 1115//1852 991//1852 992//1852
f 1115//1853 992//1853 1106//1853
f 1106//1854 992//1854 1107//1854
f 1117//1855 1119//1855 991//1855
f 991//1856 1119//1856 1121//1856
f 991//1857 1121//1857 990//1857
f 1121//1858 1128//1858 990//1858
f 990//1859 1128//1859 1127//1859
f 990//1860 1127//1860 989//1860
f 989//1861 1127//1861 1125//1861
f 989//1862 1125//1862 1123//1862
f 1161//1863 1162//1863 1163//1863
f 1163//1864 1162//1864 1164//1864
f 1163//1864 1164//1864 1165//1864
f 1165//1865 1164//1865 1166//1865
f 1165//1865 1166//1865 1167//1865
f 1163//1863 1168//1863 1161//1863
f 1161//1866 1168//1866 1169//1866
f 1161//1866 1169//1866 1170//1866
f 1170//1867 1169//1867 1171//1867
f 1170//1867 1171//1867 1172//1867
f 1173//1863 1174//1863 1175//1863
f 1175//1863 1174//1863 1176//1863
f 1177//1863 1178//1863 1179//1863
f 1179//1864 1178//1864 1180//1864
f 1179//1864 1180//1864 1181//1864
f 1181//1868 1180//1868 1182//1868
f 1181//1868 1182//1868 1183//1868
f 1179//1863 1184//1863 1177//1863
f 1177//1866 1184//1866 1185//1866
f 1177//1866 1185//1866 1186//1866
f 1186//1867 1185//1867 1187//1867
f 1186//1867 1187//1867 1188//1867
f 1189//1863 1190//1863 1191//1863
f 1191//1863 1190//1863 1192//1863
f 1193//1863 1194//1863 1195//1863
f 1195//1864 1194//1864 1196//1864
f 1195//1864 1196//1864 1197//1864
f 1197//1869 1196//1869 1198//1869
f 1197//1869 1198//1869 1199//1869
f 1195//1863 1200//1863 1193//1863
f 1193//1866 1200//1866 1201//1866
f 1193//1866 1201//1866 1202//1866
f 1202//1870 1201//1870 1203//1870
f 1202//1870 1203//1870 1204//1870
f 1205//1863 1206//1863 1207//1863
f 1207//1863 1206//1863 1208//1863
f 1209//1863 1210//1863 1211//1863
f 1211//1864 1210//1864 1212//1864
f 1211//1864 1212//1864 1213//1864
f 1213//1869 1212//1869 1214//1869
f 1213//1869 1214//1869 1215//1869
f 1211//1863 1216//1863 1209//1863
f 1209//1866 1216//1866 1217//1866
f 1209//1866 1217//1866 1218//1866
f 1218//1871 1217//1871 1219//1871
f 1218//1871 1219//1871 1220//1871
f 1221//1863 1222//1863 1223//1863
f 1223//1863 1222//1863 1224//1863
f 1225//1863 1226//1863 1227//1863
f 1227//1864 1226//1864 1228//1864
f 1227//1864 1228//1864 1229//1864
f 1229//1865 1228//1865 1230//1865
f 1229//1865 1230//1865 1231//1865
f 1227//1863 1232//1863 1225//1863
f 1225//1866 1232//1866 1233//1866
f 1225//1866 1233//1866 1234//1866
f 1234//1867 1233//1867 1235//1867
f 1234//1867 1235//1867 1236//1867
f 1237//1863 1238//1863 1239//1863
f 1239//1863 1238//1863 1240//1863
f 1241//1863 1242//1863 1243//1863
f 1243//1864 1242//1864 1244//1864
f 1243//1864 1244//1864 1245//1864
f 1245//1865 1244//1865 1246//1865
f 1245//1865 1246//1865 1247//1865
f 1243//1863 1248//1863 1241//1863
f 1241//1872 1248//1872 1249//1872
f 1241//1872 1249//1872 1250//1872
f 1250//1873 1249//1873 1251//1873
f 1250//1873 1251//1873 1252//1873
f 1253//1863 1254//1863 1255//1863
f 1255//1863 1254//1863 1256//1863
f 1257//1863 1258//1863 1259//1863
f 1259//1864 1258//1864 1260//1864
f 1259//1864 1260//1864 1261//1864
f 1261//1869 1260//1869 1262//1869
f 1261//1869 1262//1869 1263//1869
f 1259//1863 1264//1863 1257//1863
f 1257//1874 1264//1874 1265//1874
f 1257//1874 1265//1874 1266//1874
f 1266//1873 1265//1873 1267//1873
f 1266//1873 1267//1873 1268//1873
f 1269//1863 1270//1863 1271//1863
f 1271//1863 1270//1863 1272//1863
f 1273//1863 1274//1863 1275//1863
f 1275//1875 1274//1875 1276//1875
f 1275//1875 1276//1875 1277//1875
f 1277//1869 1276//1869 1278//1869
f 1277//1869 1278//1869 1279//1869
f 1275//1863 1280//1863 1273//1863
f 1273//1866 1280//1866 1281//1866
f 1273//1866 1281//1866 1282//1866
f 1282//1876 1281//1876 1283//1876
f 1282//1876 1283//1876 1284//1876
f 1285//1863 1286//1863 1287//1863
f 1287//1863 1286//1863 1288//1863
f 1289//1863 1290//1863 1291//1863
f 1291//1864 1290//1864 1292//1864
f 1291//1864 1292//1864 1293//1864
f 1293//1877 1292//1877 1294//1877
f 1293//1877 1294//1877 1295//1877
f 1291//1863 1296//1863 1289//1863
f 1289//1866 1296//1866 1297//1866
f 1289//1866 1297//1866 1298//1866
f 1298//1876 1297//1876 1299//1876
f 1298//1876 1299//1876 1300//1876
f 1301//1863 1302//1863 1303//1863
f 1303//1863 1302//1863 1304//1863
f 1305//1863 1306//1863 1307//1863
f 1307//1878 1306//1878 1308//1878
f 1307//1878 1308//1878 1309//1878
f 1309//1879 1308//1879 1310//1879
f 1309//1879 1310//1879 1311//1879
f 1307//1863 1312//1863 1305//1863
f 1305//1880 1312//1880 1313//1880
f 1305//1880 1313//1880 1314//1880
f 1314//1881 1313//1881 1315//1881
f 1314//1881 1315//1881 1316//1881
f 1317//1863 1318//1863 1319//1863
f 1319//1863 1318//1863 1320//1863
f 1321//1863 1322//1863 1323//1863
f 1323//1882 1322//1882 1324//1882
f 1323//1882 1324//1882 1325//1882
f 1325//1883 1324//1883 1326//1883
f 1325//1883 1326//1883 1327//1883
f 1323//1863 1328//1863 1321//1863
f 1321//1884 1328//1884 1329//1884
f 1321//1884 1329//1884 1330//1884
f 1330//1885 1329//1885 1331//1885
f 1330//1885 1331//1885 1332//1885
f 1333//1863 1334//1863 1335//1863
f 1335//1863 1334//1863 1336//1863
f 1337//1863 1338//1863 1339//1863
f 1339//1878 1338//1878 1340//1878
f 1339//1878 1340//1878 1341//1878
f 1341//1886 1340//1886 1342//1886
f 1341//1886 1342//1886 1343//1886
f 1339//1863 1344//1863 1337//1863
f 1337//1884 1344//1884 1345//1884
f 1337//1884 1345//1884 1346//1884
f 1346//1887 1345//1887 1347//1887
f 1346//1887 1347//1887 1348//1887
f 1349//1863 1350//1863 1351//1863
f 1351//1863 1350//1863 1352//1863
f 1353//1863 1354//1863 1355//1863
f 1355//1882 1354//1882 1356//1882
f 1355//1882 1356//1882 1357//1882
f 1357//1883 1356//1883 1358//1883
f 1357//1883 1358//1883 1359//1883
f 1355//1863 1360//1863 1353//1863
f 1353//1888 1360//1888 1361//1888
f 1353//1888 1361//1888 1362//1888
f 1362//1889 1361//1889 1363//1889
f 1362//1889 1363//1889 1364//1889
f 1365//1863 1366//1863 1367//1863
f 1367//1863 1366//1863 1368//1863
f 1369//1863 1370//1863 1371//1863
f 1371//1882 1370//1882 1372//1882
f 1371//1882 1372//1882 1373//1882
f 1373//1890 1372//1890 1374//1890
f 1373//1890 1374//1890 1375//1890
f 1371//1863 1376//1863 1369//1863
f 1369//1884 1376//1884 1377//1884
f 1369//1884 1377//1884 1378//1884
f 1378//1891 1377//1891 1379//1891
f 1378//1891 1379//1891 1380//1891
f 1381//1863 1382//1863 1383//1863
f 1383//1863 1382//1863 1384//1863
f 1385//1863 1386//1863 1387//1863
f 1387//1878 1386//1878 1388//1878
f 1387//1878 1388//1878 1389//1878
f 1389//1886 1388//1886 1390//1886
f 1389//1886 1390//1886 1391//1886
f 1387//1863 1392//1863 1385//1863
f 1385//1888 1392//1888 1393//1888
f 1385//1888 1393//1888 1394//1888
f 1394//1885 1393//1885 1395//1885
f 1394//1885 1395//1885 1396//1885
f 1167//1892 1166//1892 1397//1892
f 1397//1892 1166//1892 1398//1892
f 1174//1893 1173//1893 1171//1893
f 1171//1893 1173//1893 1172//1893
f 1183//1892 1182//1892 1176//1892
f 1176//1892 1182//1892 1175//1892
f 1190//1894 1189//1894 1187//1894
f 1187//1894 1189//1894 1188//1894
f 1199//1895 1198//1895 1192//1895
f 1192//1895 1198//1895 1191//1895
f 1206//1894 1205//1894 1203//1894
f 1203//1894 1205//1894 1204//1894
f 1215//1895 1214//1895 1208//1895
f 1208//1895 1214//1895 1207//1895
f 1222//1896 1221//1896 1219//1896
f 1219//1896 1221//1896 1220//1896
f 1231//1892 1230//1892 1224//1892
f 1224//1892 1230//1892 1223//1892
f 1238//1893 1237//1893 1235//1893
f 1235//1893 1237//1893 1236//1893
f 1247//1897 1246//1897 1240//1897
f 1240//1897 1246//1897 1239//1897
f 1254//1894 1253//1894 1251//1894
f 1251//1894 1253//1894 1252//1894
f 1263//1895 1262//1895 1256//1895
f 1256//1895 1262//1895 1255//1895
f 1270//1894 1269//1894 1267//1894
f 1267//1894 1269//1894 1268//1894
f 1279//1895 1278//1895 1272//1895
f 1272//1895 1278//1895 1271//1895
f 1286//1896 1285//1896 1283//1896
f 1283//1896 1285//1896 1284//1896
f 1295//1892 1294//1892 1288//1892
f 1288//1892 1294//1892 1287//1892
f 1302//1896 1301//1896 1299//1896
f 1299//1896 1301//1896 1300//1896
f 1311//1898 1310//1898 1304//1898
f 1304//1898 1310//1898 1303//1898
f 1318//1899 1317//1899 1315//1899
f 1315//1899 1317//1899 1316//1899
f 1327//1898 1326//1898 1320//1898
f 1320//1898 1326//1898 1319//1898
f 1334//1899 1333//1899 1331//1899
f 1331//1899 1333//1899 1332//1899
f 1343//1898 1342//1898 1336//1898
f 1336//1898 1342//1898 1335//1898
f 1350//1899 1349//1899 1347//1899
f 1347//1899 1349//1899 1348//1899
f 1359//1898 1358//1898 1352//1898
f 1352//1898 1358//1898 1351//1898
f 1366//1899 1365//1899 1363//1899
f 1363//1899 1365//1899 1364//1899
f 1375//1898 1374//1898 1368//1898
f 1368//1898 1374//1898 1367//1898
f 1383//1899 1384//1899 1379//1899
f 1379//1899 1384//1899 1380//1899
f 1391//1898 1390//1898 1381//1898
f 1381//1898 1390//1898 1382//1898
f 1399//1899 1400//1899 1395//1899
f 1395//1899 1400//1899 1396//1899
f 1401//514 1402//514 1403//514
f 1403//514 1402//514 1404//514
f 1405//514 1406//514 1407//514
f 1407//514 1408//514 1405//514
f 1405//514 1408//514 1409//514
f 1405//514 1409//514 1404//514
f 1404//514 1409//514 1410//514
f 1404//514 1410//514 1403//514
f 1411//1900 1405//1900 1412//1900
f 1412//1900 1405//1900 1404//1900
f 1413//27 1414//27 1415//27
f 1415//27 1414//27 1416//27
f 1415//27 1416//27 1417//27
f 1418//27 1419//27 1415//27
f 1415//27 1419//27 1420//27
f 1415//27 1420//27 1413//27
f 1421//27 1422//27 1415//27
f 1415//27 1422//27 1423//27
f 1415//27 1423//27 1418//27
f 1417//27 1424//27 1415//27
f 1415//27 1424//27 1425//27
f 1415//27 1425//27 1421//27
f 1403//1901 1426//1901 1427//1901
f 1403//1901 1427//1901 1401//1901
f 1401//1902 1427//1902 1428//1902
f 1401//1902 1428//1902 1402//1902
f 1402//1903 1428//1903 1412//1903
f 1402//1903 1412//1903 1404//1903
f 1429//1863 1430//1863 1398//1863
f 1398//1863 1430//1863 1397//1863
f 1162//1904 1161//1904 1431//1904
f 1162//1905 1431//1905 1164//1905
f 1365//1906 1367//1906 1364//1906
f 1364//1906 1367//1906 1374//1906
f 1364//1907 1374//1907 1362//1907
f 1362//1908 1374//1908 1353//1908
f 1429//1909 1398//1909 1431//1909
f 1431//1910 1398//1910 1166//1910
f 1431//1911 1166//1911 1164//1911
f 1274//1912 1257//1912 1276//1912
f 1276//1913 1257//1913 1278//1913
f 1384//1906 1382//1906 1380//1906
f 1380//1906 1382//1906 1390//1906
f 1269//1906 1271//1906 1268//1906
f 1268//1906 1271//1906 1278//1906
f 1268//1907 1278//1907 1266//1907
f 1266//1914 1278//1914 1257//1914
f 1400//1906 1432//1906 1396//1906
f 1396//1915 1432//1915 1433//1915
f 1388//1916 1369//1916 1390//1916
f 1390//1917 1369//1917 1378//1917
f 1390//1907 1378//1907 1380//1907
f 1386//1904 1385//1904 1433//1904
f 1433//1918 1385//1918 1394//1918
f 1433//1919 1394//1919 1396//1919
f 1220//1906 1221//1906 1223//1906
f 1205//1906 1207//1906 1204//1906
f 1204//1906 1207//1906 1214//1906
f 1204//1907 1214//1907 1202//1907
f 1202//1907 1214//1907 1212//1907
f 1202//1912 1212//1912 1210//1912
f 1285//1906 1287//1906 1284//1906
f 1284//1906 1287//1906 1294//1906
f 1284//1907 1294//1907 1282//1907
f 1282//1920 1294//1920 1273//1920
f 1348//1906 1349//1906 1351//1906
f 1354//1904 1353//1904 1433//1904
f 1209//1912 1218//1912 1228//1912
f 1228//1907 1218//1907 1220//1907
f 1228//1907 1220//1907 1230//1907
f 1230//1906 1220//1906 1223//1906
f 1337//1912 1346//1912 1356//1912
f 1356//1907 1346//1907 1348//1907
f 1356//1907 1348//1907 1358//1907
f 1358//1906 1348//1906 1351//1906
f 1177//1904 1431//1904 1178//1904
f 1178//1904 1431//1904 1161//1904
f 1178//1912 1161//1912 1180//1912
f 1431//1921 1226//1921 1225//1921
f 1252//1906 1253//1906 1255//1906
f 1237//1906 1239//1906 1236//1906
f 1236//1906 1239//1906 1246//1906
f 1236//1907 1246//1907 1244//1907
f 1301//1906 1303//1906 1300//1906
f 1300//1906 1303//1906 1310//1906
f 1300//1907 1310//1907 1298//1907
f 1298//1922 1310//1922 1289//1922
f 1388//1912 1386//1912 1369//1912
f 1369//1904 1386//1904 1433//1904
f 1369//1904 1433//1904 1370//1904
f 1370//1904 1433//1904 1353//1904
f 1370//1912 1353//1912 1372//1912
f 1372//1923 1353//1923 1374//1923
f 1172//1906 1173//1906 1175//1906
f 1260//1912 1258//1912 1241//1912
f 1241//1904 1258//1904 1431//1904
f 1241//1904 1431//1904 1242//1904
f 1242//1904 1431//1904 1225//1904
f 1242//1912 1225//1912 1244//1912
f 1244//1912 1225//1912 1234//1912
f 1244//1907 1234//1907 1236//1907
f 1241//1912 1250//1912 1260//1912
f 1260//1907 1250//1907 1252//1907
f 1260//1924 1252//1924 1262//1924
f 1262//1906 1252//1906 1255//1906
f 1305//1925 1326//1925 1324//1925
f 1161//1912 1170//1912 1180//1912
f 1180//1907 1170//1907 1172//1907
f 1180//1907 1172//1907 1182//1907
f 1182//1906 1172//1906 1175//1906
f 1193//1904 1431//1904 1194//1904
f 1194//1904 1431//1904 1177//1904
f 1194//1912 1177//1912 1186//1912
f 1322//1904 1321//1904 1433//1904
f 1317//1906 1319//1906 1316//1906
f 1316//1906 1319//1906 1326//1906
f 1316//1907 1326//1907 1314//1907
f 1314//1926 1326//1926 1305//1926
f 1189//1906 1191//1906 1188//1906
f 1188//1906 1191//1906 1198//1906
f 1188//1907 1198//1907 1186//1907
f 1186//1907 1198//1907 1196//1907
f 1186//1912 1196//1912 1194//1912
f 1228//1912 1226//1912 1209//1912
f 1209//1904 1226//1904 1431//1904
f 1209//1904 1431//1904 1210//1904
f 1210//1904 1431//1904 1193//1904
f 1210//1912 1193//1912 1202//1912
f 1273//1904 1433//1904 1274//1904
f 1274//1904 1433//1904 1431//1904
f 1274//1904 1431//1904 1257//1904
f 1257//1904 1431//1904 1258//1904
f 1294//1927 1292//1927 1273//1927
f 1273//1912 1292//1912 1290//1912
f 1273//1904 1290//1904 1433//1904
f 1433//1928 1290//1928 1289//1928
f 1333//1906 1335//1906 1332//1906
f 1332//1906 1335//1906 1342//1906
f 1332//1907 1342//1907 1330//1907
f 1330//1907 1342//1907 1340//1907
f 1330//1912 1340//1912 1321//1912
f 1321//1912 1340//1912 1338//1912
f 1321//1904 1338//1904 1433//1904
f 1433//1929 1338//1929 1337//1929
f 1433//1930 1337//1930 1354//1930
f 1354//1912 1337//1912 1356//1912
f 1310//1931 1308//1931 1289//1931
f 1289//1912 1308//1912 1306//1912
f 1289//1904 1306//1904 1433//1904
f 1433//1932 1306//1932 1305//1932
f 1433//1904 1305//1904 1322//1904
f 1322//1912 1305//1912 1324//1912
f 1434//1863 1432//1863 1399//1863
f 1399//1863 1432//1863 1400//1863
f 1434//1933 1399//1933 1435//1933
f 1435//1934 1399//1934 1395//1934
f 1395//1935 1393//1935 1435//1935
f 1435//1936 1393//1936 1392//1936
f 1435//1937 1392//1937 1387//1937
f 1371//1937 1435//1937 1376//1937
f 1376//1937 1435//1937 1387//1937
f 1376//1938 1387//1938 1389//1938
f 1355//1937 1435//1937 1360//1937
f 1360//1937 1435//1937 1371//1937
f 1360//1938 1371//1938 1373//1938
f 1176//1939 1174//1939 1183//1939
f 1183//1939 1174//1939 1171//1939
f 1183//1940 1171//1940 1181//1940
f 1320//1939 1318//1939 1327//1939
f 1327//1939 1318//1939 1315//1939
f 1336//1939 1334//1939 1343//1939
f 1343//1939 1334//1939 1331//1939
f 1343//1940 1331//1940 1329//1940
f 1256//1939 1254//1939 1263//1939
f 1263//1939 1254//1939 1251//1939
f 1263//1940 1251//1940 1261//1940
f 1261//1941 1251//1941 1259//1941
f 1381//1939 1383//1939 1391//1939
f 1391//1939 1383//1939 1379//1939
f 1391//1940 1379//1940 1389//1940
f 1389//1940 1379//1940 1377//1940
f 1389//1938 1377//1938 1376//1938
f 1368//1939 1366//1939 1375//1939
f 1375//1939 1366//1939 1363//1939
f 1375//1940 1363//1940 1373//1940
f 1373//1940 1363//1940 1361//1940
f 1373//1938 1361//1938 1360//1938
f 1313//1942 1323//1942 1315//1942
f 1315//1943 1323//1943 1325//1943
f 1315//1940 1325//1940 1327//1940
f 1352//1939 1350//1939 1359//1939
f 1359//1939 1350//1939 1347//1939
f 1359//1940 1347//1940 1357//1940
f 1357//1940 1347//1940 1345//1940
f 1357//1938 1345//1938 1344//1938
f 1397//1939 1430//1939 1167//1939
f 1167//1944 1430//1944 1436//1944
f 1208//1939 1206//1939 1215//1939
f 1215//1939 1206//1939 1203//1939
f 1215//1940 1203//1940 1201//1940
f 1304//1939 1302//1939 1311//1939
f 1311//1939 1302//1939 1299//1939
f 1311//1940 1299//1940 1309//1940
f 1309//1945 1299//1945 1307//1945
f 1288//1939 1286//1939 1295//1939
f 1295//1939 1286//1939 1283//1939
f 1295//1940 1283//1940 1293//1940
f 1293//1941 1283//1941 1291//1941
f 1264//1938 1275//1938 1265//1938
f 1265//1946 1275//1946 1267//1946
f 1272//1939 1270//1939 1279//1939
f 1279//1939 1270//1939 1267//1939
f 1279//1940 1267//1940 1277//1940
f 1277//1947 1267//1947 1275//1947
f 1243//1948 1235//1948 1233//1948
f 1232//1937 1227//1937 1436//1937
f 1240//1939 1238//1939 1247//1939
f 1247//1939 1238//1939 1235//1939
f 1247//1940 1235//1940 1245//1940
f 1245//1941 1235//1941 1243//1941
f 1339//1937 1435//1937 1344//1937
f 1344//1937 1435//1937 1355//1937
f 1344//1938 1355//1938 1357//1938
f 1312//1937 1307//1937 1435//1937
f 1195//1948 1187//1948 1185//1948
f 1313//1938 1312//1938 1323//1938
f 1323//1937 1312//1937 1435//1937
f 1323//1937 1435//1937 1328//1937
f 1328//1937 1435//1937 1339//1937
f 1328//1938 1339//1938 1329//1938
f 1329//1938 1339//1938 1341//1938
f 1329//1940 1341//1940 1343//1940
f 1168//1937 1163//1937 1436//1937
f 1436//1949 1163//1949 1165//1949
f 1436//1950 1165//1950 1167//1950
f 1192//1939 1190//1939 1199//1939
f 1199//1939 1190//1939 1187//1939
f 1199//1940 1187//1940 1197//1940
f 1197//1941 1187//1941 1195//1941
f 1299//1948 1297//1948 1307//1948
f 1307//1938 1297//1938 1296//1938
f 1307//1937 1296//1937 1435//1937
f 1435//1951 1296//1951 1291//1951
f 1251//1952 1249//1952 1259//1952
f 1259//1938 1249//1938 1248//1938
f 1259//1937 1248//1937 1436//1937
f 1436//1953 1248//1953 1243//1953
f 1436//1937 1243//1937 1232//1937
f 1232//1938 1243//1938 1233//1938
f 1224//1939 1222//1939 1231//1939
f 1231//1939 1222//1939 1219//1939
f 1231//1940 1219//1940 1229//1940
f 1229//1940 1219//1940 1217//1940
f 1229//1938 1217//1938 1216//1938
f 1211//1937 1436//1937 1216//1937
f 1216//1937 1436//1937 1227//1937
f 1216//1938 1227//1938 1229//1938
f 1171//1940 1169//1940 1181//1940
f 1181//1938 1169//1938 1168//1938
f 1181//1938 1168//1938 1179//1938
f 1179//1937 1168//1937 1436//1937
f 1179//1937 1436//1937 1184//1937
f 1185//1938 1184//1938 1195//1938
f 1195//1937 1184//1937 1436//1937
f 1195//1937 1436//1937 1200//1937
f 1200//1937 1436//1937 1211//1937
f 1200//1938 1211//1938 1201//1938
f 1201//1938 1211//1938 1213//1938
f 1201//1940 1213//1940 1215//1940
f 1283//1948 1281//1948 1291//1948
f 1291//1938 1281//1938 1280//1938
f 1291//1937 1280//1937 1435//1937
f 1435//1954 1280//1954 1275//1954
f 1435//1937 1275//1937 1436//1937
f 1436//1951 1275//1951 1264//1951
f 1436//1955 1264//1955 1259//1955
f 1435//514 1436//514 1437//514
f 1435//514 1437//514 1438//514
f 1438//514 1437//514 1439//514
f 1438//514 1439//514 1440//514
f 1441//1863 1442//1863 1439//1863
f 1439//1863 1442//1863 1440//1863
f 1443//514 1444//514 1445//514
f 1445//514 1444//514 1446//514
f 1445//514 1446//514 1441//514
f 1441//514 1446//514 1442//514
f 1410//1900 1409//1900 1443//1900
f 1443//1900 1409//1900 1444//1900
f 1405//1956 1411//1956 1447//1956
f 1405//1956 1447//1956 1406//1956
f 1406//1957 1447//1957 1448//1957
f 1406//1957 1448//1957 1407//1957
f 1407//1958 1448//1958 1449//1958
f 1407//1958 1449//1958 1408//1958
f 1450//27 1451//27 1452//27
f 1452//27 1451//27 1453//27
f 1452//27 1453//27 1454//27
f 1455//27 1456//27 1452//27
f 1452//27 1456//27 1457//27
f 1452//27 1457//27 1450//27
f 1458//27 1459//27 1452//27
f 1452//27 1459//27 1460//27
f 1452//27 1460//27 1455//27
f 1454//27 1461//27 1452//27
f 1452//27 1461//27 1462//27
f 1452//27 1462//27 1458//27
f 1412//27 1428//27 1427//27
f 1411//27 1412//27 1463//27
f 1463//27 1412//27 1427//27
f 1463//27 1427//27 1464//27
f 1464//27 1427//27 1426//27
f 1464//27 1426//27 1465//27
f 1465//27 1426//27 1466//27
f 1448//27 1447//27 1449//27
f 1449//27 1447//27 1411//27
f 1449//27 1411//27 1467//27
f 1467//27 1411//27 1463//27
f 1416//1959 1468//1959 1417//1959
f 1417//1959 1468//1959 1469//1959
f 1417//1960 1469//1960 1424//1960
f 1424//1960 1469//1960 1470//1960
f 1424//1961 1470//1961 1425//1961
f 1425//1961 1470//1961 1471//1961
f 1425//1962 1471//1962 1421//1962
f 1421//1962 1471//1962 1472//1962
f 1421//1963 1472//1963 1422//1963
f 1422//1963 1472//1963 1473//1963
f 1422//1964 1473//1964 1423//1964
f 1423//1964 1473//1964 1474//1964
f 1423//1965 1474//1965 1418//1965
f 1418//1965 1474//1965 1475//1965
f 1418//1966 1475//1966 1419//1966
f 1419//1966 1475//1966 1476//1966
f 1419//1967 1476//1967 1420//1967
f 1420//1967 1476//1967 1477//1967
f 1420//1968 1477//1968 1413//1968
f 1413//1968 1477//1968 1478//1968
f 1413//1969 1478//1969 1414//1969
f 1414//1969 1478//1969 1479//1969
f 1414//1970 1479//1970 1416//1970
f 1416//1970 1479//1970 1468//1970
f 1480//1971 1481//1971 1482//1971
f 1481//1971 1483//1971 1482//1971
f 1482//1972 1483//1972 1484//1972
f 1482//1973 1484//1973 1485//1973
f 1486//1974 1487//1974 1488//1974
f 1488//1975 1487//1975 1489//1975
f 1488//1976 1489//1976 1490//1976
f 1490//1977 1489//1977 1480//1977
f 1490//1978 1480//1978 1491//1978
f 1491//1971 1480//1971 1482//1971
f 1492//1979 1493//1979 1484//1979
f 1484//1980 1493//1980 1494//1980
f 1484//1981 1494//1981 1485//1981
f 1495//1863 1483//1863 1496//1863
f 1496//1863 1483//1863 1481//1863
f 1466//1982 1497//1982 1498//1982
f 1499//1983 1496//1983 1481//1983
f 1466//1982 1498//1982 1465//1982
f 1465//1984 1498//1984 1499//1984
f 1465//1984 1499//1984 1464//1984
f 1464//1983 1499//1983 1481//1983
f 1464//1983 1481//1983 1463//1983
f 1410//1985 1443//1985 1445//1985
f 1430//1986 1429//1986 1436//1986
f 1436//1986 1429//1986 1431//1986
f 1436//1987 1431//1987 1437//1987
f 1437//1987 1431//1987 1500//1987
f 1437//1988 1500//1988 1439//1988
f 1439//1989 1500//1989 1501//1989
f 1439//1990 1501//1990 1441//1990
f 1441//1991 1501//1991 1445//1991
f 1502//1992 1497//1992 1466//1992
f 1466//1993 1426//1993 1403//1993
f 1403//1994 1410//1994 1466//1994
f 1466//1995 1410//1995 1445//1995
f 1466//1996 1445//1996 1502//1996
f 1502//1997 1445//1997 1501//1997
f 1502//1997 1501//1997 1503//1997
f 1504//1998 1505//1998 1506//1998
f 1504//1998 1506//1998 1507//1998
f 1507//1998 1506//1998 1508//1998
f 1508//1999 1506//1999 1509//1999
f 1508//1999 1509//1999 1510//1999
f 1510//2000 1509//2000 1511//2000
f 1510//2000 1511//2000 1512//2000
f 1512//2001 1511//2001 1503//2001
f 1512//2001 1503//2001 1501//2001
f 1431//27 1433//27 1513//27
f 1501//27 1500//27 1512//27
f 1512//27 1500//27 1510//27
f 1510//27 1500//27 1508//27
f 1508//27 1500//27 1431//27
f 1508//27 1431//27 1507//27
f 1507//27 1431//27 1513//27
f 1507//27 1513//27 1514//27
f 1446//2002 1444//2002 1409//2002
f 1408//2003 1449//2003 1409//2003
f 1409//2003 1449//2003 1467//2003
f 1467//2004 1515//2004 1516//2004
f 1517//2005 1518//2005 1514//2005
f 1467//2004 1516//2004 1409//2004
f 1409//2006 1516//2006 1519//2006
f 1409//2007 1519//2007 1446//2007
f 1446//2008 1519//2008 1440//2008
f 1446//2009 1440//2009 1442//2009
f 1432//2010 1434//2010 1433//2010
f 1433//2010 1434//2010 1435//2010
f 1433//2011 1435//2011 1513//2011
f 1513//2011 1435//2011 1438//2011
f 1513//2012 1438//2012 1514//2012
f 1514//2012 1438//2012 1440//2012
f 1514//2005 1440//2005 1517//2005
f 1517//2013 1440//2013 1519//2013
f 1453//2014 1520//2014 1454//2014
f 1454//2014 1520//2014 1521//2014
f 1454//2015 1521//2015 1461//2015
f 1461//2015 1521//2015 1522//2015
f 1461//2016 1522//2016 1462//2016
f 1462//2016 1522//2016 1523//2016
f 1462//2017 1523//2017 1458//2017
f 1458//2017 1523//2017 1524//2017
f 1458//2018 1524//2018 1459//2018
f 1459//2018 1524//2018 1525//2018
f 1459//2019 1525//2019 1460//2019
f 1460//2019 1525//2019 1526//2019
f 1460//2020 1526//2020 1455//2020
f 1455//2020 1526//2020 1527//2020
f 1455//1966 1527//1966 1456//1966
f 1456//1966 1527//1966 1528//1966
f 1456//1967 1528//1967 1457//1967
f 1457//1967 1528//1967 1529//1967
f 1457//1968 1529//1968 1450//1968
f 1450//1968 1529//1968 1530//1968
f 1450//1969 1530//1969 1451//1969
f 1451//1969 1530//1969 1531//1969
f 1451//2021 1531//2021 1453//2021
f 1453//2021 1531//2021 1520//2021
f 1467//1900 1463//1900 1480//1900
f 1480//1900 1463//1900 1481//1900
f 1532//1900 1533//1900 1480//1900
f 1480//1900 1533//1900 1534//1900
f 1535//1900 1536//1900 1534//1900
f 1534//1900 1536//1900 1537//1900
f 1534//1900 1537//1900 1480//1900
f 1480//1900 1537//1900 1538//1900
f 1480//1900 1538//1900 1539//1900
f 1539//1900 1540//1900 1480//1900
f 1480//1900 1540//1900 1541//1900
f 1480//1900 1541//1900 1542//1900
f 1542//1900 1543//1900 1480//1900
f 1480//1900 1543//1900 1544//1900
f 1480//1900 1544//1900 1545//1900
f 1545//1900 1546//1900 1480//1900
f 1480//1900 1546//1900 1515//1900
f 1480//1900 1515//1900 1467//1900
f 1519//2022 1516//2022 1547//2022
f 1535//2023 1534//2023 1548//2023
f 1549//2024 1550//2024 1551//2024
f 1552//2025 1548//2025 1553//2025
f 1539//2026 1538//2026 1552//2026
f 1552//2027 1538//2027 1537//2027
f 1552//2028 1537//2028 1548//2028
f 1548//2029 1537//2029 1536//2029
f 1548//2030 1536//2030 1535//2030
f 1543//2031 1554//2031 1544//2031
f 1544//2032 1554//2032 1547//2032
f 1544//2033 1547//2033 1545//2033
f 1543//2034 1542//2034 1554//2034
f 1554//2035 1542//2035 1541//2035
f 1554//2036 1541//2036 1552//2036
f 1552//2037 1541//2037 1540//2037
f 1552//2038 1540//2038 1539//2038
f 1516//2039 1515//2039 1547//2039
f 1547//2040 1515//2040 1546//2040
f 1547//2041 1546//2041 1545//2041
f 1555//2042 1517//2042 1519//2042
f 1518//2043 1517//2043 1556//2043
f 1556//2044 1517//2044 1555//2044
f 1556//2045 1555//2045 1557//2045
f 1557//2046 1555//2046 1558//2046
f 1559//2047 1560//2047 1561//2047
f 1561//2048 1560//2048 1562//2048
f 1561//2049 1562//2049 1555//2049
f 1555//2050 1562//2050 1563//2050
f 1555//2051 1563//2051 1558//2051
f 1550//2052 1564//2052 1551//2052
f 1551//2053 1564//2053 1565//2053
f 1551//2054 1565//2054 1561//2054
f 1561//2055 1565//2055 1566//2055
f 1561//2056 1566//2056 1559//2056
f 1519//2057 1547//2057 1555//2057
f 1555//2058 1547//2058 1554//2058
f 1555//2059 1554//2059 1561//2059
f 1561//2060 1554//2060 1552//2060
f 1561//2061 1552//2061 1551//2061
f 1551//2062 1552//2062 1553//2062
f 1551//2063 1553//2063 1549//2063
f 1469//2064 1567//2064 1470//2064
f 1470//2065 1567//2065 1568//2065
f 1470//2066 1568//2066 1471//2066
f 1568//2067 1569//2067 1471//2067
f 1471//2068 1569//2068 1570//2068
f 1471//2069 1570//2069 1472//2069
f 1472//2070 1570//2070 1571//2070
f 1472//2071 1571//2071 1473//2071
f 1473//2072 1571//2072 1572//2072
f 1473//2073 1572//2073 1474//2073
f 1474//2074 1572//2074 1573//2074
f 1474//2075 1573//2075 1475//2075
f 1475//2076 1573//2076 1574//2076
f 1475//2077 1574//2077 1476//2077
f 1476//2078 1574//2078 1575//2078
f 1476//2079 1575//2079 1477//2079
f 1477//2080 1575//2080 1576//2080
f 1477//2081 1576//2081 1478//2081
f 1478//2082 1576//2082 1577//2082
f 1478//2083 1577//2083 1479//2083
f 1479//2084 1577//2084 1578//2084
f 1479//2085 1578//2085 1468//2085
f 1468//2086 1578//2086 1579//2086
f 1468//2087 1579//2087 1469//2087
f 1469//2088 1579//2088 1580//2088
f 1469//2089 1580//2089 1567//2089
f 1483//2090 1495//2090 1484//2090
f 1484//2091 1495//2091 1581//2091
f 1484//2092 1581//2092 1492//2092
f 1492//2093 1581//2093 1582//2093
f 1492//2093 1582//2093 1493//2093
f 1493//2094 1582//2094 1583//2094
f 1493//2094 1583//2094 1494//2094
f 1494//2095 1583//2095 1584//2095
f 1494//2095 1584//2095 1485//2095
f 1485//2096 1584//2096 1482//2096
f 1482//2097 1584//2097 1585//2097
f 1482//2098 1585//2098 1586//2098
f 1587//514 1588//514 1589//514
f 1532//514 1590//514 1533//514
f 1533//514 1590//514 1591//514
f 1533//514 1591//514 1589//514
f 1589//514 1591//514 1592//514
f 1589//514 1592//514 1587//514
f 1491//2099 1593//2099 1588//2099
f 1491//2100 1588//2100 1490//2100
f 1588//2101 1587//2101 1490//2101
f 1490//2102 1587//2102 1592//2102
f 1490//2102 1592//2102 1488//2102
f 1488//2103 1592//2103 1591//2103
f 1488//2103 1591//2103 1486//2103
f 1486//2104 1591//2104 1590//2104
f 1486//2104 1590//2104 1487//2104
f 1532//2105 1480//2105 1590//2105
f 1590//2106 1480//2106 1489//2106
f 1590//2107 1489//2107 1487//2107
f 1491//514 1482//514 1586//514
f 1594//514 1595//514 1586//514
f 1586//514 1595//514 1596//514
f 1586//514 1596//514 1491//514
f 1491//514 1596//514 1597//514
f 1491//514 1597//514 1593//514
f 1593//514 1597//514 1598//514
f 1505//514 1599//514 1506//514
f 1506//514 1599//514 1509//514
f 1498//514 1497//514 1582//514
f 1583//514 1600//514 1584//514
f 1584//514 1600//514 1585//514
f 1601//514 1503//514 1599//514
f 1599//514 1503//514 1511//514
f 1599//514 1511//514 1509//514
f 1582//514 1581//514 1498//514
f 1498//514 1581//514 1495//514
f 1498//514 1495//514 1499//514
f 1499//514 1495//514 1496//514
f 1583//514 1582//514 1600//514
f 1600//514 1582//514 1497//514
f 1600//514 1497//514 1601//514
f 1601//514 1497//514 1502//514
f 1601//514 1502//514 1503//514
f 1599//1900 1505//1900 1602//1900
f 1602//1900 1505//1900 1504//1900
f 1504//1863 1507//1863 1603//1863
f 1603//1863 1507//1863 1514//1863
f 1603//1863 1514//1863 1518//1863
f 1518//1863 1556//1863 1603//1863
f 1603//1863 1556//1863 1557//1863
f 1603//1863 1557//1863 1558//1863
f 1558//1863 1563//1863 1603//1863
f 1603//1863 1563//1863 1562//1863
f 1603//1863 1562//1863 1560//1863
f 1560//1863 1559//1863 1603//1863
f 1603//1863 1559//1863 1566//1863
f 1603//1863 1566//1863 1565//1863
f 1604//1863 1603//1863 1549//1863
f 1549//1863 1603//1863 1565//1863
f 1549//1863 1565//1863 1550//1863
f 1550//1863 1565//1863 1564//1863
f 1571//27 1570//27 1604//27
f 1534//27 1533//27 1520//27
f 1567//27 1580//27 1605//27
f 1605//27 1580//27 1579//27
f 1605//27 1579//27 1533//27
f 1533//27 1579//27 1578//27
f 1533//27 1578//27 1520//27
f 1520//27 1578//27 1577//27
f 1520//27 1577//27 1521//27
f 1575//27 1524//27 1576//27
f 1576//27 1524//27 1523//27
f 1576//27 1523//27 1577//27
f 1577//27 1523//27 1522//27
f 1577//27 1522//27 1521//27
f 1574//27 1573//27 1604//27
f 1604//27 1573//27 1572//27
f 1604//27 1572//27 1571//27
f 1604//27 1549//27 1574//27
f 1574//27 1549//27 1526//27
f 1574//27 1526//27 1575//27
f 1575//27 1526//27 1525//27
f 1575//27 1525//27 1524//27
f 1520//27 1531//27 1534//27
f 1534//27 1531//27 1530//27
f 1534//27 1530//27 1548//27
f 1548//27 1530//27 1529//27
f 1548//27 1529//27 1553//27
f 1553//27 1529//27 1528//27
f 1553//27 1528//27 1549//27
f 1549//27 1528//27 1527//27
f 1549//27 1527//27 1526//27
f 1570//514 1569//514 1606//514
f 1606//514 1569//514 1568//514
f 1606//514 1568//514 1567//514
f 1607//2108 1608//2108 1609//2108
f 1609//2109 1608//2109 1610//2109
f 1611//2110 1612//2110 1613//2110
f 1609//2111 1610//2111 1614//2111
f 1614//2112 1610//2112 1615//2112
f 1614//2113 1615//2113 1616//2113
f 1616//2114 1615//2114 1617//2114
f 1616//2115 1617//2115 1618//2115
f 1617//2116 1619//2116 1618//2116
f 1618//2117 1619//2117 1620//2117
f 1618//2118 1620//2118 1621//2118
f 1621//2119 1620//2119 1622//2119
f 1621//2120 1622//2120 1623//2120
f 1623//2121 1622//2121 1624//2121
f 1623//2122 1624//2122 1625//2122
f 1625//2123 1624//2123 1626//2123
f 1625//2124 1626//2124 1627//2124
f 1611//2125 1613//2125 1628//2125
f 1626//2126 1629//2126 1627//2126
f 1627//2127 1629//2127 1630//2127
f 1627//2128 1630//2128 1631//2128
f 1631//2129 1630//2129 1632//2129
f 1631//2130 1632//2130 1633//2130
f 1633//2131 1632//2131 1628//2131
f 1633//2132 1628//2132 1634//2132
f 1634//2133 1628//2133 1613//2133
f 1635//2134 1636//2134 1637//2134
f 1638//2135 1639//2135 1637//2135
f 1637//2136 1639//2136 1640//2136
f 1637//2134 1640//2134 1635//2134
f 1641//27 1642//27 1643//27
f 1643//27 1642//27 1644//27
f 1643//27 1644//27 1608//27
f 1608//27 1644//27 1645//27
f 1608//27 1645//27 1610//27
f 1608//2137 1607//2137 1646//2137
f 1608//2138 1646//2138 1643//2138
f 1643//2139 1646//2139 1647//2139
f 1643//2140 1647//2140 1641//2140
f 1641//2141 1647//2141 1648//2141
f 1641//2142 1648//2142 1642//2142
f 1642//2143 1648//2143 1649//2143
f 1642//2144 1649//2144 1644//2144
f 1594//2145 1586//2145 1585//2145
f 1600//2146 1650//2146 1585//2146
f 1585//2147 1650//2147 1651//2147
f 1585//2145 1651//2145 1594//2145
f 1594//2148 1651//2148 1652//2148
f 1594//2148 1652//2148 1595//2148
f 1595//2149 1652//2149 1653//2149
f 1595//2149 1653//2149 1596//2149
f 1654//1900 1597//1900 1653//1900
f 1653//1900 1597//1900 1596//1900
f 1588//2150 1593//2150 1598//2150
f 1588//2151 1655//2151 1589//2151
f 1589//2152 1655//2152 1656//2152
f 1589//2153 1656//2153 1533//2153
f 1533//2154 1656//2154 1657//2154
f 1533//2155 1657//2155 1605//2155
f 1605//2156 1657//2156 1567//2156
f 1567//2157 1657//2157 1658//2157
f 1567//2158 1658//2158 1606//2158
f 1588//2150 1598//2150 1655//2150
f 1655//2159 1598//2159 1597//2159
f 1655//2159 1597//2159 1654//2159
f 1601//2160 1599//2160 1638//2160
f 1602//2161 1659//2161 1599//2161
f 1599//2162 1659//2162 1639//2162
f 1599//2163 1639//2163 1638//2163
f 1638//2164 1660//2164 1601//2164
f 1601//2165 1660//2165 1650//2165
f 1601//2165 1650//2165 1600//2165
f 1661//2166 1662//2166 1663//2166
f 1661//2166 1663//2166 1664//2166
f 1664//2167 1663//2167 1665//2167
f 1664//2167 1665//2167 1666//2167
f 1667//2168 1666//2168 1668//2168
f 1668//2168 1666//2168 1665//2168
f 1669//2169 1670//2169 1671//2169
f 1671//2169 1670//2169 1672//2169
f 1673//2170 1612//2170 1674//2170
f 1674//2171 1612//2171 1611//2171
f 1673//2172 1674//2172 1675//2172
f 1675//2173 1674//2173 1672//2173
f 1675//2174 1672//2174 1670//2174
f 1610//2175 1645//2175 1615//2175
f 1615//2176 1645//2176 1676//2176
f 1615//2177 1676//2177 1617//2177
f 1617//2178 1676//2178 1619//2178
f 1629//2179 1626//2179 1677//2179
f 1611//2180 1628//2180 1674//2180
f 1674//2181 1628//2181 1632//2181
f 1674//2182 1632//2182 1677//2182
f 1677//2183 1632//2183 1630//2183
f 1677//2184 1630//2184 1629//2184
f 1626//2185 1624//2185 1677//2185
f 1677//2186 1624//2186 1622//2186
f 1677//2187 1622//2187 1676//2187
f 1676//2188 1622//2188 1620//2188
f 1676//2189 1620//2189 1619//2189
f 1639//2190 1659//2190 1678//2190
f 1679//2191 1680//2191 1678//2191
f 1678//2191 1680//2191 1640//2191
f 1678//2192 1640//2192 1639//2192
f 1603//2193 1681//2193 1504//2193
f 1504//2193 1681//2193 1678//2193
f 1504//2193 1678//2193 1602//2193
f 1602//2194 1678//2194 1659//2194
f 1570//2195 1606//2195 1658//2195
f 1625//2196 1627//2196 1682//2196
f 1625//2197 1682//2197 1623//2197
f 1681//2198 1603//2198 1682//2198
f 1682//2199 1603//2199 1604//2199
f 1627//2200 1631//2200 1682//2200
f 1682//2201 1631//2201 1633//2201
f 1682//2202 1633//2202 1634//2202
f 1614//2203 1616//2203 1682//2203
f 1614//2204 1682//2204 1609//2204
f 1616//2205 1618//2205 1682//2205
f 1682//2206 1618//2206 1621//2206
f 1682//2207 1621//2207 1623//2207
f 1570//2208 1658//2208 1604//2208
f 1604//2209 1658//2209 1683//2209
f 1604//2210 1683//2210 1682//2210
f 1682//2199 1683//2199 1607//2199
f 1682//2211 1607//2211 1609//2211
f 1680//2212 1662//2212 1661//2212
f 1635//2212 1640//2212 1684//2212
f 1684//2212 1640//2212 1680//2212
f 1684//2212 1680//2212 1685//2212
f 1685//2212 1680//2212 1661//2212
f 1686//2213 1687//2213 1688//2213
f 1688//2213 1687//2213 1689//2213
f 1688//2214 1689//2214 1668//2214
f 1668//2214 1689//2214 1667//2214
f 1690//2215 1636//2215 1635//2215
f 1635//2216 1684//2216 1690//2216
f 1690//2217 1684//2217 1685//2217
f 1690//2218 1685//2218 1691//2218
f 1691//2219 1685//2219 1692//2219
f 1692//2219 1685//2219 1661//2219
f 1692//2220 1661//2220 1664//2220
f 1692//2221 1664//2221 1693//2221
f 1693//2222 1664//2222 1666//2222
f 1693//2223 1666//2223 1694//2223
f 1694//2224 1666//2224 1695//2224
f 1695//2225 1666//2225 1667//2225
f 1687//2226 1696//2226 1689//2226
f 1689//2227 1696//2227 1697//2227
f 1689//2228 1697//2228 1667//2228
f 1667//2229 1697//2229 1695//2229
f 1696//2219 1687//2219 1698//2219
f 1698//2219 1687//2219 1699//2219
f 1671//2230 1700//2230 1701//2230
f 1701//2231 1700//2231 1702//2231
f 1701//2232 1702//2232 1703//2232
f 1703//2233 1702//2233 1704//2233
f 1700//2018 1671//2018 1705//2018
f 1705//2018 1671//2018 1672//2018
f 1645//2234 1706//2234 1676//2234
f 1676//2235 1706//2235 1707//2235
f 1676//2236 1707//2236 1677//2236
f 1677//2237 1707//2237 1708//2237
f 1677//2238 1708//2238 1674//2238
f 1674//2239 1708//2239 1709//2239
f 1674//2240 1709//2240 1672//2240
f 1672//2241 1709//2241 1705//2241
f 1645//2242 1644//2242 1706//2242
f 1706//2242 1644//2242 1649//2242
f 1607//2243 1683//2243 1710//2243
f 1607//2243 1710//2243 1646//2243
f 1646//2244 1710//2244 1711//2244
f 1646//2244 1711//2244 1647//2244
f 1647//2245 1711//2245 1712//2245
f 1647//2245 1712//2245 1648//2245
f 1648//2159 1712//2159 1713//2159
f 1648//2159 1713//2159 1649//2159
f 1710//27 1683//27 1658//27
f 1658//27 1657//27 1656//27
f 1650//27 1660//27 1713//27
f 1713//27 1660//27 1638//27
f 1713//27 1638//27 1637//27
f 1710//27 1658//27 1711//27
f 1711//27 1658//27 1656//27
f 1711//27 1656//27 1712//27
f 1712//27 1656//27 1655//27
f 1712//27 1655//27 1713//27
f 1713//27 1655//27 1654//27
f 1713//27 1654//27 1653//27
f 1653//27 1652//27 1713//27
f 1713//27 1652//27 1651//27
f 1713//27 1651//27 1650//27
f 1714//2246 1715//2246 1704//2246
f 1704//2246 1715//2246 1703//2246
f 1703//2247 1716//2247 1701//2247
f 1701//2247 1716//2247 1717//2247
f 1701//2248 1717//2248 1671//2248
f 1671//2248 1717//2248 1669//2248
f 1718//2249 1665//2249 1663//2249
f 1718//2250 1663//2250 1719//2250
f 1719//2251 1663//2251 1662//2251
f 1719//2252 1662//2252 1720//2252
f 1721//2253 1668//2253 1718//2253
f 1718//2254 1668//2254 1665//2254
f 1668//2255 1721//2255 1688//2255
f 1688//2256 1721//2256 1722//2256
f 1688//2257 1722//2257 1686//2257
f 1686//2258 1722//2258 1723//2258
f 1724//2259 1725//2259 1723//2259
f 1723//2259 1725//2259 1686//2259
f 1716//2260 1726//2260 1727//2260
f 1727//2260 1726//2260 1728//2260
f 1716//2261 1727//2261 1717//2261
f 1717//2262 1727//2262 1729//2262
f 1717//2263 1729//2263 1669//2263
f 1669//2264 1729//2264 1730//2264
f 1669//2015 1730//2015 1670//2015
f 1670//2015 1730//2015 1731//2015
f 1670//2265 1731//2265 1675//2265
f 1682//2266 1634//2266 1731//2266
f 1731//2267 1634//2267 1613//2267
f 1613//2268 1612//2268 1731//2268
f 1731//2269 1612//2269 1673//2269
f 1731//2270 1673//2270 1675//2270
f 1731//514 1679//514 1682//514
f 1682//514 1679//514 1678//514
f 1682//514 1678//514 1681//514
f 1662//2259 1680//2259 1720//2259
f 1720//2259 1680//2259 1679//2259
f 1732//2212 1733//2212 1699//2212
f 1725//2212 1734//2212 1735//2212
f 1733//2212 1736//2212 1699//2212
f 1699//2212 1736//2212 1737//2212
f 1699//2212 1737//2212 1738//2212
f 1687//2212 1686//2212 1699//2212
f 1699//2212 1686//2212 1725//2212
f 1699//2212 1725//2212 1732//2212
f 1732//2212 1725//2212 1735//2212
f 1732//2212 1735//2212 1739//2212
f 1733//2271 1740//2271 1741//2271
f 1733//2272 1741//2272 1736//2272
f 1736//2273 1741//2273 1742//2273
f 1736//2274 1742//2274 1737//2274
f 1737//2275 1742//2275 1743//2275
f 1737//2276 1743//2276 1738//2276
f 1738//2277 1743//2277 1698//2277
f 1738//2278 1698//2278 1699//2278
f 1691//1900 1709//1900 1690//1900
f 1690//1900 1709//1900 1708//1900
f 1690//1900 1708//1900 1636//1900
f 1636//1900 1708//1900 1637//1900
f 1637//1900 1708//1900 1707//1900
f 1637//1900 1707//1900 1713//1900
f 1713//1900 1707//1900 1706//1900
f 1713//1900 1706//1900 1649//1900
f 1698//1900 1744//1900 1696//1900
f 1696//1900 1744//1900 1745//1900
f 1696//1900 1745//1900 1697//1900
f 1697//1900 1745//1900 1746//1900
f 1697//1900 1746//1900 1695//1900
f 1695//1900 1746//1900 1714//1900
f 1695//1900 1714//1900 1694//1900
f 1694//1900 1714//1900 1704//1900
f 1694//1900 1704//1900 1693//1900
f 1693//1900 1704//1900 1702//1900
f 1693//1900 1702//1900 1692//1900
f 1692//1900 1702//1900 1700//1900
f 1692//1900 1700//1900 1691//1900
f 1691//1900 1700//1900 1705//1900
f 1691//1900 1705//1900 1709//1900
f 1726//2279 1716//2279 1715//2279
f 1715//2279 1716//2279 1703//2279
f 1745//2280 1747//2280 1748//2280
f 1745//2281 1748//2281 1746//2281
f 1746//2282 1748//2282 1715//2282
f 1746//2283 1715//2283 1714//2283
f 1728//2261 1726//2261 1749//2261
f 1728//2284 1749//2284 1750//2284
f 1750//2285 1749//2285 1751//2285
f 1750//2286 1751//2286 1752//2286
f 1725//2287 1724//2287 1753//2287
f 1725//2288 1753//2288 1734//2288
f 1734//2289 1753//2289 1754//2289
f 1734//2290 1754//2290 1735//2290
f 1735//2291 1754//2291 1755//2291
f 1735//2292 1755//2292 1739//2292
f 1739//2293 1755//2293 1756//2293
f 1739//2294 1756//2294 1732//2294
f 1679//1863 1731//1863 1720//1863
f 1720//1863 1731//1863 1730//1863
f 1720//1863 1730//1863 1719//1863
f 1719//1863 1730//1863 1729//1863
f 1719//1863 1729//1863 1718//1863
f 1718//1863 1729//1863 1727//1863
f 1718//1863 1727//1863 1721//1863
f 1721//1863 1727//1863 1728//1863
f 1721//1863 1728//1863 1722//1863
f 1722//1863 1728//1863 1750//1863
f 1722//1863 1750//1863 1723//1863
f 1723//1863 1750//1863 1752//1863
f 1723//1863 1752//1863 1724//1863
f 1724//1863 1752//1863 1757//1863
f 1740//2295 1733//2295 1756//2295
f 1756//2295 1733//2295 1732//2295
f 1744//2296 1698//2296 1758//2296
f 1758//2297 1698//2297 1743//2297
f 1758//2298 1743//2298 1759//2298
f 1759//2299 1743//2299 1742//2299
f 1759//2299 1742//2299 1760//2299
f 1760//2300 1742//2300 1761//2300
f 1761//2301 1742//2301 1741//2301
f 1761//2302 1741//2302 1762//2302
f 1762//2303 1741//2303 1740//2303
f 1762//2303 1740//2303 1763//2303
f 1747//2018 1745//2018 1761//2018
f 1761//2018 1745//2018 1744//2018
f 1761//2304 1744//2304 1760//2304
f 1760//2305 1744//2305 1758//2305
f 1760//2306 1758//2306 1759//2306
f 1747//2307 1751//2307 1749//2307
f 1747//2307 1749//2307 1748//2307
f 1748//2247 1749//2247 1726//2247
f 1748//2247 1726//2247 1715//2247
f 1757//2015 1752//2015 1751//2015
f 1751//2015 1764//2015 1757//2015
f 1757//2308 1764//2308 1765//2308
f 1757//2309 1765//2309 1766//2309
f 1766//2310 1765//2310 1767//2310
f 1765//2311 1764//2311 1755//2311
f 1755//2312 1754//2312 1765//2312
f 1765//2313 1754//2313 1753//2313
f 1765//2313 1753//2313 1767//2313
f 1724//2314 1757//2314 1753//2314
f 1753//2315 1757//2315 1766//2315
f 1753//2316 1766//2316 1767//2316
f 1764//2317 1768//2317 1755//2317
f 1755//2318 1768//2318 1769//2318
f 1755//2318 1769//2318 1756//2318
f 1763//27 1740//27 1769//27
f 1769//27 1740//27 1756//27
f 1768//2169 1764//2169 1769//2169
f 1769//2169 1764//2169 1751//2169
f 1769//2169 1751//2169 1763//2169
f 1763//2169 1751//2169 1747//2169
f 1763//2169 1747//2169 1762//2169
f 1762//2169 1747//2169 1761//2169
# Vertices: 1769, normals: 2318, texture coordinates: 0, faces: 3526

