# File generated by ImageToStl.com - Free Image and 3D model conversion tools

o obj1
v 0.022014 -0.01425 0.00626099
v 0.0207966 -0.0146455 0.007
v 0.0209785 -0.0150024 0.007
v 0.020734 -0.01425 0.007
v 0.0216185 -0.0154674 0.007
v 0.022014 -0.01553 0.007
v 0.0212616 -0.0152855 0.007
v 0.0210387 -0.015079 0.007
v 0.0227664 -0.0152855 0.007
v 0.0230495 -0.0150024 0.007
v 0.0224095 -0.0154674 0.007
v 0.0222443 -0.0155091 0.007
v 0.0232196 -0.0146801 0.007
v 0.0232314 -0.0146455 0.007
v 0.0232314 -0.0138545 0.007
v 0.0230495 -0.0134976 0.007
v 0.023294 -0.01425 0.007
v 0.0224095 -0.0130326 0.007
v 0.022014 -0.01297 0.007
v 0.0227664 -0.0132145 0.007
v 0.0229893 -0.013421 0.007
v 0.0212616 -0.0132145 0.007
v 0.0209785 -0.0134976 0.007
v 0.0216185 -0.0130326 0.007
v 0.0217837 -0.0129909 0.007
v 0.0208084 -0.0138199 0.007
v 0.0207966 -0.0138545 0.007
v 0.0225106 -0.0128579 0.007
v 0.0234679 -0.013984 0.007
v 0.0229713 -0.0153761 0.007
v 0.0215174 -0.0156421 0.007
v 0.0210567 -0.0131239 0.007
v 0.0205601 -0.014516 0.007
v 0.0210567 -0.0131239 0.0083
v 0.0225106 -0.0128579 0.0083
v 0.0234679 -0.013984 0.0083
v 0.0229713 -0.0153761 0.0083
v 0.0215174 -0.0156421 0.0083
v 0.0205601 -0.014516 0.0083
v 0.0201867 -0.0124004 0.0083
v 0.0199315 -0.0126934 0.0083
v 0.0230682 -0.0118733 0.0083
v 0.0227022 -0.0117427 0.0083
v 0.0196247 -0.0152752 0.0083
v 0.0198042 -0.0156199 0.0083
v 0.0203061 -0.0162104 0.0083
v 0.0206174 -0.016443 0.0083
v 0.0234106 -0.012057 0.0083
v 0.020033 -0.015934 0.0083
v 0.0197227 -0.0130212 0.0083
v 0.0195652 -0.0133764 0.0083
v 0.0194623 -0.0137511 0.0083
v 0.0194165 -0.014137 0.0083
v 0.0223208 -0.0116682 0.0083
v 0.0219326 -0.0116513 0.0083
v 0.0215461 -0.0116924 0.0083
v 0.0211702 -0.0117907 0.0083
v 0.0244033 -0.0132248 0.0083
v 0.0242238 -0.0128801 0.0083
v 0.023995 -0.012566 0.0083
v 0.0237219 -0.0122896 0.0083
v 0.0194286 -0.0145254 0.0083
v 0.0194986 -0.0149077 0.0083
v 0.0208131 -0.011944 0.0083
v 0.0204828 -0.0121487 0.0083
v 0.0246115 -0.014363 0.0083
v 0.0245994 -0.0139746 0.0083
v 0.0245294 -0.0135923 0.0083
v 0.0209598 -0.0166267 0.0083
v 0.0213258 -0.0167573 0.0083
v 0.0217072 -0.0168318 0.0083
v 0.0232149 -0.016556 0.0083
v 0.0235452 -0.0163513 0.0083
v 0.0238413 -0.0160996 0.0083
v 0.0240965 -0.0158066 0.0083
v 0.0220954 -0.0168487 0.0083
v 0.0224819 -0.0168076 0.0083
v 0.0228578 -0.0167093 0.0083
v 0.0243053 -0.0154788 0.0083
v 0.0244628 -0.0151236 0.0083
v 0.0245657 -0.0147489 0.0083
v 0.0240345 -0.0125324 0.00829073
v 0.024268 -0.0128527 0.00829073
v 0.024451 -0.0132043 0.00829073
v 0.0245797 -0.0135792 0.00829073
v 0.024651 -0.0139691 0.00829073
v 0.0246634 -0.0143652 0.00829073
v 0.0246166 -0.0147588 0.00829073
v 0.0245117 -0.015141 0.00829073
v 0.024351 -0.0155034 0.00829073
v 0.0241381 -0.0158377 0.00829073
v 0.0238778 -0.0161365 0.00829073
v 0.0235758 -0.0163932 0.00829073
v 0.0232389 -0.0166021 0.00829073
v 0.0228747 -0.0167584 0.00829073
v 0.0224912 -0.0168586 0.00829073
v 0.0220971 -0.0169006 0.00829073
v 0.0217011 -0.0168834 0.00829073
v 0.0213121 -0.0168073 0.00829073
v 0.0209388 -0.0166742 0.00829073
v 0.0205895 -0.0164868 0.00829073
v 0.020272 -0.0162495 0.00829073
v 0.0199935 -0.0159676 0.00829073
v 0.01976 -0.0156473 0.00829073
v 0.019577 -0.0152957 0.00829073
v 0.0194483 -0.0149208 0.00829073
v 0.019377 -0.0145309 0.00829073
v 0.0193646 -0.0141348 0.00829073
v 0.0194114 -0.0137412 0.00829073
v 0.0195163 -0.013359 0.00829073
v 0.019677 -0.0129966 0.00829073
v 0.0198899 -0.0126623 0.00829073
v 0.0201502 -0.0123635 0.00829073
v 0.0204522 -0.0121068 0.00829073
v 0.0207891 -0.0118979 0.00829073
v 0.0211533 -0.0117416 0.00829073
v 0.0215368 -0.0116414 0.00829073
v 0.0219309 -0.0115994 0.00829073
v 0.0223269 -0.0116166 0.00829073
v 0.0227159 -0.0116927 0.00829073
v 0.0230892 -0.0118258 0.00829073
v 0.0234385 -0.0120132 0.00829073
v 0.023756 -0.0122505 0.00829073
v 0.019327 -0.013679 0.00815
v 0.0193242 -0.0137241 0.00820192
v 0.0194239 -0.013326 0.00815
v 0.0194326 -0.0133291 0.00820192
v 0.0195088 -0.0131346 0.00815
v 0.0195987 -0.0129547 0.00820192
v 0.0195905 -0.0129503 0.00815
v 0.0197913 -0.012635 0.00815
v 0.0198187 -0.0126091 0.00820192
v 0.0198113 -0.0126036 0.00815
v 0.0200878 -0.0123003 0.00820192
v 0.0200813 -0.0122937 0.00815
v 0.021165 -0.0116375 0.00815
v 0.0211215 -0.0116489 0.00815
v 0.0211245 -0.0116576 0.00820192
v 0.0207438 -0.0118109 0.00815
v 0.0207481 -0.0118192 0.00820192
v 0.0206423 -0.0118738 0.00815
v 0.0203999 -0.012035 0.00820192
v 0.0203945 -0.0120275 0.00815
v 0.0201781 -0.0122114 0.00815
v 0.0215191 -0.0115449 0.00815
v 0.0215208 -0.011554 0.00820192
v 0.0217274 -0.0115227 0.00815
v 0.0219281 -0.0115106 0.00820192
v 0.0219279 -0.0115013 0.00815
v 0.0223013 -0.0115176 0.00815
v 0.0223374 -0.0115284 0.00820192
v 0.0223385 -0.0115192 0.00815
v 0.0227394 -0.011607 0.00820192
v 0.0227419 -0.0115981 0.00815
v 0.023852 -0.0122085 0.00815
v 0.0238204 -0.0121765 0.00815
v 0.0238143 -0.0121835 0.00820192
v 0.0234912 -0.0119304 0.00815
v 0.0234862 -0.0119382 0.00820192
v 0.023386 -0.011874 0.00815
v 0.0231252 -0.0117446 0.00820192
v 0.023129 -0.0117362 0.00815
v 0.0228616 -0.0116408 0.00815
v 0.0241093 -0.0124689 0.00815
v 0.0241022 -0.0124749 0.00820192
v 0.0242326 -0.0126381 0.00815
v 0.0243434 -0.012806 0.00820192
v 0.0243513 -0.0128011 0.00815
v 0.024524 -0.0131326 0.00815
v 0.0245327 -0.0131693 0.00820192
v 0.0245412 -0.0131656 0.00815
v 0.0246656 -0.0135567 0.00820192
v 0.0246746 -0.0135544 0.00815
v 0.024701 -0.014821 0.00815
v 0.0247129 -0.0147776 0.00815
v 0.0247038 -0.0147759 0.00820192
v 0.0247614 -0.0143695 0.00815
v 0.0247521 -0.0143691 0.00820192
v 0.0247577 -0.0142502 0.00815
v 0.0247393 -0.0139597 0.00820192
v 0.0247485 -0.0139587 0.00815
v 0.0246974 -0.0136794 0.00815
v 0.0246041 -0.015174 0.00815
v 0.0245954 -0.0151709 0.00820192
v 0.0245192 -0.0153654 0.00815
v 0.0244293 -0.0155453 0.00820192
v 0.0244375 -0.0155497 0.00815
v 0.0242367 -0.015865 0.00815
v 0.0242093 -0.0158909 0.00820192
v 0.0242167 -0.0158964 0.00815
v 0.0239402 -0.0161997 0.00820192
v 0.0239467 -0.0162063 0.00815
v 0.022863 -0.0168625 0.00815
v 0.0229065 -0.0168511 0.00815
v 0.0229035 -0.0168424 0.00820192
v 0.0232842 -0.0166891 0.00815
v 0.0232799 -0.0166808 0.00820192
v 0.0233857 -0.0166262 0.00815
v 0.0236281 -0.016465 0.00820192
v 0.0236335 -0.0164725 0.00815
v 0.0238499 -0.0162886 0.00815
v 0.0225089 -0.0169551 0.00815
v 0.0225072 -0.016946 0.00820192
v 0.0223006 -0.0169773 0.00815
v 0.0220999 -0.0169894 0.00820192
v 0.0221001 -0.0169986 0.00815
v 0.0217267 -0.0169824 0.00815
v 0.0216906 -0.0169716 0.00820192
v 0.0216895 -0.0169808 0.00815
v 0.0212886 -0.016893 0.00820192
v 0.0212861 -0.0169019 0.00815
v 0.020176 -0.0162915 0.00815
v 0.0202076 -0.0163235 0.00815
v 0.0202137 -0.0163165 0.00820192
v 0.0205368 -0.0165696 0.00815
v 0.0205418 -0.0165618 0.00820192
v 0.020642 -0.016626 0.00815
v 0.0209028 -0.0167554 0.00820192
v 0.020899 -0.0167638 0.00815
v 0.0211664 -0.0168592 0.00815
v 0.0199187 -0.0160311 0.00815
v 0.0199258 -0.0160251 0.00820192
v 0.0197954 -0.0158619 0.00815
v 0.0196846 -0.015694 0.00820192
v 0.0196767 -0.0156989 0.00815
v 0.019504 -0.0153674 0.00815
v 0.0194953 -0.0153307 0.00820192
v 0.0194868 -0.0153344 0.00815
v 0.0193624 -0.0149433 0.00820192
v 0.0193534 -0.0149456 0.00815
v 0.0193151 -0.0137224 0.00815
v 0.0192666 -0.0141305 0.00815
v 0.0192759 -0.0141309 0.00820192
v 0.019264 -0.01425 0.00815
v 0.0192887 -0.0145403 0.00820192
v 0.0192795 -0.0145413 0.00815
v 0.0193306 -0.0148206 0.00815
v 0.0240758 -0.0124973 0.00825607
v 0.024314 -0.0128242 0.00825607
v 0.0245008 -0.0131829 0.00825607
v 0.0246321 -0.0135655 0.00825607
v 0.0247048 -0.0139633 0.00825607
v 0.0247175 -0.0143676 0.00825607
v 0.0246698 -0.0147692 0.00825607
v 0.0245627 -0.0151592 0.00825607
v 0.0243988 -0.015529 0.00825607
v 0.0241815 -0.0158701 0.00825607
v 0.0239158 -0.0161751 0.00825607
v 0.0236077 -0.016437 0.00825607
v 0.0232639 -0.0166501 0.00825607
v 0.0228922 -0.0168096 0.00825607
v 0.0225009 -0.0169119 0.00825607
v 0.0220988 -0.0169547 0.00825607
v 0.0216947 -0.0169372 0.00825607
v 0.0212978 -0.0168596 0.00825607
v 0.0209168 -0.0167237 0.00825607
v 0.0205604 -0.0165325 0.00825607
v 0.0202365 -0.0162904 0.00825607
v 0.0199522 -0.0160027 0.00825607
v 0.019714 -0.0156758 0.00825607
v 0.0195272 -0.0153171 0.00825607
v 0.0193959 -0.0149345 0.00825607
v 0.0193232 -0.0145367 0.00825607
v 0.0193105 -0.0141324 0.00825607
v 0.0193582 -0.0137308 0.00825607
v 0.0194653 -0.0133408 0.00825607
v 0.0196292 -0.012971 0.00825607
v 0.0198465 -0.0126299 0.00825607
v 0.0201122 -0.0123249 0.00825607
v 0.0204203 -0.012063 0.00825607
v 0.0207641 -0.0118499 0.00825607
v 0.0211358 -0.0116904 0.00825607
v 0.0215271 -0.0115881 0.00825607
v 0.0219292 -0.0115453 0.00825607
v 0.0223333 -0.0115628 0.00825607
v 0.0227302 -0.0116404 0.00825607
v 0.0231112 -0.0117763 0.00825607
v 0.0234676 -0.0119675 0.00825607
v 0.0237915 -0.0122096 0.00825607
v 0.019264 -0.01425 0.0053
v 0.0193241 -0.0136782 0.0053
v 0.0195017 -0.0131315 0.0053
v 0.0197892 -0.0126336 0.0053
v 0.0201739 -0.0122064 0.0053
v 0.020639 -0.0118684 0.0053
v 0.0211642 -0.0116346 0.0053
v 0.0217265 -0.0115151 0.0053
v 0.0223015 -0.0115151 0.0053
v 0.0228638 -0.0116346 0.0053
v 0.023389 -0.0118684 0.0053
v 0.0238541 -0.0122064 0.0053
v 0.0242388 -0.0126336 0.0053
v 0.0245262 -0.0131315 0.0053
v 0.0247039 -0.0136782 0.0053
v 0.024764 -0.01425 0.0053
v 0.0247039 -0.0148218 0.0053
v 0.0245262 -0.0153685 0.0053
v 0.0242388 -0.0158664 0.0053
v 0.0238541 -0.0162936 0.0053
v 0.023389 -0.0166316 0.0053
v 0.0228638 -0.0168654 0.0053
v 0.0223015 -0.0169849 0.0053
v 0.0217265 -0.0169849 0.0053
v 0.0211642 -0.0168654 0.0053
v 0.020639 -0.0166316 0.0053
v 0.0201739 -0.0162936 0.0053
v 0.0197892 -0.0158664 0.0053
v 0.0195017 -0.0153685 0.0053
v 0.0193241 -0.0148218 0.0053
v 0.0207945 -0.01425 -0.0027
v 0.0208439 -0.0139064 -0.0027
v 0.022014 -0.01425 -0.0027
v 0.0212154 -0.0151716 -0.0027
v 0.0209881 -0.0149093 -0.0027
v 0.0208439 -0.0145936 -0.0027
v 0.0221876 -0.0154571 -0.0027
v 0.0218404 -0.0154571 -0.0027
v 0.0215074 -0.0153593 -0.0027
v 0.0230399 -0.0149093 -0.0027
v 0.0228126 -0.0151716 -0.0027
v 0.0225206 -0.0153593 -0.0027
v 0.0231841 -0.0139064 -0.0027
v 0.0232335 -0.01425 -0.0027
v 0.0231841 -0.0145936 -0.0027
v 0.0225206 -0.0131407 -0.0027
v 0.0228126 -0.0133284 -0.0027
v 0.0230399 -0.0135907 -0.0027
v 0.0215074 -0.0131407 -0.0027
v 0.0218404 -0.0130429 -0.0027
v 0.0221876 -0.0130429 -0.0027
v 0.0209881 -0.0135907 -0.0027
v 0.0212154 -0.0133284 -0.0027
v 0.0204194 -0.0143857 0.0053
v 0.0204268 -0.014434 0.0053
v 0.0211145 -0.0155734 0.0053
v 0.0210226 -0.0155015 0.0053
v 0.021285 -0.0156728 0.0053
v 0.0213042 -0.015684 0.0053
v 0.023612 -0.0143299 0.0053
v 0.0236063 -0.014379 0.0053
v 0.0235866 -0.0145459 0.0053
v 0.0236086 -0.0141143 0.0053
v 0.0236012 -0.014066 0.0053
v 0.0229135 -0.0129266 0.0053
v 0.0230054 -0.0129985 0.0053
v 0.022743 -0.0128272 0.0053
v 0.0227238 -0.012816 0.0053
v 0.021492 -0.0157628 0.0053
v 0.0215769 -0.0157858 0.0053
v 0.0216984 -0.0158188 0.0053
v 0.0218848 -0.0158448 0.0053
v 0.022101 -0.0158479 0.0053
v 0.022198 -0.0158361 0.0053
v 0.0227909 -0.0156449 0.0053
v 0.0228933 -0.0155869 0.0053
v 0.0230496 -0.0154681 0.0053
v 0.023065 -0.0154564 0.0053
v 0.0232179 -0.0153043 0.0053
v 0.0232657 -0.0152416 0.0053
v 0.0235502 -0.0146872 0.0053
v 0.0235333 -0.0147529 0.0053
v 0.022536 -0.0127372 0.0053
v 0.0224511 -0.0127142 0.0053
v 0.0223296 -0.0126812 0.0053
v 0.0221432 -0.0126552 0.0053
v 0.021927 -0.0126521 0.0053
v 0.02183 -0.0126639 0.0053
v 0.0212371 -0.0128551 0.0053
v 0.0211347 -0.0129131 0.0053
v 0.0209784 -0.0130319 0.0053
v 0.020963 -0.0130436 0.0053
v 0.0208101 -0.0131957 0.0053
v 0.0207623 -0.0132584 0.0053
v 0.0204947 -0.0137471 0.0053
v 0.0204778 -0.0138128 0.0053
v 0.0204414 -0.0139541 0.0053
v 0.0204217 -0.014121 0.0053
v 0.020416 -0.0141701 0.0053
v 0.0205938 -0.0149875 0.0053
v 0.0206181 -0.0150274 0.0053
v 0.0223135 -0.015822 0.0053
v 0.0225046 -0.0157718 0.0053
v 0.0225219 -0.0157673 0.0053
v 0.0227073 -0.0156922 0.0053
v 0.0233478 -0.0151339 0.0053
v 0.0234359 -0.0149786 0.0053
v 0.023457 -0.0149413 0.0053
v 0.0234342 -0.0135125 0.0053
v 0.0234099 -0.0134726 0.0053
v 0.0217145 -0.012678 0.0053
v 0.0215234 -0.0127282 0.0053
v 0.0215061 -0.0127327 0.0053
v 0.0213207 -0.0128078 0.0053
v 0.0206802 -0.0133661 0.0053
v 0.0205921 -0.0135214 0.0053
v 0.020571 -0.0135587 0.0053
v 0.0204519 -0.0145972 0.0053
v 0.020494 -0.01474 0.0053
v 0.0205124 -0.0148024 0.0053
v 0.0207051 -0.0151704 0.0053
v 0.0207949 -0.0152863 0.0053
v 0.0209456 -0.0154413 0.0053
v 0.0235761 -0.0139028 0.0053
v 0.023534 -0.01376 0.0053
v 0.0235156 -0.0136976 0.0053
v 0.0233229 -0.0133296 0.0053
v 0.0232331 -0.0132137 0.0053
v 0.0230824 -0.0130587 0.0053
v 0.020514 -0.01425 -0.0024195
v 0.0205748 -0.0146726 -0.0024195
v 0.0207521 -0.015061 -0.0024195
v 0.0210317 -0.0153836 -0.0024195
v 0.0213909 -0.0156144 -0.0024195
v 0.0218005 -0.0157347 -0.0024195
v 0.0222275 -0.0157347 -0.0024195
v 0.0226371 -0.0156144 -0.0024195
v 0.0229963 -0.0153836 -0.0024195
v 0.0232759 -0.015061 -0.0024195
v 0.0234532 -0.0146726 -0.0024195
v 0.023514 -0.01425 -0.0024195
v 0.0234532 -0.0138274 -0.0024195
v 0.0232759 -0.013439 -0.0024195
v 0.0229963 -0.0131164 -0.0024195
v 0.0226371 -0.0128856 -0.0024195
v 0.0222275 -0.0127653 -0.0024195
v 0.0218005 -0.0127653 -0.0024195
v 0.0213909 -0.0128856 -0.0024195
v 0.0210317 -0.0131164 -0.0024195
v 0.0207521 -0.013439 -0.0024195
v 0.0205748 -0.0138274 -0.0024195
v 0.0235743 -0.0143765 0.00529382
v 0.0234071 -0.0149639 0.00529382
v 0.0230279 -0.0154427 0.00529382
v 0.0224943 -0.0157399 0.00529382
v 0.0206209 -0.0135361 0.00529382
v 0.0210001 -0.0130573 0.00529382
v 0.0215337 -0.0127601 0.00529382
v 0.022986 -0.0130229 0.00529382
v 0.0232067 -0.0132361 0.00529382
v 0.0227279 -0.0128569 0.00529382
v 0.0224424 -0.0127444 0.00529382
v 0.0221405 -0.0126897 0.00529382
v 0.0218336 -0.012695 0.00529382
v 0.0212523 -0.0128824 0.00529382
v 0.0207869 -0.013278 0.00529382
v 0.0205084 -0.0138216 0.00529382
v 0.0204537 -0.0141235 0.00529382
v 0.020459 -0.0144304 0.00529382
v 0.0205241 -0.0147303 0.00529382
v 0.0206464 -0.0150117 0.00529382
v 0.0208213 -0.0152639 0.00529382
v 0.021042 -0.0154771 0.00529382
v 0.0213001 -0.0156431 0.00529382
v 0.0215856 -0.0157556 0.00529382
v 0.0218875 -0.0158103 0.00529382
v 0.0221944 -0.015805 0.00529382
v 0.0227757 -0.0156176 0.00529382
v 0.0232411 -0.015222 0.00529382
v 0.0235196 -0.0146784 0.00529382
v 0.023569 -0.0140696 0.00529382
v 0.0235039 -0.0137697 0.00529382
v 0.0233816 -0.0134883 0.00529382
v 0.0205759 -0.0138278 0.0052
v 0.0205653 -0.0138378 0.00523461
v 0.0206736 -0.0135631 0.00523461
v 0.0208333 -0.0133148 0.00523461
v 0.0207582 -0.0134429 0.0052
v 0.0206791 -0.0135659 0.0052
v 0.0212811 -0.0129342 0.00523461
v 0.0210425 -0.0131071 0.0052
v 0.0210385 -0.0131024 0.00523461
v 0.0210327 -0.0131173 0.0052
v 0.0208382 -0.0133186 0.0052
v 0.0215519 -0.0128165 0.00523461
v 0.0213937 -0.0128919 0.0052
v 0.0212841 -0.0129396 0.0052
v 0.0222264 -0.0127714 0.0052
v 0.0221352 -0.0127549 0.0052
v 0.0221357 -0.0127487 0.00523461
v 0.0218412 -0.01276 0.0052
v 0.0218405 -0.0127539 0.00523461
v 0.0218013 -0.0127686 0.0052
v 0.0215538 -0.0128223 0.0052
v 0.0224245 -0.0128073 0.0052
v 0.0224262 -0.0128013 0.00523461
v 0.0226352 -0.0128903 0.0052
v 0.0227009 -0.0129096 0.00523461
v 0.0226981 -0.0129151 0.0052
v 0.0229492 -0.0130693 0.00523461
v 0.0229454 -0.0130742 0.0052
v 0.02345 -0.0138281 0.0052
v 0.0234417 -0.0137898 0.0052
v 0.0234475 -0.0137879 0.00523461
v 0.0233244 -0.0135201 0.0052
v 0.0233298 -0.0135171 0.00523461
v 0.0232707 -0.0134426 0.0052
v 0.0231616 -0.0132745 0.00523461
v 0.0231569 -0.0132785 0.0052
v 0.0229928 -0.01312 0.0052
v 0.023504 -0.0140772 0.0052
v 0.0235101 -0.0140765 0.00523461
v 0.023507 -0.0142501 0.0052
v 0.0235153 -0.0143717 0.00523461
v 0.0235091 -0.0143712 0.0052
v 0.0234627 -0.0146622 0.00523461
v 0.0234567 -0.0146605 0.0052
v 0.0234521 -0.0146722 0.0052
v 0.0233544 -0.0149369 0.00523461
v 0.0233489 -0.0149341 0.0052
v 0.0232698 -0.0150571 0.0052
v 0.0231947 -0.0151852 0.00523461
v 0.0231898 -0.0151814 0.0052
v 0.0229953 -0.0153827 0.0052
v 0.0229895 -0.0153976 0.00523461
v 0.0229855 -0.0153929 0.0052
v 0.0227469 -0.0155658 0.00523461
v 0.0227439 -0.0155604 0.0052
v 0.0226343 -0.0156081 0.0052
v 0.0224761 -0.0156835 0.00523461
v 0.0224742 -0.0156777 0.0052
v 0.0222267 -0.0157314 0.0052
v 0.0221875 -0.0157461 0.00523461
v 0.0221868 -0.01574 0.0052
v 0.0218923 -0.0157513 0.00523461
v 0.0218928 -0.0157451 0.0052
v 0.0210352 -0.01538 0.0052
v 0.0210826 -0.0154258 0.0052
v 0.0210788 -0.0154307 0.00523461
v 0.0213299 -0.0155849 0.0052
v 0.0213271 -0.0155904 0.00523461
v 0.0213928 -0.0156097 0.0052
v 0.0216018 -0.0156987 0.00523461
v 0.0216035 -0.0156927 0.0052
v 0.0218016 -0.0157286 0.0052
v 0.0208711 -0.0152215 0.0052
v 0.0208664 -0.0152255 0.00523461
v 0.0207573 -0.0150574 0.0052
v 0.0206982 -0.0149829 0.00523461
v 0.0207036 -0.0149799 0.0052
v 0.0205805 -0.0147121 0.00523461
v 0.0205863 -0.0147102 0.0052
v 0.0205713 -0.0138395 0.0052
v 0.0205189 -0.0141288 0.0052
v 0.0205127 -0.0141283 0.00523461
v 0.020514 -0.01425 0.0052
v 0.0205179 -0.0144235 0.00523461
v 0.020524 -0.0144228 0.0052
v 0.020578 -0.0146719 0.0052
v 0.0208488 -0.0152405 0.00527071
v 0.0210644 -0.0154488 0.00527071
v 0.0213165 -0.015611 0.00527071
v 0.0215955 -0.0157209 0.00527071
v 0.0218905 -0.0157743 0.00527071
v 0.0221902 -0.0157691 0.00527071
v 0.0224832 -0.0157055 0.00527071
v 0.0227581 -0.015586 0.00527071
v 0.0230045 -0.0154152 0.00527071
v 0.0232128 -0.0151996 0.00527071
v 0.023375 -0.0149475 0.00527071
v 0.0234849 -0.0146685 0.00527071
v 0.0235383 -0.0143735 0.00527071
v 0.0235331 -0.0140738 0.00527071
v 0.0234695 -0.0137808 0.00527071
v 0.02335 -0.0135059 0.00527071
v 0.0231792 -0.0132595 0.00527071
v 0.0229636 -0.0130512 0.00527071
v 0.0227115 -0.012889 0.00527071
v 0.0224325 -0.0127791 0.00527071
v 0.0221375 -0.0127257 0.00527071
v 0.0218378 -0.0127309 0.00527071
v 0.0215448 -0.0127945 0.00527071
v 0.0212699 -0.012914 0.00527071
v 0.0210235 -0.0130848 0.00527071
v 0.0208152 -0.0133004 0.00527071
v 0.020653 -0.0135525 0.00527071
v 0.0205431 -0.0138315 0.00527071
v 0.0204897 -0.0141265 0.00527071
v 0.0204949 -0.0144262 0.00527071
v 0.0205585 -0.0147192 0.00527071
v 0.020678 -0.0149941 0.00527071
v 0.0314085 -0.00906879 -0.00400711
v 0.0315912 -0.00906879 -0.00400711
v 0.0315912 -0.00906879 -0.0119929
v 0.0317525 -0.00898303 -0.00401461
v 0.0317525 -0.00898303 -0.0119854
v 0.0318546 -0.00883159 -0.00402786
v 0.0318546 -0.00883159 -0.0119721
v 0.0314085 -0.00906879 -0.0119929
v 0.0312472 -0.00898303 -0.0119854
v 0.0312472 -0.00898303 -0.00401461
v 0.0311451 -0.00883159 -0.0119721
v 0.0311451 -0.00883159 -0.00402786
v 0.030533 -0.00715 -0.00417498
v 0.030533 -0.00715 -0.011825
v 0.0299534 -0.00715 -0.00417498
v 0.0299534 -0.00715 -0.011825
v 0.0288952 -0.00906879 -0.00400711
v 0.0290779 -0.00906879 -0.00400711
v 0.0290779 -0.00906879 -0.0119929
v 0.0292392 -0.00898303 -0.00401461
v 0.0292392 -0.00898303 -0.0119854
v 0.0293413 -0.00883159 -0.00402786
v 0.0293413 -0.00883159 -0.0119721
v 0.0288952 -0.00906879 -0.0119929
v 0.0287339 -0.00898303 -0.0119854
v 0.0287339 -0.00898303 -0.00401461
v 0.0286318 -0.00883159 -0.0119721
v 0.0286318 -0.00883159 -0.00402786
v 0.0280198 -0.00715 -0.00417498
v 0.0280198 -0.00715 -0.011825
v 0.0274401 -0.00715 -0.00417498
v 0.0274401 -0.00715 -0.011825
v 0.026382 -0.00906879 -0.00400711
v 0.0265646 -0.00906879 -0.00400711
v 0.0265646 -0.00906879 -0.0119929
v 0.0267259 -0.00898303 -0.00401461
v 0.0267259 -0.00898303 -0.0119854
v 0.0268281 -0.00883159 -0.00402786
v 0.0268281 -0.00883159 -0.0119721
v 0.026382 -0.00906879 -0.0119929
v 0.0262207 -0.00898303 -0.0119854
v 0.0262207 -0.00898303 -0.00401461
v 0.0261185 -0.00883159 -0.0119721
v 0.0261185 -0.00883159 -0.00402786
v 0.0255065 -0.00715 -0.00417498
v 0.0255065 -0.00715 -0.011825
v 0.0249268 -0.00715 -0.00417498
v 0.0249268 -0.00715 -0.011825
v 0.0238687 -0.00906879 -0.00400711
v 0.0240513 -0.00906879 -0.00400711
v 0.0240513 -0.00906879 -0.0119929
v 0.0242126 -0.00898303 -0.00401461
v 0.0242126 -0.00898303 -0.0119854
v 0.0243148 -0.00883159 -0.00402786
v 0.0243148 -0.00883159 -0.0119721
v 0.0238687 -0.00906879 -0.0119929
v 0.0237074 -0.00898303 -0.0119854
v 0.0237074 -0.00898303 -0.00401461
v 0.0236053 -0.00883159 -0.0119721
v 0.0236053 -0.00883159 -0.00402786
v 0.0229932 -0.00715 -0.00417498
v 0.0229932 -0.00715 -0.011825
v 0.0224136 -0.00715 -0.00417498
v 0.0224136 -0.00715 -0.011825
v 0.0213554 -0.00906879 -0.00400711
v 0.0215381 -0.00906879 -0.00400711
v 0.0215381 -0.00906879 -0.0119929
v 0.0216994 -0.00898303 -0.00401461
v 0.0216994 -0.00898303 -0.0119854
v 0.0218015 -0.00883159 -0.00402786
v 0.0218015 -0.00883159 -0.0119721
v 0.0213554 -0.00906879 -0.0119929
v 0.0211941 -0.00898303 -0.0119854
v 0.0211941 -0.00898303 -0.00401461
v 0.021092 -0.00883159 -0.0119721
v 0.021092 -0.00883159 -0.00402786
v 0.0204799 -0.00715 -0.00417498
v 0.0204799 -0.00715 -0.011825
v 0.0199003 -0.00715 -0.00417498
v 0.0199003 -0.00715 -0.011825
v 0.0188421 -0.00906879 -0.00400711
v 0.0190248 -0.00906879 -0.00400711
v 0.0190248 -0.00906879 -0.0119929
v 0.0191861 -0.00898303 -0.00401461
v 0.0191861 -0.00898303 -0.0119854
v 0.0192882 -0.00883159 -0.00402786
v 0.0192882 -0.00883159 -0.0119721
v 0.0188421 -0.00906879 -0.0119929
v 0.0186809 -0.00898303 -0.0119854
v 0.0186809 -0.00898303 -0.00401461
v 0.0185787 -0.00883159 -0.0119721
v 0.0185787 -0.00883159 -0.00402786
v 0.0179667 -0.00715 -0.00417498
v 0.0179667 -0.00715 -0.011825
v 0.017387 -0.00715 -0.00417498
v 0.017387 -0.00715 -0.011825
v 0.0163289 -0.00906879 -0.00400711
v 0.0165115 -0.00906879 -0.00400711
v 0.0165115 -0.00906879 -0.0119929
v 0.0166728 -0.00898303 -0.00401461
v 0.0166728 -0.00898303 -0.0119854
v 0.016775 -0.00883159 -0.00402786
v 0.016775 -0.00883159 -0.0119721
v 0.0163289 -0.00906879 -0.0119929
v 0.0161676 -0.00898303 -0.0119854
v 0.0161676 -0.00898303 -0.00401461
v 0.0160654 -0.00883159 -0.0119721
v 0.0160654 -0.00883159 -0.00402786
v 0.0154534 -0.00715 -0.00417498
v 0.0154534 -0.00715 -0.011825
v 0.0148737 -0.00715 -0.00417498
v 0.0148737 -0.00715 -0.011825
v 0.0138156 -0.00906879 -0.00400711
v 0.0139983 -0.00906879 -0.00400711
v 0.0139983 -0.00906879 -0.0119929
v 0.0141595 -0.00898303 -0.00401461
v 0.0141595 -0.00898303 -0.0119854
v 0.0142617 -0.00883159 -0.00402786
v 0.0142617 -0.00883159 -0.0119721
v 0.0138156 -0.00906879 -0.0119929
v 0.0136543 -0.00898303 -0.0119854
v 0.0136543 -0.00898303 -0.00401461
v 0.0135522 -0.00883159 -0.0119721
v 0.0135522 -0.00883159 -0.00402786
v 0.0129401 -0.00715 -0.00417498
v 0.0129401 -0.00715 -0.011825
v 0.0123605 -0.00715 -0.00417498
v 0.0123605 -0.00715 -0.011825
v 0.0113023 -0.00906879 -0.00400711
v 0.011485 -0.00906879 -0.00400711
v 0.011485 -0.00906879 -0.0119929
v 0.0116463 -0.00898303 -0.00401461
v 0.0116463 -0.00898303 -0.0119854
v 0.0117484 -0.00883159 -0.00402786
v 0.0117484 -0.00883159 -0.0119721
v 0.0113023 -0.00906879 -0.0119929
v 0.011141 -0.00898303 -0.0119854
v 0.011141 -0.00898303 -0.00401461
v 0.0110389 -0.00883159 -0.0119721
v 0.0110389 -0.00883159 -0.00402786
v 0.0104268 -0.00715 -0.00417498
v 0.0104268 -0.00715 -0.011825
v 0.00984718 -0.00715 -0.00417498
v 0.00984718 -0.00715 -0.011825
v 0.00878904 -0.00906879 -0.00400711
v 0.0089717 -0.00906879 -0.00400711
v 0.0089717 -0.00906879 -0.0119929
v 0.00913299 -0.00898303 -0.00401461
v 0.00913299 -0.00898303 -0.0119854
v 0.00923513 -0.00883159 -0.00402786
v 0.00923513 -0.00883159 -0.0119721
v 0.00878904 -0.00906879 -0.0119929
v 0.00862775 -0.00898303 -0.0119854
v 0.00862775 -0.00898303 -0.00401461
v 0.00852561 -0.00883159 -0.0119721
v 0.00852561 -0.00883159 -0.00402786
v 0.00791356 -0.00715 -0.00417498
v 0.00791356 -0.00715 -0.011825
v 0.00733391 -0.00715 -0.00417498
v 0.00733391 -0.00715 -0.011825
v 0.00627576 -0.00906879 -0.00400711
v 0.00645843 -0.00906879 -0.00400711
v 0.00645843 -0.00906879 -0.0119929
v 0.00661971 -0.00898303 -0.00401461
v 0.00661971 -0.00898303 -0.0119854
v 0.00672186 -0.00883159 -0.00402786
v 0.00672186 -0.00883159 -0.0119721
v 0.00627576 -0.00906879 -0.0119929
v 0.00611448 -0.00898303 -0.0119854
v 0.00611448 -0.00898303 -0.00401461
v 0.00601234 -0.00883159 -0.0119721
v 0.00601234 -0.00883159 -0.00402786
v 0.00540029 -0.00715 -0.00417498
v 0.00540029 -0.00715 -0.011825
v 0.00482063 -0.00715 -0.00417498
v 0.00482063 -0.00715 -0.011825
v 0.00376249 -0.00906879 -0.00400711
v 0.00394515 -0.00906879 -0.00400711
v 0.00394515 -0.00906879 -0.0119929
v 0.00410644 -0.00898303 -0.00401461
v 0.00410644 -0.00898303 -0.0119854
v 0.00420858 -0.00883159 -0.00402786
v 0.00420858 -0.00883159 -0.0119721
v 0.00376249 -0.00906879 -0.0119929
v 0.00360121 -0.00898303 -0.0119854
v 0.00360121 -0.00898303 -0.00401461
v 0.00349906 -0.00883159 -0.0119721
v 0.00349906 -0.00883159 -0.00402786
v 0.00288701 -0.00715 -0.00417498
v 0.00288701 -0.00715 -0.011825
v 0.00230736 -0.00715 -0.00417498
v 0.00230736 -0.00715 -0.011825
v 0.00124922 -0.00906879 -0.00400711
v 0.00143188 -0.00906879 -0.00400711
v 0.00143188 -0.00906879 -0.0119929
v 0.00159316 -0.00898303 -0.00401461
v 0.00159316 -0.00898303 -0.0119854
v 0.00169531 -0.00883159 -0.00402786
v 0.00169531 -0.00883159 -0.0119721
v 0.00124922 -0.00906879 -0.0119929
v 0.00108793 -0.00898303 -0.0119854
v 0.00108793 -0.00898303 -0.00401461
v 0.00098579 -0.00883159 -0.0119721
v 0.00098579 -0.00883159 -0.00402786
v 0.00037374 -0.00715 -0.00417498
v 0.00037374 -0.00715 -0.011825
v -0.00020592 -0.00715 -0.00417498
v -0.00020592 -0.00715 -0.011825
v -0.00126406 -0.00906879 -0.00400711
v -0.00108139 -0.00906879 -0.00400711
v -0.00108139 -0.00906879 -0.0119929
v -0.00092011 -0.00898303 -0.00401461
v -0.00092011 -0.00898303 -0.0119854
v -0.00081796 -0.00883159 -0.00402786
v -0.00081796 -0.00883159 -0.0119721
v -0.00126406 -0.00906879 -0.0119929
v -0.00142534 -0.00898303 -0.0119854
v -0.00142534 -0.00898303 -0.00401461
v -0.00152749 -0.00883159 -0.0119721
v -0.00152749 -0.00883159 -0.00402786
v -0.00271919 -0.00715 -0.011825
v -0.00271919 -0.00715 -0.00417498
v -0.00213954 -0.00715 -0.011825
v -0.00213954 -0.00715 -0.00417498
v -0.00377733 -0.00906879 -0.00400711
v -0.00359467 -0.00906879 -0.00400711
v -0.00359467 -0.00906879 -0.0119929
v -0.00343338 -0.00898303 -0.00401461
v -0.00343338 -0.00898303 -0.0119854
v -0.00333124 -0.00883159 -0.00402786
v -0.00333124 -0.00883159 -0.0119721
v -0.00377733 -0.00906879 -0.0119929
v -0.00393862 -0.00898303 -0.0119854
v -0.00393862 -0.00898303 -0.00401461
v -0.00404076 -0.00883159 -0.0119721
v -0.00404076 -0.00883159 -0.00402786
v 0.0324667 -0.00715 -0.011825
v 0.0324667 -0.00715 -0.00417498
v -0.00465281 -0.00715 -0.011825
v -0.00465281 -0.00715 -0.00417498
v 0.0312644 -0.0197566 -0.012
v 0.0297498 -0.0206422 -0.012
v 0.0323799 -0.0184023 -0.012
v 0.0280225 -0.02095 -0.012
v -0.00019454 -0.02095 -0.012
v -0.00192183 -0.0206422 -0.012
v -0.00343643 -0.0197566 -0.012
v -0.00455186 -0.0184023 -0.012
v -0.00517414 -0.01725 -0.012
v 0.0330021 -0.01725 -0.012
v -0.00019454 -0.02095 -0.004
v 0.0280225 -0.02095 -0.004
v 0.01838 -0.01375 -0.0025
v 0.018014 -0.013384 -0.0025
v 0.017514 -0.01425 -0.0025
v 0.017514 -0.01325 -0.0025
v 0.017014 -0.013384 -0.0025
v 0.018014 -0.015116 -0.0025
v 0.01838 -0.01475 -0.0025
v 0.018514 -0.01425 -0.0025
v 0.016648 -0.01475 -0.0025
v 0.017014 -0.015116 -0.0025
v 0.017514 -0.01525 -0.0025
v 0.016648 -0.01375 -0.0025
v 0.016514 -0.01425 -0.0025
v 0.0323799 -0.0184023 -0.004
v 0.0312644 -0.0197566 -0.004
v 0.0297498 -0.0206422 -0.004
v 0.036514 -0.00715 -0.00417498
v 0.036514 -0.00715 -0.011825
v -0.00824109 -0.00915 -0.004
v 0.0360691 -0.00915 -0.004
v -0.008686 -0.00715 -0.00417498
v -0.008686 -0.00715 -0.011825
v -0.00824109 -0.00915 -0.012
v 0.0360691 -0.00915 -0.012
v 0.0354759 -0.01125 -0.012
v -0.00764787 -0.01125 -0.012
v 0.0355408 -0.0110413 -0.012
v -0.00771275 -0.0110413 -0.012
v 0.0354759 -0.01125 -0.0149
v -0.00764787 -0.01125 -0.0149
v 0.0341574 -0.0148065 -0.0149
v -0.00632943 -0.0148065 -0.0149
v 0.0330021 -0.01725 -0.0149
v -0.00517414 -0.01725 -0.0149
v -0.00192183 -0.0206422 -0.004
v -0.00343643 -0.0197566 -0.004
v -0.00455186 -0.0184023 -0.004
v 0.0140965 -0.013625 -0.006
v 0.013639 -0.0131675 -0.006
v 0.013014 -0.01425 -0.006
v 0.013014 -0.013 -0.006
v 0.012389 -0.0131675 -0.006
v 0.013639 -0.0153325 -0.006
v 0.0140965 -0.014875 -0.006
v 0.014264 -0.01425 -0.006
v 0.0119315 -0.014875 -0.006
v 0.012389 -0.0153325 -0.006
v 0.013014 -0.0155 -0.006
v 0.0119315 -0.013625 -0.006
v 0.011764 -0.01425 -0.006
v 0.0317623 -0.01725 -0.004
v 0.0324962 -0.0171105 -0.004
v 0.0331276 -0.0167115 -0.004
v 0.0335686 -0.0161086 -0.004
v -0.00517414 -0.01725 -0.004
v 0.017514 -0.01325 0.00125
v 0.017014 -0.013384 0.00125
v 0.016648 -0.01375 0.00125
v 0.016514 -0.01425 0.00125
v 0.016648 -0.01475 0.00125
v 0.017014 -0.015116 0.00125
v 0.017514 -0.01525 0.00125
v 0.018014 -0.015116 0.00125
v 0.01838 -0.01475 0.00125
v 0.018514 -0.01425 0.00125
v 0.01838 -0.01375 0.00125
v 0.018014 -0.013384 0.00125
v 0.0191178 -0.01725 0.0008
v 0.0317623 -0.01725 0.0008
v 0.0329396 -0.01755 0.0005
v 0.0327664 -0.01725 0.0008
v 0.0328084 -0.0172545 0.00079552
v 0.0329648 -0.0174749 0.00057508
v 0.0189625 -0.017324 0.00072599
v 0.0190318 -0.0172694 0.00078055
v 0.0189234 -0.0174031 0.00064693
v 0.0190737 -0.0172549 0.00079508
v 0.0189221 -0.0174913 0.00055874
v 0.0189446 -0.01755 0.0005
v 0.0328486 -0.0172677 0.0007823
v 0.0329163 -0.0173177 0.00073232
v 0.0329575 -0.0173911 0.00065891
v 0.0355408 -0.0110413 -0.004
v 0.0344943 -0.0139959 -0.004
v 0.0341574 -0.0148065 0.0015
v 0.0335686 -0.0161086 0.0015
v 0.0344943 -0.0139959 0.0015
v 0.0327664 -0.01725 0.0015
v 0.0317623 -0.01725 0.0015
v 0.0331276 -0.0167115 0.0015
v 0.0324962 -0.0171105 0.0015
v 0.0326386 -0.01125 0.0008
v 0.0326386 -0.01125 0.0015
v 0.0335768 -0.0114837 0.0015
v 0.0326386 -0.01125 -0.004
v 0.0335768 -0.0114837 -0.004
v 0.0342957 -0.0121301 0.0015
v 0.0342957 -0.0121301 -0.004
v 0.0346274 -0.0130383 0.0015
v 0.0346274 -0.0130383 -0.004
v -0.00771275 -0.0110413 -0.004
v -0.00764787 -0.01125 -0.004
v -0.00517414 -0.01725 -0.0005
v -0.00574643 -0.0160964 -0.0005
v -0.00685934 -0.0135058 -0.0005
v -0.00764787 -0.01125 -0.0005
v -0.00630507 -0.014796 -0.0005
v 0.013014 -0.013 0.0015
v 0.012389 -0.0131675 0.0015
v 0.0119315 -0.013625 0.0015
v 0.011764 -0.01425 0.0015
v 0.0119315 -0.014875 0.0015
v 0.012389 -0.0153325 0.0015
v 0.013014 -0.0155 0.0015
v 0.013639 -0.0153325 0.0015
v 0.0140965 -0.014875 0.0015
v 0.014264 -0.01425 0.0015
v 0.0140965 -0.013625 0.0015
v 0.013639 -0.0131675 0.0015
v -0.00476917 -0.01725 0.00064354
v -0.00480923 -0.01725 0.00059085
v -0.00502454 -0.01725 0.00018792
v -0.00506807 -0.01725 0.00010645
v -0.0050941 -0.01725 2.841E-05
v 0.0191178 -0.01725 0.0015
v 0.0187446 -0.01725 0.0015
v -0.00290477 -0.01725 0.0015
v -0.00303221 -0.01725 0.00149689
v -0.00365989 -0.01725 0.00138727
v -0.00369413 -0.01725 0.00137595
v -0.00375586 -0.01725 0.00135552
v -0.00429975 -0.01725 0.00108041
v -0.00435296 -0.01725 0.00104282
v -0.0044989 -0.01725 0.00090281
v -0.00563477 -0.0160434 0.00019223
v -0.0039398 -0.0152385 0.0015
v -0.00554562 -0.01125 0.0015
v -0.0061046 -0.01125 0.00142832
v -0.0056392 -0.0130351 0.00137638
v -0.00456511 -0.0155354 0.00137638
v -0.00499335 -0.012786 0.0015
v -0.00521728 -0.0158451 0.00091421
v -0.006744 -0.0134613 0.00019223
v -0.00756788 -0.01125 4.717E-05
v -0.00753798 -0.01125 0.00013898
v -0.00751167 -0.01125 0.0001891
v -0.00680985 -0.01125 0.00109897
v -0.00701884 -0.01125 0.00090045
v -0.0063128 -0.013295 0.00091421
v -0.00722388 -0.01125 0.00070568
v -0.007278 -0.01125 0.00063419
v -0.00620672 -0.01125 0.00139895
v -0.00627063 -0.01125 0.00136883
v -0.00673528 -0.01125 0.00114991
v 0.018409 -0.0151226 0.0015
v 0.0185965 -0.014875 0.0015
v 0.018764 -0.01425 0.0015
v 0.0187616 -0.0141731 0.0015
v 0.0185965 -0.013625 0.0015
v 0.018139 -0.0131675 0.0015
v 0.017514 -0.013 0.0015
v 0.016889 -0.0131675 0.0015
v 0.0164315 -0.013625 0.0015
v 0.016264 -0.01425 0.0015
v 0.0164315 -0.014875 0.0015
v 0.016889 -0.0153325 0.0015
v 0.017514 -0.0155 0.0015
v 0.018139 -0.0153325 0.0015
v 0.0328486 -0.0172677 0.0015
v 0.0329163 -0.0173177 0.0015
v 0.0329575 -0.0173911 0.0015
v 0.0329648 -0.0174749 0.0015
v 0.032937 -0.0175543 0.0015
v 0.032937 -0.0175543 0.0005
v 0.0189221 -0.0174913 0.0015
v 0.0189589 -0.0175714 0.0015
v 0.0188251 -0.0173815 0.0015
v 0.0190318 -0.0172694 0.0015
v 0.0189625 -0.017324 0.0015
v 0.0189234 -0.0174031 0.0015
v 0.0189589 -0.0175714 0.0005
v 0.0324631 -0.0181204 0.0005
v 0.0316914 -0.0185873 0.0005
v 0.0308042 -0.01875 0.0005
v 0.0213427 -0.01875 0.0005
v 0.0199099 -0.0183858 0.0005
v 0.0355759 -0.01125 0.0015
v 0.0330188 -0.01741 0.0015
v 0.0345102 -0.0142034 0.0015
v 0.0355759 -0.01125 0.0008
v 0.0200699 -0.01125 0.0008
v 0.0200699 -0.01125 0.0015
v 0.0183516 -0.015981 0.0015
v 0.0186044 -0.0145245 0.0015
v 0.0213467 -0.00839723 0.0075
v 0.0222595 -0.00880574 0.0085
v 0.0253872 0.00063054 0.0075
v 0.0263 0.00022203 0.0085
v 0.0292605 0.00872674 0.0101331
v 0.0293801 0.00907006 0.0103377
v 0.0291555 0.00884552 0.00969001
v 0.0262165 0.00248326 0.0075771
v 0.0270286 0.00231522 0.00857668
v 0.0265659 0.0032641 0.00765711
v 0.0272355 0.00290951 0.00862777
v 0.02659 0.00331776 0.00766592
v 0.0272486 0.00294693 0.00863099
v 0.0276335 0.00405288 0.00878115
v 0.027295 0.00489308 0.00792441
v 0.0278831 0.00476979 0.0088785
v 0.0277049 0.00580886 0.00814866
v 0.0281028 0.00540078 0.00900415
v 0.0277908 0.00600076 0.00819565
v 0.0281883 0.00564657 0.00905309
v 0.0283185 0.00717995 0.00858569
v 0.0289399 0.00780573 0.00970202
v 0.0285811 0.00677503 0.0093455
v 0.0287684 0.00731306 0.0095316
v 0.0286497 0.00791987 0.00891684
v 0.0288382 0.00751351 0.00960094
v 0.0288015 0.00825913 0.00906868
v 0.0289898 0.00867983 0.00930345
v 0.0358 -0.0101466 0.00648502
v 0.0357734 -0.01051 0.00584469
v 0.0357734 -0.01051 0.0053
v 0.0356929 -0.0108706 0.0053
v 0.0356929 -0.0108706 0.00089286
v 0.0358 -0.0101466 0.001
v 0.0227159 -0.00951 0.0085
v 0.0263 -0.00951 0.0085
v 0.0222963 -0.00928191 0.0085
v 0.0224771 -0.00944929 0.0085
v 0.0222173 -0.0090485 0.0085
v 0.0212203 -0.0091255 0.0075
v 0.0214571 -0.00982573 0.0075
v 0.0219995 -0.0103279 0.0075
v 0.0227159 -0.01051 0.0075
v 0.0330188 -0.01741 0.0053
v 0.0324631 -0.0181204 0.0053
v 0.0316914 -0.0185873 0.0053
v 0.0308042 -0.01875 0.0053
v 0.0213427 -0.01875 0.0053
v 0.0199099 -0.0183858 0.0053
v 0.0188251 -0.0173815 0.0053
v 0.0183516 -0.015981 0.0053
v 0.0186044 -0.0145245 0.0053
v 0.0355816 -0.0112316 0.00078163
v 0.0345102 -0.0142034 0.0053
v 0.0358 -0.01001 0.0168105
v 0.0358 0.00999 0.0168105
v 0.0354763 0.00999 0.0192693
v 0.0354763 -0.01001 0.0192693
v 0.0345272 0.00999 0.0215605
v 0.0345272 -0.01001 0.0215605
v 0.0314689 -0.01001 0.0268577
v 0.0314689 0.00999 0.0268577
v 0.0298 0.00949 0.0168105
v 0.0298 0.00949 0.012
v 0.0298 -0.00951 0.0168105
v 0.0298 -0.00951 0.012
v 0.0295336 0.00922358 0.0106606
v 0.0295336 -0.00951 0.0106606
v 0.0297327 0.00942275 0.0113172
v 0.0276394 -0.00951 0.00876642
v 0.0287749 -0.00951 0.00952513
v 0.0353 -0.01095 0.0005
v 0.0353 0.01049 0.0005
v 0.0358 0.00999 0.001
v 0.0202042 -0.01095 0.0005
v 0.0289898 0.00867983 0.0005
v 0.0213467 -0.00839723 0.0053
v 0.0358 -0.0101341 0.00652211
v 0.0358 -0.01001 0.0073
v 0.031 0.00999 0.0286077
v 0.031 -0.01001 0.0286077
v 0.0311193 0.00999 0.0277018
v 0.0311193 -0.01001 0.0277018
v 0.0354045 -0.01051 0.00664518
v 0.0353 -0.01051 0.0073
v 0.0353 -0.01051 0.0168105
v 0.0349933 -0.01051 0.0191399
v 0.0340942 -0.01051 0.0213105
v 0.0310359 -0.01051 0.0266077
v 0.0305 -0.01051 0.0286077
v 0.0306363 -0.01051 0.0275724
v 0.0305 -0.01051 0.044
v 0.031 -0.01001 0.044
v 0.0308 -0.01051 0.0168105
v 0.0296807 -0.00951 0.0177164
v 0.0306467 -0.01051 0.0179752
v 0.0293311 -0.00951 0.0185605
v 0.0301971 -0.01051 0.0190605
v 0.0308 -0.01051 0.012
v 0.0263 -0.01051 0.0075
v 0.0280221 -0.01051 0.00784254
v 0.029482 -0.01051 0.00881802
v 0.0304575 -0.01051 0.0102779
v 0.0212203 -0.0091255 0.0053
v 0.0214571 -0.00982573 0.0053
v 0.0219995 -0.0103279 0.0053
v 0.0227159 -0.01051 0.0053
v 0.0263349 -0.01051 0.02575
v 0.0254689 -0.00951 0.02525
v 0.0293311 0.00949 0.0185605
v 0.0296807 0.00949 0.0177164
v 0.0340942 0.01049 0.0213105
v 0.0349933 0.01049 0.0191399
v 0.0353 0.01049 0.0168105
v 0.0310359 0.01049 0.0266077
v 0.0306363 0.01049 0.0275724
v 0.0305 0.01049 0.0286077
v 0.0305 0.01049 0.044
v 0.031 0.00999 0.044
v 0.0254689 0.00949 0.02525
v 0.0301971 0.01049 0.0190605
v 0.0263349 0.01049 0.02575
v 0.0306467 0.01049 0.0179752
v 0.0308 0.01049 0.0168105
v 0.0308 0.01049 0.0005
v 0.031 -0.00751 0.0465
v 0.031 0.00749 0.0465
v 0.031 -0.00846671 0.0463097
v 0.031 -0.00927777 0.0457678
v 0.031 -0.0098197 0.0449567
v 0.031 0.0097997 0.0449567
v 0.031 0.00925777 0.0457678
v 0.031 0.00844671 0.0463097
v 0.0305 -0.00751 0.047
v 0.0305 -0.00865805 0.0467716
v 0.0305 -0.00963132 0.0461213
v 0.0305 -0.0102816 0.0451481
v 0.026 -0.01051 0.044
v 0.026 -0.01051 0.027
v 0.0260852 -0.01051 0.026353
v 0.025 -0.00951 0.027
v 0.0251193 -0.00951 0.0260941
v 0.0251193 0.00949 0.0260941
v 0.0260852 0.01049 0.026353
v 0.025 0.00949 0.027
v 0.026 0.01049 0.027
v 0.0305 0.0102616 0.0451481
v 0.0305 0.00961132 0.0461213
v 0.0305 0.00863805 0.0467716
v 0.0305 0.00749 0.047
v 0.026 0.01049 0.044
v 0.0259424 -0.0104524 0.0445853
v 0.0257716 -0.0102816 0.0451481
v 0.0251213 -0.00963132 0.0461213
v 0.025 -0.00951 0.0462361
v 0.025 -0.00865805 0.0467716
v 0.025 -0.00751 0.047
v 0.025 0.00949 0.0462361
v 0.0251213 0.00961132 0.0461213
v 0.0259424 0.0104324 0.0445853
v 0.0257716 0.0102616 0.0451481
v 0.025 0.00863805 0.0467716
v 0.025 0.00749 0.047
v 0.031014 -0.01425 0.00626099
v 0.0297966 -0.0146455 0.007
v 0.0299785 -0.0150024 0.007
v 0.029734 -0.01425 0.007
v 0.0306185 -0.0154674 0.007
v 0.031014 -0.01553 0.007
v 0.0302616 -0.0152855 0.007
v 0.030148 -0.0151925 0.007
v 0.0313972 -0.0154713 0.007
v 0.0314095 -0.0154674 0.007
v 0.0320495 -0.0150024 0.007
v 0.0322314 -0.0146455 0.007
v 0.0317664 -0.0152855 0.007
v 0.0322314 -0.0138545 0.007
v 0.0320495 -0.0134976 0.007
v 0.032294 -0.01425 0.007
v 0.0322633 -0.0145287 0.007
v 0.0314095 -0.0130326 0.007
v 0.031014 -0.01297 0.007
v 0.0317664 -0.0132145 0.007
v 0.03188 -0.0133075 0.007
v 0.0306307 -0.0130287 0.007
v 0.0306185 -0.0130326 0.007
v 0.0299785 -0.0134976 0.007
v 0.0297966 -0.0138545 0.007
v 0.0302616 -0.0132145 0.007
v 0.0297647 -0.0139713 0.007
v 0.0313359 -0.0128075 0.007
v 0.0324242 -0.0138075 0.007
v 0.0321024 -0.01525 0.007
v 0.0306921 -0.0156925 0.007
v 0.0299256 -0.01325 0.007
v 0.0296038 -0.0146925 0.007
v 0.0313359 -0.0128075 0.0083
v 0.0299256 -0.01325 0.0083
v 0.0324242 -0.0138075 0.0083
v 0.0321024 -0.01525 0.0083
v 0.0306921 -0.0156925 0.0083
v 0.0296038 -0.0146925 0.0083
v 0.0295389 -0.012109 0.0083
v 0.0292363 -0.0123527 0.0083
v 0.0289734 -0.0126389 0.0083
v 0.028756 -0.012961 0.0083
v 0.0336058 -0.0140431 0.0083
v 0.033546 -0.0136591 0.0083
v 0.0334296 -0.0132883 0.0083
v 0.0332593 -0.012939 0.0083
v 0.0321535 -0.016587 0.0083
v 0.0324891 -0.016391 0.0083
v 0.0284222 -0.0144569 0.0083
v 0.028482 -0.0148409 0.0083
v 0.0285984 -0.0152117 0.0083
v 0.0287687 -0.015561 0.0083
v 0.0285891 -0.0133119 0.0083
v 0.0284764 -0.0136838 0.0083
v 0.0284204 -0.0140684 0.0083
v 0.0310013 -0.01165 0.0083
v 0.0306139 -0.011681 0.0083
v 0.0302355 -0.0117693 0.0083
v 0.0298745 -0.011913 0.0083
v 0.0321307 -0.011902 0.0083
v 0.0317682 -0.0117618 0.0083
v 0.031389 -0.0116772 0.0083
v 0.0298973 -0.016598 0.0083
v 0.0302598 -0.0167382 0.0083
v 0.030639 -0.0168228 0.0083
v 0.0289892 -0.015881 0.0083
v 0.0292549 -0.0161645 0.0083
v 0.0295599 -0.0164053 0.0083
v 0.0327917 -0.0161473 0.0083
v 0.0330546 -0.0158611 0.0083
v 0.033272 -0.015539 0.0083
v 0.0330388 -0.012619 0.0083
v 0.0327731 -0.0123355 0.0083
v 0.0324681 -0.0120947 0.0083
v 0.0334389 -0.0151881 0.0083
v 0.0335516 -0.0148162 0.0083
v 0.0336076 -0.0144316 0.0083
v 0.0310267 -0.01685 0.0083
v 0.0314141 -0.016819 0.0083
v 0.0317925 -0.0167307 0.0083
v 0.0328083 -0.0122972 0.00829073
v 0.0330793 -0.0125865 0.00829073
v 0.0333041 -0.0129128 0.00829073
v 0.0334778 -0.0132691 0.00829073
v 0.0335965 -0.0136473 0.00829073
v 0.0336575 -0.0140389 0.00829073
v 0.0336594 -0.0144353 0.00829073
v 0.0336023 -0.0148275 0.00829073
v 0.0334873 -0.0152068 0.00829073
v 0.0333171 -0.0155647 0.00829073
v 0.0330954 -0.0158933 0.00829073
v 0.0328272 -0.0161852 0.00829073
v 0.0325186 -0.0164338 0.00829073
v 0.0321763 -0.0166337 0.00829073
v 0.031808 -0.0167803 0.00829073
v 0.031422 -0.0168703 0.00829073
v 0.0310269 -0.0169019 0.00829073
v 0.0306316 -0.0168742 0.00829073
v 0.0302447 -0.0167879 0.00829073
v 0.029875 -0.0166449 0.00829073
v 0.0295308 -0.0164484 0.00829073
v 0.0292197 -0.0162028 0.00829073
v 0.0289487 -0.0159135 0.00829073
v 0.0287239 -0.0155872 0.00829073
v 0.0285502 -0.0152309 0.00829073
v 0.0284315 -0.0148527 0.00829073
v 0.0283705 -0.0144611 0.00829073
v 0.0283686 -0.0140647 0.00829073
v 0.0284257 -0.0136725 0.00829073
v 0.0285407 -0.0132932 0.00829073
v 0.0287109 -0.0129353 0.00829073
v 0.0289326 -0.0126067 0.00829073
v 0.0292008 -0.0123148 0.00829073
v 0.0295094 -0.0120662 0.00829073
v 0.0298517 -0.0118663 0.00829073
v 0.03022 -0.0117197 0.00829073
v 0.030606 -0.0116297 0.00829073
v 0.0310011 -0.0115981 0.00829073
v 0.0313964 -0.0116258 0.00829073
v 0.0317833 -0.0117121 0.00829073
v 0.032153 -0.0118551 0.00829073
v 0.0324972 -0.0120516 0.00829073
v 0.0285079 -0.0131344 0.00815
v 0.0284492 -0.0132578 0.00815
v 0.0284579 -0.0132612 0.00820192
v 0.02833 -0.0136512 0.00815
v 0.028339 -0.0136532 0.00820192
v 0.028326 -0.0136785 0.00815
v 0.02828 -0.0140585 0.00820192
v 0.0286257 -0.0128866 0.00815
v 0.0286338 -0.0128912 0.00820192
v 0.0287942 -0.012637 0.00815
v 0.0288629 -0.0125517 0.00820192
v 0.0288556 -0.0125459 0.00815
v 0.02914 -0.01225 0.00820192
v 0.0291337 -0.0122433 0.00815
v 0.0298128 -0.0117865 0.00820192
v 0.0296429 -0.011875 0.00815
v 0.0294591 -0.0119931 0.00820192
v 0.0294538 -0.0119854 0.00815
v 0.0291761 -0.0122091 0.00815
v 0.0307271 -0.0115219 0.00815
v 0.0305909 -0.0115327 0.00815
v 0.0305923 -0.0115419 0.00820192
v 0.0301906 -0.0116262 0.00815
v 0.0301934 -0.011635 0.00820192
v 0.0301649 -0.0116364 0.00815
v 0.0298087 -0.0117782 0.00815
v 0.0310006 -0.0115 0.00815
v 0.0310006 -0.0115093 0.00820192
v 0.031301 -0.0115211 0.00815
v 0.0314093 -0.0115379 0.00820192
v 0.0314106 -0.0115287 0.00815
v 0.0318091 -0.0116271 0.00820192
v 0.0318117 -0.0116183 0.00815
v 0.0325468 -0.011978 0.00820192
v 0.0323852 -0.0118751 0.00815
v 0.0321911 -0.0117749 0.00820192
v 0.0321951 -0.0117665 0.00815
v 0.0318625 -0.0116379 0.00815
v 0.0332332 -0.0126375 0.00815
v 0.0331556 -0.0125249 0.00815
v 0.0331484 -0.0125307 0.00820192
v 0.0328746 -0.012225 0.00815
v 0.0328683 -0.0122318 0.00820192
v 0.0328529 -0.0122079 0.00815
v 0.032552 -0.0119703 0.00815
v 0.0333888 -0.0128634 0.00815
v 0.0333808 -0.0128681 0.00820192
v 0.0335208 -0.0131341 0.00815
v 0.0335604 -0.0132363 0.00820192
v 0.033569 -0.0132328 0.00815
v 0.033683 -0.0136271 0.00820192
v 0.033692 -0.013625 0.00815
v 0.033748 -0.0144415 0.00820192
v 0.0337563 -0.01425 0.00815
v 0.033746 -0.0140319 0.00820192
v 0.0337553 -0.0140311 0.00815
v 0.0337004 -0.0136788 0.00815
v 0.0335201 -0.0153656 0.00815
v 0.0335788 -0.0152422 0.00815
v 0.0335701 -0.0152388 0.00820192
v 0.033698 -0.0148488 0.00815
v 0.033689 -0.0148468 0.00820192
v 0.033702 -0.0148215 0.00815
v 0.0337573 -0.0144421 0.00815
v 0.0334022 -0.0156134 0.00815
v 0.0333942 -0.0156088 0.00820192
v 0.0332338 -0.015863 0.00815
v 0.0331651 -0.0159483 0.00820192
v 0.0331724 -0.0159541 0.00815
v 0.032888 -0.01625 0.00820192
v 0.0328943 -0.0162567 0.00815
v 0.0322152 -0.0167135 0.00820192
v 0.0323851 -0.016625 0.00815
v 0.0325689 -0.0165069 0.00820192
v 0.0325742 -0.0165146 0.00815
v 0.0328519 -0.0162909 0.00815
v 0.0313009 -0.0169781 0.00815
v 0.0314371 -0.0169673 0.00815
v 0.0314357 -0.0169581 0.00820192
v 0.0318374 -0.0168738 0.00815
v 0.0318346 -0.016865 0.00820192
v 0.0318631 -0.0168636 0.00815
v 0.0322193 -0.0167218 0.00815
v 0.0310274 -0.017 0.00815
v 0.0310274 -0.0169907 0.00820192
v 0.030727 -0.0169789 0.00815
v 0.0306187 -0.0169621 0.00820192
v 0.0306174 -0.0169713 0.00815
v 0.0302189 -0.0168729 0.00820192
v 0.0302163 -0.0168817 0.00815
v 0.0294812 -0.016522 0.00820192
v 0.0296428 -0.0166249 0.00815
v 0.0298369 -0.0167251 0.00820192
v 0.0298329 -0.0167335 0.00815
v 0.0301655 -0.0168621 0.00815
v 0.0287948 -0.0158625 0.00815
v 0.0288724 -0.0159751 0.00815
v 0.0288796 -0.0159693 0.00820192
v 0.0291534 -0.016275 0.00815
v 0.0291597 -0.0162682 0.00820192
v 0.0291751 -0.0162921 0.00815
v 0.029476 -0.0165297 0.00815
v 0.0286392 -0.0156366 0.00815
v 0.0286472 -0.0156319 0.00820192
v 0.0285072 -0.0153659 0.00815
v 0.0284676 -0.0152637 0.00820192
v 0.028459 -0.0152672 0.00815
v 0.028345 -0.0148729 0.00820192
v 0.028336 -0.014875 0.00815
v 0.0282707 -0.0140579 0.00815
v 0.028264 -0.01425 0.00815
v 0.028282 -0.0144681 0.00820192
v 0.0282727 -0.0144689 0.00815
v 0.0283276 -0.0148212 0.00815
v 0.0328449 -0.0122574 0.00825607
v 0.0331214 -0.0125525 0.00825607
v 0.0333509 -0.0128855 0.00825607
v 0.0335282 -0.0132491 0.00825607
v 0.0336493 -0.013635 0.00825607
v 0.0337115 -0.0140346 0.00825607
v 0.0337135 -0.0144391 0.00825607
v 0.0336551 -0.0148393 0.00825607
v 0.0335378 -0.0152263 0.00825607
v 0.0333641 -0.0155916 0.00825607
v 0.0331379 -0.0159269 0.00825607
v 0.0328643 -0.0162247 0.00825607
v 0.0325493 -0.0164784 0.00825607
v 0.0322 -0.0166823 0.00825607
v 0.0318242 -0.0168319 0.00825607
v 0.0314304 -0.0169238 0.00825607
v 0.0310272 -0.016956 0.00825607
v 0.0306237 -0.0169278 0.00825607
v 0.030229 -0.0168397 0.00825607
v 0.0298518 -0.0166938 0.00825607
v 0.0295005 -0.0164933 0.00825607
v 0.0291831 -0.0162426 0.00825607
v 0.0289066 -0.0159475 0.00825607
v 0.0286771 -0.0156145 0.00825607
v 0.0284998 -0.0152509 0.00825607
v 0.0283788 -0.014865 0.00825607
v 0.0283165 -0.0144654 0.00825607
v 0.0283145 -0.0140609 0.00825607
v 0.0283729 -0.0136607 0.00825607
v 0.0284902 -0.0132737 0.00825607
v 0.0286639 -0.0129084 0.00825607
v 0.0288901 -0.0125731 0.00825607
v 0.0291637 -0.0122753 0.00825607
v 0.0294787 -0.0120216 0.00825607
v 0.029828 -0.0118177 0.00825607
v 0.0302038 -0.0116681 0.00825607
v 0.0305976 -0.0115762 0.00825607
v 0.0310008 -0.011544 0.00825607
v 0.0314043 -0.0115722 0.00825607
v 0.031799 -0.0116603 0.00825607
v 0.0321762 -0.0118062 0.00825607
v 0.0325275 -0.0120067 0.00825607
v 0.0283241 -0.0136782 0.0053
v 0.028264 -0.01425 0.0053
v 0.0285018 -0.0131315 0.0053
v 0.0287892 -0.0126336 0.0053
v 0.0291739 -0.0122064 0.0053
v 0.029639 -0.0118684 0.0053
v 0.0301642 -0.0116346 0.0053
v 0.0307265 -0.0115151 0.0053
v 0.0313015 -0.0115151 0.0053
v 0.0318638 -0.0116346 0.0053
v 0.032389 -0.0118684 0.0053
v 0.0328541 -0.0122064 0.0053
v 0.0332388 -0.0126336 0.0053
v 0.0335262 -0.0131315 0.0053
v 0.0337039 -0.0136782 0.0053
v 0.033764 -0.01425 0.0053
v 0.0337039 -0.0148218 0.0053
v 0.0335262 -0.0153685 0.0053
v 0.0332388 -0.0158664 0.0053
v 0.0328541 -0.0162936 0.0053
v 0.032389 -0.0166316 0.0053
v 0.0318638 -0.0168654 0.0053
v 0.0313015 -0.0169849 0.0053
v 0.0307265 -0.0169849 0.0053
v 0.0301642 -0.0168654 0.0053
v 0.029639 -0.0166316 0.0053
v 0.0291739 -0.0162936 0.0053
v 0.0287892 -0.0158664 0.0053
v 0.0285018 -0.0153685 0.0053
v 0.0283241 -0.0148218 0.0053
v 0.0297945 -0.01425 -0.0027
v 0.0298439 -0.0139064 -0.0027
v 0.031014 -0.01425 -0.0027
v 0.0302154 -0.0151716 -0.0027
v 0.0299881 -0.0149093 -0.0027
v 0.0298439 -0.0145936 -0.0027
v 0.0311876 -0.0154571 -0.0027
v 0.0308404 -0.0154571 -0.0027
v 0.0305074 -0.0153593 -0.0027
v 0.0320399 -0.0149093 -0.0027
v 0.0318126 -0.0151716 -0.0027
v 0.0315206 -0.0153593 -0.0027
v 0.0321841 -0.0139064 -0.0027
v 0.0322335 -0.01425 -0.0027
v 0.0321841 -0.0145936 -0.0027
v 0.0315206 -0.0131407 -0.0027
v 0.0318126 -0.0133284 -0.0027
v 0.0320399 -0.0135907 -0.0027
v 0.0305074 -0.0131407 -0.0027
v 0.0308404 -0.0130429 -0.0027
v 0.0311876 -0.0130429 -0.0027
v 0.0299881 -0.0135907 -0.0027
v 0.0302154 -0.0133284 -0.0027
v 0.03261 -0.0141824 0.0053
v 0.0326098 -0.014133 0.0053
v 0.0307314 -0.0126749 0.0053
v 0.0306366 -0.0126985 0.0053
v 0.0312966 -0.0158251 0.0053
v 0.0313914 -0.0158015 0.0053
v 0.0313462 -0.0126845 0.0053
v 0.0315422 -0.0127397 0.0053
v 0.0315627 -0.0127485 0.0053
v 0.0317441 -0.0128261 0.0053
v 0.0318441 -0.0128862 0.0053
v 0.0295817 -0.0135366 0.0053
v 0.02965 -0.0134197 0.0053
v 0.0296897 -0.0133516 0.0053
v 0.029418 -0.0143176 0.0053
v 0.0294182 -0.014367 0.0053
v 0.0306818 -0.0158155 0.0053
v 0.0304858 -0.0157603 0.0053
v 0.0304653 -0.0157515 0.0053
v 0.0302839 -0.0156739 0.0053
v 0.0301839 -0.0156138 0.0053
v 0.0324463 -0.0149634 0.0053
v 0.032378 -0.0150803 0.0053
v 0.0323383 -0.0151484 0.0053
v 0.0325216 -0.0137136 0.0053
v 0.0325665 -0.0138724 0.0053
v 0.0325798 -0.0139194 0.0053
v 0.0312591 -0.0126721 0.0053
v 0.0311345 -0.0126543 0.0053
v 0.0309464 -0.0126514 0.0053
v 0.0301488 -0.0129039 0.0053
v 0.0300716 -0.0129611 0.0053
v 0.0295064 -0.0147864 0.0053
v 0.0294615 -0.0146276 0.0053
v 0.0294482 -0.0145806 0.0053
v 0.0307689 -0.0158279 0.0053
v 0.0308935 -0.0158457 0.0053
v 0.0310816 -0.0158486 0.0053
v 0.0318792 -0.0155961 0.0053
v 0.0319564 -0.0155389 0.0053
v 0.0325146 -0.0147984 0.0053
v 0.032531 -0.0147588 0.0053
v 0.0325835 -0.0145625 0.0053
v 0.0325923 -0.0144952 0.0053
v 0.032611 -0.0143504 0.0053
v 0.0323328 -0.0133436 0.0053
v 0.0324364 -0.0135173 0.0053
v 0.0324623 -0.013577 0.0053
v 0.0299771 -0.0130312 0.0053
v 0.0298366 -0.0131683 0.0053
v 0.0298228 -0.0131818 0.0053
v 0.0295134 -0.0137016 0.0053
v 0.029497 -0.0137412 0.0053
v 0.0294445 -0.0139375 0.0053
v 0.0294357 -0.0140048 0.0053
v 0.029417 -0.0141496 0.0053
v 0.0296952 -0.0151564 0.0053
v 0.0295916 -0.0149827 0.0053
v 0.0295657 -0.014923 0.0053
v 0.0320509 -0.0154688 0.0053
v 0.0321914 -0.0153317 0.0053
v 0.0322052 -0.0153182 0.0053
v 0.0323039 -0.013307 0.0053
v 0.0321999 -0.0131758 0.0053
v 0.0320965 -0.0130718 0.0053
v 0.031928 -0.0129365 0.0053
v 0.0305236 -0.0127267 0.0053
v 0.0303402 -0.0128 0.0053
v 0.0303236 -0.0128066 0.0053
v 0.0297241 -0.015193 0.0053
v 0.0298281 -0.0153242 0.0053
v 0.0299315 -0.0154282 0.0053
v 0.0301 -0.0155635 0.0053
v 0.0315044 -0.0157733 0.0053
v 0.0316878 -0.0157 0.0053
v 0.0317044 -0.0156934 0.0053
v 0.029514 -0.01425 -0.0024195
v 0.0295748 -0.0146726 -0.0024195
v 0.0297521 -0.015061 -0.0024195
v 0.0300317 -0.0153836 -0.0024195
v 0.0303909 -0.0156144 -0.0024195
v 0.0308005 -0.0157347 -0.0024195
v 0.0312275 -0.0157347 -0.0024195
v 0.0316371 -0.0156144 -0.0024195
v 0.0319963 -0.0153836 -0.0024195
v 0.0322759 -0.015061 -0.0024195
v 0.0324532 -0.0146726 -0.0024195
v 0.032514 -0.01425 -0.0024195
v 0.0324532 -0.0138274 -0.0024195
v 0.0322759 -0.013439 -0.0024195
v 0.0319963 -0.0131164 -0.0024195
v 0.0316371 -0.0128856 -0.0024195
v 0.0312275 -0.0127653 -0.0024195
v 0.0308005 -0.0127653 -0.0024195
v 0.0303909 -0.0128856 -0.0024195
v 0.0300317 -0.0131164 -0.0024195
v 0.0297521 -0.013439 -0.0024195
v 0.0295748 -0.0138274 -0.0024195
v 0.032578 -0.0141838 0.00529382
v 0.0324843 -0.0147874 0.00529382
v 0.0321667 -0.0153091 0.00529382
v 0.0316736 -0.0156696 0.00529382
v 0.0295437 -0.0137126 0.00529382
v 0.0298613 -0.0131909 0.00529382
v 0.0303544 -0.0128304 0.00529382
v 0.0318279 -0.0129128 0.00529382
v 0.0320731 -0.0130973 0.00529382
v 0.0315514 -0.0127797 0.00529382
v 0.0312542 -0.0127032 0.00529382
v 0.0309478 -0.012686 0.00529382
v 0.030644 -0.012729 0.00529382
v 0.0300901 -0.0129863 0.00529382
v 0.0296768 -0.0134361 0.00529382
v 0.0294672 -0.0140098 0.00529382
v 0.02945 -0.0143162 0.00529382
v 0.029493 -0.01462 0.00529382
v 0.0295944 -0.0149096 0.00529382
v 0.0297503 -0.0151739 0.00529382
v 0.0299549 -0.0154027 0.00529382
v 0.0302001 -0.0155872 0.00529382
v 0.0304766 -0.0157203 0.00529382
v 0.0307738 -0.0157968 0.00529382
v 0.0310802 -0.015814 0.00529382
v 0.031384 -0.015771 0.00529382
v 0.0319379 -0.0155137 0.00529382
v 0.0323512 -0.0150639 0.00529382
v 0.0325608 -0.0144902 0.00529382
v 0.032535 -0.01388 0.00529382
v 0.0324336 -0.0135904 0.00529382
v 0.0322777 -0.0133261 0.00529382
v 0.029514 -0.01425 0.0052
v 0.0295092 -0.0143137 0.00523461
v 0.0295318 -0.0140198 0.0052
v 0.0295257 -0.0140189 0.00523461
v 0.0295809 -0.013829 0.0052
v 0.0295994 -0.0137329 0.00523461
v 0.0296052 -0.0137351 0.0052
v 0.0297274 -0.0134669 0.00523461
v 0.0297327 -0.0134701 0.0052
v 0.0303793 -0.0128841 0.00523461
v 0.0301287 -0.0130391 0.0052
v 0.030125 -0.0130341 0.00523461
v 0.0300364 -0.0131216 0.0052
v 0.0299049 -0.0132309 0.00523461
v 0.0299095 -0.0132351 0.0052
v 0.0297546 -0.0134409 0.0052
v 0.030658 -0.0127865 0.00523461
v 0.0303912 -0.0128864 0.0052
v 0.0303819 -0.0128897 0.0052
v 0.0309503 -0.0127452 0.00523461
v 0.0308015 -0.0127724 0.0052
v 0.0306594 -0.0127925 0.0052
v 0.0315311 -0.0128354 0.00523461
v 0.0312442 -0.0127678 0.0052
v 0.0312451 -0.0127617 0.00523461
v 0.0312274 -0.0127668 0.0052
v 0.0309506 -0.0127513 0.0052
v 0.0317971 -0.0129634 0.00523461
v 0.0316341 -0.0128918 0.0052
v 0.0315289 -0.0128412 0.0052
v 0.0322706 -0.0134422 0.0052
v 0.0322249 -0.0133647 0.0052
v 0.0322299 -0.013361 0.00523461
v 0.0320289 -0.0131455 0.0052
v 0.0320331 -0.0131409 0.00523461
v 0.0319941 -0.0131193 0.0052
v 0.0317939 -0.0129687 0.0052
v 0.0323743 -0.0136179 0.0052
v 0.0323799 -0.0136153 0.00523461
v 0.0324483 -0.0138291 0.0052
v 0.0324775 -0.013894 0.00523461
v 0.0324715 -0.0138954 0.0052
v 0.0325188 -0.0141863 0.00523461
v 0.0325127 -0.0141866 0.0052
v 0.0322734 -0.0150591 0.0052
v 0.0322953 -0.0150299 0.0052
v 0.0323006 -0.0150331 0.00523461
v 0.0324228 -0.0147649 0.0052
v 0.0324286 -0.0147671 0.00523461
v 0.0324471 -0.014671 0.0052
v 0.0325023 -0.0144811 0.00523461
v 0.0324962 -0.0144802 0.0052
v 0.0325091 -0.0142497 0.0052
v 0.0321185 -0.0152649 0.0052
v 0.0321231 -0.0152691 0.00523461
v 0.0319916 -0.0153784 0.0052
v 0.031903 -0.0154659 0.00523461
v 0.0318993 -0.0154609 0.0052
v 0.0316487 -0.0156159 0.00523461
v 0.0316461 -0.0156103 0.0052
v 0.0316368 -0.0156136 0.0052
v 0.03137 -0.0157135 0.00523461
v 0.0313686 -0.0157075 0.0052
v 0.0312265 -0.0157276 0.0052
v 0.0310777 -0.0157548 0.00523461
v 0.0310774 -0.0157487 0.0052
v 0.0308006 -0.0157332 0.0052
v 0.0307829 -0.0157383 0.00523461
v 0.0307838 -0.0157322 0.0052
v 0.0304969 -0.0156646 0.00523461
v 0.0304991 -0.0156588 0.0052
v 0.0303939 -0.0156082 0.0052
v 0.0302309 -0.0155366 0.00523461
v 0.0302341 -0.0155313 0.0052
v 0.0300339 -0.0153807 0.0052
v 0.0299949 -0.0153591 0.00523461
v 0.0299991 -0.0153545 0.0052
v 0.0297981 -0.015139 0.00523461
v 0.0298031 -0.0151353 0.0052
v 0.0295153 -0.0143134 0.0052
v 0.0295565 -0.0146046 0.0052
v 0.0295505 -0.014606 0.00523461
v 0.0295797 -0.0146709 0.0052
v 0.0296481 -0.0148847 0.00523461
v 0.0296537 -0.0148821 0.0052
v 0.0297574 -0.0150578 0.0052
v 0.0299793 -0.0153761 0.00527071
v 0.0302189 -0.0155563 0.00527071
v 0.030489 -0.0156864 0.00527071
v 0.0307793 -0.0157612 0.00527071
v 0.0310786 -0.0157779 0.00527071
v 0.0313755 -0.015736 0.00527071
v 0.0316584 -0.0156369 0.00527071
v 0.0319166 -0.0154845 0.00527071
v 0.0321401 -0.0152847 0.00527071
v 0.0323203 -0.0150451 0.00527071
v 0.0324504 -0.014775 0.00527071
v 0.0325252 -0.0144847 0.00527071
v 0.0325419 -0.0141854 0.00527071
v 0.0325 -0.0138885 0.00527071
v 0.0324009 -0.0136056 0.00527071
v 0.0322485 -0.0133474 0.00527071
v 0.0320487 -0.0131239 0.00527071
v 0.0318091 -0.0129437 0.00527071
v 0.031539 -0.0128136 0.00527071
v 0.0312487 -0.0127388 0.00527071
v 0.0309494 -0.0127221 0.00527071
v 0.0306525 -0.012764 0.00527071
v 0.0303696 -0.0128631 0.00527071
v 0.0301114 -0.0130155 0.00527071
v 0.0298879 -0.0132153 0.00527071
v 0.0297077 -0.0134549 0.00527071
v 0.0295776 -0.013725 0.00527071
v 0.0295028 -0.0140153 0.00527071
v 0.0294861 -0.0143146 0.00527071
v 0.029528 -0.0146115 0.00527071
v 0.0296271 -0.0148944 0.00527071
v 0.0297795 -0.0151526 0.00527071
vn 0.44962 0.22916 0.86332
vn 0.49844 0.0789 0.86333
vn 0.07889 0.49844 0.86333
vn 0.22916 0.44962 0.86332
vn 0.34161 0.36874 0.86448
vn -0.35684 0.35684 0.86332
vn -0.22916 0.44962 0.86332
vn -0.12258 0.4856 0.86555
vn -0.47327 0.16139 0.86601
vn -0.44962 -0.22916 0.86332
vn -0.49844 -0.0789 0.86333
vn -0.49844 0.0789 0.86333
vn -0.07889 -0.49844 0.86333
vn -0.22916 -0.44962 0.86332
vn -0.34161 -0.36874 0.86448
vn 0.35684 -0.35684 0.86332
vn 0.22916 -0.44962 0.86332
vn 0.12258 -0.4856 0.86554
vn 0.47327 -0.16139 0.86601
vn 0.49844 -0.0789 0.86333
vn 0.44559 -0.23517 0.8638
vn 0.04533 -0.49949 0.86514
vn -0.39334 -0.30912 0.86587
vn -0.44559 0.23517 0.8638
vn -0.04533 0.49949 0.86514
vn 0.39334 0.30912 0.86587
vn 0 0 1
vn 0.17997 -0.98367 0
vn 0.17996 -0.98367 1E-05
vn 0.17998 -0.98367 0
vn -0.76191 -0.64769 0
vn -0.7619 -0.64769 -0
vn -0.7619 -0.6477 0
vn -0.94187 0.33599 0
vn -0.94187 0.33597 -3E-05
vn -0.94186 0.33601 0
vn -0.17998 0.98367 0
vn -0.17997 0.98367 1E-05
vn -0.17996 0.98367 0
vn 0.76191 0.64769 0
vn 0.7619 0.64769 -0
vn 0.7619 0.6477 0
vn 0.94187 -0.33599 0
vn 0.94187 -0.33597 -3E-05
vn 0.94186 -0.33601 0
vn 0.14219 0.10366 0.9844
vn 0.15607 0.08127 0.9844
vn 0.15632 0.08136 0.98435
vn 0.1667 0.0572 0.98435
vn 0.16652 0.05716 0.98438
vn 0.17315 0.0317 0.98438
vn 0.17345 0.03172 0.98433
vn 0.17625 0.00549 0.98433
vn 0.17605 0.00551 0.98437
vn 0.17493 -0.02076 0.98436
vn 0.17521 -0.02083 0.98431
vn 0.17017 -0.04673 0.98431
vn 0.16999 -0.04666 0.98434
vn 0.16116 -0.07146 0.98434
vn 0.16119 -0.07147 0.98433
vn 0.14868 -0.09471 0.98434
vn 0.1486 -0.09464 0.98436
vn 0.13284 -0.11571 0.98436
vn 0.13292 -0.1158 0.98434
vn 0.11419 -0.13433 0.98434
vn 0.11421 -0.13436 0.98433
vn 0.09291 -0.14991 0.98432
vn 0.09278 -0.14963 0.98438
vn 0.06945 -0.16178 0.98438
vn 0.06949 -0.16192 0.98436
vn 0.04458 -0.17049 0.98435
vn 0.04462 -0.17077 0.9843
vn 0.01866 -0.1755 0.9843
vn 0.01867 -0.1752 0.98436
vn -0.00766 -0.17606 0.98435
vn -0.00764 -0.17594 0.98437
vn -0.03376 -0.17285 0.98437
vn -0.03388 -0.1732 0.9843
vn -0.05932 -0.16623 0.9843
vn -0.05917 -0.16594 0.98436
vn -0.0833 -0.15527 0.98435
vn -0.0833 -0.15527 0.98435
vn -0.10547 -0.14115 0.98435
vn -0.10558 -0.14127 0.98432
vn -0.12545 -0.12395 0.98433
vn -0.12551 -0.124 0.98431
vn -0.14262 -0.10389 0.98431
vn -0.14219 -0.10366 0.9844
vn -0.15607 -0.08127 0.9844
vn -0.15632 -0.08136 0.98435
vn -0.1667 -0.0572 0.98435
vn -0.16652 -0.05716 0.98438
vn -0.17315 -0.0317 0.98438
vn -0.17345 -0.03172 0.98433
vn -0.17625 -0.00549 0.98433
vn -0.17605 -0.00551 0.98437
vn -0.17493 0.02076 0.98436
vn -0.17521 0.02083 0.98431
vn -0.17017 0.04673 0.98431
vn -0.16999 0.04666 0.98434
vn -0.16116 0.07146 0.98434
vn -0.16119 0.07147 0.98433
vn -0.14868 0.09471 0.98434
vn -0.1486 0.09464 0.98436
vn -0.13284 0.11571 0.98436
vn -0.13292 0.11579 0.98434
vn -0.11418 0.13433 0.98434
vn -0.11421 0.13436 0.98433
vn -0.09291 0.14992 0.98432
vn -0.09278 0.14963 0.98438
vn -0.06945 0.16178 0.98438
vn -0.06949 0.16192 0.98435
vn -0.04458 0.17049 0.98435
vn -0.04462 0.17077 0.9843
vn -0.01866 0.1755 0.9843
vn -0.01867 0.1752 0.98436
vn 0.00766 0.17606 0.98435
vn 0.00764 0.17594 0.98437
vn 0.03376 0.17285 0.98437
vn 0.03388 0.1732 0.9843
vn 0.05932 0.16623 0.9843
vn 0.05917 0.16594 0.98436
vn 0.0833 0.15527 0.98435
vn 0.0833 0.15527 0.98435
vn 0.10546 0.14115 0.98436
vn 0.10559 0.14127 0.98432
vn 0.12545 0.12395 0.98433
vn 0.12552 0.124 0.98431
vn 0.14262 0.10389 0.98431
vn -0.94941 0.26062 0.17519
vn -0.94952 0.26058 0.17465
vn -0.90006 0.39924 0.17464
vn -0.9 0.39928 0.17487
vn -0.89994 0.39894 0.17594
vn -0.83032 0.52879 0.17595
vn -0.83062 0.52876 0.1746
vn -0.83051 0.52899 0.17442
vn -0.74236 0.64692 0.17435
vn -0.74232 0.64675 0.17512
vn -0.24964 0.95257 0.17405
vn -0.38816 0.905 0.17408
vn -0.3883 0.90443 0.17675
vn -0.51848 0.83664 0.17669
vn -0.5185 0.83661 0.17677
vn -0.51898 0.83672 0.17484
vn -0.63771 0.75021 0.17469
vn -0.63749 0.75016 0.17569
vn -0.63773 0.75008 0.17516
vn -0.24912 0.95263 0.17448
vn -0.24901 0.95254 0.1751
vn -0.10434 0.97902 0.17501
vn -0.10432 0.97901 0.17509
vn -0.10448 0.97888 0.17574
vn 0.04293 0.98345 0.176
vn 0.04278 0.98366 0.17488
vn 0.04231 0.98362 0.17519
vn 0.18892 0.96624 0.17521
vn 0.189 0.9663 0.17475
vn 0.7005 0.69173 0.17556
vn 0.58945 0.78849 0.17556
vn 0.58952 0.78852 0.17522
vn 0.4652 0.8677 0.17515
vn 0.46533 0.86769 0.17488
vn 0.4653 0.86779 0.17445
vn 0.3308 0.92747 0.17426
vn 0.33084 0.92732 0.17498
vn 0.33081 0.92735 0.1749
vn 0.70031 0.69198 0.1753
vn 0.7003 0.69188 0.17574
vn 0.79559 0.57976 0.17582
vn 0.7956 0.57958 0.17641
vn 0.79578 0.57951 0.17578
vn 0.87306 0.45484 0.17577
vn 0.8731 0.45494 0.17529
vn 0.87303 0.45504 0.17538
vn 0.93125 0.31947 0.17524
vn 0.93118 0.31949 0.17558
vn 0.94953 -0.26036 0.17495
vn 0.97766 -0.11619 0.17516
vn 0.97752 -0.11606 0.176
vn 0.98392 0.03052 0.17601
vn 0.98381 0.03076 0.17655
vn 0.98408 0.03106 0.17499
vn 0.9685 0.17712 0.17504
vn 0.96859 0.17722 0.17442
vn 0.96846 0.17664 0.17571
vn 0.94941 -0.26062 0.17519
vn 0.94952 -0.26058 0.17465
vn 0.90006 -0.39924 0.17464
vn 0.9 -0.39928 0.17487
vn 0.89994 -0.39894 0.17594
vn 0.83032 -0.52879 0.17595
vn 0.83062 -0.52876 0.1746
vn 0.83051 -0.52899 0.17442
vn 0.74236 -0.64692 0.17435
vn 0.74232 -0.64675 0.17514
vn 0.24961 -0.95257 0.17407
vn 0.38816 -0.905 0.1741
vn 0.3883 -0.90442 0.17676
vn 0.51847 -0.83664 0.17671
vn 0.51849 -0.83661 0.17678
vn 0.51898 -0.83672 0.17484
vn 0.63771 -0.75021 0.17469
vn 0.63749 -0.75015 0.17573
vn 0.63772 -0.75008 0.17519
vn 0.24912 -0.95263 0.17447
vn 0.24901 -0.95254 0.1751
vn 0.10435 -0.97902 0.17501
vn 0.10432 -0.97901 0.1751
vn 0.10403 -0.97925 0.1739
vn -0.04268 -0.9838 0.17414
vn -0.04278 -0.98366 0.17489
vn -0.04231 -0.98362 0.17521
vn -0.18892 -0.96623 0.17523
vn -0.189 -0.9663 0.17474
vn -0.7005 -0.69173 0.17556
vn -0.58945 -0.7885 0.17556
vn -0.58953 -0.78852 0.17521
vn -0.4652 -0.86771 0.17514
vn -0.46533 -0.86769 0.17486
vn -0.4653 -0.86779 0.17445
vn -0.33079 -0.92748 0.17426
vn -0.33084 -0.92732 0.17498
vn -0.33081 -0.92735 0.17489
vn -0.70031 -0.69198 0.1753
vn -0.7003 -0.69189 0.17572
vn -0.79559 -0.57976 0.1758
vn -0.7956 -0.57957 0.1764
vn -0.79578 -0.57951 0.17578
vn -0.87306 -0.45484 0.17577
vn -0.8731 -0.45494 0.17529
vn -0.87303 -0.45504 0.17538
vn -0.93125 -0.31947 0.17524
vn -0.93118 -0.31949 0.17558
vn -0.94953 0.26036 0.17495
vn -0.97766 0.11619 0.17516
vn -0.97752 0.11606 0.176
vn -0.98408 0.02141 0.17644
vn -0.95716 -0.02993 0.28803
vn -0.98314 -0.05231 0.17524
vn -0.9685 -0.17712 0.17504
vn -0.96859 -0.17722 0.17442
vn -0.96846 -0.17664 0.17571
vn 0.68152 0.49647 0.53763
vn 0.68174 0.49676 0.53709
vn 0.74804 0.38977 0.53713
vn 0.74755 0.3893 0.53816
vn 0.79716 0.27347 0.53829
vn 0.79742 0.27366 0.5378
vn 0.82936 0.15167 0.53774
vn 0.82904 0.15151 0.53827
vn 0.84229 0.02633 0.53838
vn 0.84271 0.02647 0.53771
vn 0.83725 -0.09941 0.53771
vn 0.83712 -0.09943 0.53792
vn 0.81289 -0.22308 0.538
vn 0.81238 -0.22309 0.53877
vn 0.77004 -0.34162 0.53882
vn 0.77111 -0.34177 0.5372
vn 0.71156 -0.45296 0.53713
vn 0.71058 -0.45268 0.53867
vn 0.63517 -0.55351 0.53869
vn 0.63562 -0.55371 0.53795
vn 0.54602 -0.64234 0.53784
vn 0.54602 -0.64234 0.53783
vn 0.44411 -0.71659 0.53783
vn 0.44424 -0.71671 0.53756
vn 0.33266 -0.77484 0.53755
vn 0.3323 -0.77441 0.53839
vn 0.21314 -0.81534 0.53832
vn 0.21317 -0.81538 0.53826
vn 0.08931 -0.8381 0.53816
vn 0.08918 -0.83778 0.53867
vn -0.03661 -0.84173 0.53865
vn -0.03648 -0.84227 0.53782
vn -0.16177 -0.82738 0.53784
vn -0.16177 -0.8274 0.53781
vn -0.2832 -0.79404 0.53787
vn -0.2832 -0.79395 0.538
vn -0.39841 -0.74291 0.53791
vn -0.39832 -0.74248 0.53858
vn -0.50456 -0.67487 0.53848
vn -0.50469 -0.67521 0.53795
vn -0.59963 -0.59243 0.53802
vn -0.59978 -0.59269 0.53758
vn -0.68152 -0.49647 0.53763
vn -0.68174 -0.49676 0.53709
vn -0.74804 -0.38977 0.53713
vn -0.74755 -0.3893 0.53816
vn -0.79716 -0.27347 0.53829
vn -0.79742 -0.27366 0.5378
vn -0.82936 -0.15167 0.53774
vn -0.82904 -0.15151 0.53827
vn -0.84229 -0.02633 0.53838
vn -0.84271 -0.02647 0.53771
vn -0.83725 0.09941 0.53771
vn -0.83712 0.09943 0.53792
vn -0.81289 0.22308 0.538
vn -0.81238 0.22309 0.53877
vn -0.77004 0.34162 0.53882
vn -0.77111 0.34177 0.5372
vn -0.71156 0.45296 0.53713
vn -0.71058 0.45268 0.53867
vn -0.63517 0.55351 0.53869
vn -0.63561 0.55371 0.53796
vn -0.54601 0.64234 0.53784
vn -0.54602 0.64234 0.53783
vn -0.44411 0.71659 0.53783
vn -0.44424 0.7167 0.53758
vn -0.33266 0.77483 0.53757
vn -0.3323 0.7744 0.5384
vn -0.21314 0.81533 0.53833
vn -0.21317 0.81537 0.53827
vn -0.0893 0.83809 0.53817
vn -0.08918 0.83779 0.53866
vn 0.03661 0.84174 0.53864
vn 0.03648 0.84227 0.53782
vn 0.16177 0.82737 0.53785
vn 0.16177 0.8274 0.53782
vn 0.2832 0.79403 0.53787
vn 0.2832 0.79395 0.538
vn 0.39841 0.74291 0.53791
vn 0.39832 0.74248 0.53857
vn 0.50456 0.67488 0.53848
vn 0.50469 0.67521 0.53795
vn 0.59963 0.59243 0.53802
vn 0.59978 0.59269 0.53758
vn 0.43628 0.3179 0.84178
vn 0.43672 0.31837 0.84138
vn 0.47932 0.24962 0.84139
vn 0.47881 0.24921 0.8418
vn 0.51059 0.17522 0.84178
vn 0.51084 0.17537 0.8416
vn 0.53131 0.0971 0.8416
vn 0.53159 0.09721 0.84141
vn 0.54021 0.01697 0.84136
vn 0.53991 0.0169 0.84155
vn 0.53635 -0.06371 0.84159
vn 0.53599 -0.06373 0.84181
vn 0.5205 -0.14294 0.84181
vn 0.52091 -0.14297 0.84156
vn 0.49383 -0.21887 0.84156
vn 0.49331 -0.21875 0.8419
vn 0.45516 -0.28996 0.84188
vn 0.45555 -0.29012 0.84161
vn 0.40726 -0.35478 0.84159
vn 0.40725 -0.35477 0.8416
vn 0.34974 -0.41144 0.84166
vn 0.34968 -0.41139 0.84171
vn 0.28445 -0.45891 0.84172
vn 0.28477 -0.45926 0.84142
vn 0.21309 -0.49659 0.84142
vn 0.21316 -0.49669 0.84134
vn 0.13669 -0.52286 0.84139
vn 0.13651 -0.52248 0.84165
vn 0.05715 -0.53694 0.84168
vn 0.05726 -0.53729 0.84145
vn -0.02338 -0.53983 0.84145
vn -0.02343 -0.53946 0.84169
vn -0.10361 -0.52992 0.84169
vn -0.10361 -0.52961 0.84189
vn -0.18132 -0.50834 0.84185
vn -0.18138 -0.5087 0.84162
vn -0.25529 -0.47587 0.84165
vn -0.25527 -0.47581 0.84169
vn -0.32328 -0.43251 0.84168
vn -0.32332 -0.4326 0.84162
vn -0.38422 -0.37968 0.84155
vn -0.38402 -0.37938 0.84178
vn -0.43628 -0.3179 0.84179
vn -0.43672 -0.31837 0.84138
vn -0.47932 -0.24962 0.84139
vn -0.47881 -0.24921 0.8418
vn -0.51059 -0.17522 0.84178
vn -0.51084 -0.17537 0.8416
vn -0.53131 -0.0971 0.8416
vn -0.53159 -0.09721 0.84141
vn -0.54021 -0.01697 0.84136
vn -0.53991 -0.0169 0.84155
vn -0.53635 0.06371 0.84159
vn -0.53599 0.06373 0.84181
vn -0.5205 0.14294 0.84181
vn -0.52091 0.14297 0.84156
vn -0.49383 0.21887 0.84156
vn -0.49331 0.21875 0.8419
vn -0.45516 0.28996 0.84188
vn -0.45555 0.29012 0.84161
vn -0.40726 0.35478 0.84159
vn -0.40725 0.35478 0.84159
vn -0.34975 0.41144 0.84166
vn -0.34968 0.41139 0.84171
vn -0.28445 0.45891 0.84172
vn -0.28477 0.45926 0.84142
vn -0.21309 0.49659 0.84142
vn -0.21316 0.4967 0.84134
vn -0.1367 0.52286 0.84138
vn -0.13651 0.52248 0.84166
vn -0.05715 0.53694 0.84168
vn -0.05726 0.53729 0.84145
vn 0.02338 0.53983 0.84145
vn 0.02343 0.53946 0.84168
vn 0.10361 0.52993 0.84169
vn 0.10361 0.52961 0.84189
vn 0.18132 0.50834 0.84185
vn 0.18138 0.5087 0.84162
vn 0.25529 0.47587 0.84165
vn 0.25527 0.47581 0.84169
vn 0.32328 0.4325 0.84168
vn 0.32332 0.4326 0.84162
vn 0.38422 0.37968 0.84155
vn 0.38402 0.37939 0.84178
vn -0.993 0.11801 -0.00404
vn -0.99452 0.10453 -0.00152
vn -0.9644 0.26443 0.00106
vn -0.96433 0.26471 0.00106
vn -0.95106 0.30896 -0.00488
vn -0.84347 0.53717 0.00089
vn -0.86599 0.50004 -0.00481
vn -0.9142 0.40526 0.00272
vn -0.9141 0.40547 0.00272
vn -0.84344 0.53722 0.00089
vn -0.75398 0.6569 -0.00107
vn -0.7431 0.66917 -0.00365
vn -0.5271 0.8498 0.00222
vn -0.58788 0.80894 -0.00527
vn -0.64756 0.76201 0.00229
vn -0.64774 0.76186 0.00229
vn -0.52676 0.85001 0.00222
vn -0.39418 0.91902 -0.00405
vn -0.40669 0.91357 -0.00151
vn -0.25351 0.96733 0.00106
vn -0.253 0.96747 0.00106
vn -0.20788 0.97814 -0.0049
vn 0.04361 0.99905 0.00088
vn 0 0.99999 -0.00484
vn -0.10613 0.99435 0.00269
vn -0.10598 0.99436 0.00269
vn 0.04298 0.99908 0.00088
vn 0.19195 0.9814 -0.00108
vn 0.20788 0.97815 -0.00364
vn 0.47254 0.8813 0.00223
vn 0.40668 0.91356 -0.00528
vn 0.33602 0.94185 0.00231
vn 0.33599 0.94186 0.00231
vn 0.4725 0.88133 0.00223
vn 0.59875 0.80093 -0.00405
vn 0.58788 0.80894 -0.00154
vn 0.71155 0.70264 0.00104
vn 0.71133 0.70286 0.00104
vn 0.7431 0.66917 -0.00491
vn 0.88686 0.46203 0.00086
vn 0.86606 0.49991 -0.00481
vn 0.80837 0.58867 0.00269
vn 0.80818 0.58893 0.00269
vn 0.88677 0.46221 0.00086
vn 0.94587 0.32454 -0.0011
vn 0.95102 0.30912 -0.00365
vn 0.9995 0.03154 0.00221
vn 0.99451 0.10453 -0.00528
vn 0.98367 0.17998 0.00232
vn 0.98377 0.17943 0.00232
vn 0.99952 0.031 0.00221
vn 0.993 -0.11801 -0.00404
vn 0.99452 -0.10453 -0.00152
vn 0.9644 -0.26443 0.00106
vn 0.96433 -0.26471 0.00106
vn 0.95101 -0.30912 -0.0049
vn 0.84347 -0.53717 0.00089
vn 0.86606 -0.49991 -0.00483
vn 0.9142 -0.40526 0.00269
vn 0.9141 -0.40547 0.00269
vn 0.84344 -0.53722 0.00089
vn 0.75398 -0.6569 -0.00107
vn 0.7431 -0.66917 -0.00365
vn 0.5271 -0.8498 0.00222
vn 0.58787 -0.80894 -0.00527
vn 0.64756 -0.76201 0.00229
vn 0.64774 -0.76186 0.00229
vn 0.52676 -0.85001 0.00222
vn 0.39418 -0.91902 -0.00405
vn 0.40669 -0.91357 -0.00151
vn 0.25348 -0.96734 0.00106
vn 0.253 -0.96747 0.00106
vn 0.20787 -0.97814 -0.0049
vn -0.04334 -0.99906 0.00088
vn 0 -0.99999 -0.00481
vn 0.10564 -0.9944 0.00268
vn 0.10598 -0.99436 0.00268
vn -0.04298 -0.99908 0.00088
vn -0.19195 -0.9814 -0.00108
vn -0.20788 -0.97815 -0.00364
vn -0.47254 -0.8813 0.00223
vn -0.40668 -0.91355 -0.00528
vn -0.33602 -0.94185 0.00231
vn -0.33599 -0.94186 0.00231
vn -0.4725 -0.88133 0.00223
vn -0.59875 -0.80093 -0.00405
vn -0.58788 -0.80895 -0.00154
vn -0.71155 -0.70264 0.00104
vn -0.71133 -0.70286 0.00104
vn -0.7431 -0.66917 -0.00491
vn -0.88686 -0.46203 0.00089
vn -0.86599 -0.50004 -0.0048
vn -0.80837 -0.58867 0.00269
vn -0.80818 -0.58893 0.00269
vn -0.88677 -0.46221 0.00089
vn -0.94587 -0.32454 -0.00106
vn -0.95107 -0.30896 -0.00364
vn -0.98377 -0.17943 0.00232
vn -0.98367 -0.17998 0.00232
vn -0.99451 -0.10453 -0.00528
vn -0.99859 -0.05313 0
vn -0.99976 0.02175 0
vn 0 0 -1
vn -0.70352 -0.10122 -0.70343
vn -0.64652 -0.29531 -0.70342
vn -0.64649 -0.29511 -0.70353
vn -0.53705 -0.46539 -0.70355
vn -0.53705 -0.46546 -0.70351
vn -0.38429 -0.59783 -0.70351
vn -0.38422 -0.59798 -0.70341
vn -0.20029 -0.68198 -0.70341
vn -0.2003 -0.68197 -0.70342
vn 0 -0.71077 -0.70342
vn 0.20029 -0.68197 -0.70342
vn 0.2003 -0.68198 -0.70341
vn 0.38434 -0.59792 -0.7034
vn 0.38418 -0.59791 -0.7035
vn 0.53709 -0.46542 -0.7035
vn 0.53702 -0.46544 -0.70354
vn 0.64641 -0.29526 -0.70354
vn 0.64658 -0.29516 -0.70343
vn 0.70353 -0.10115 -0.70343
vn 0.70348 -0.10121 -0.70348
vn 0.70348 0.10114 -0.70348
vn 0.70352 0.10122 -0.70343
vn 0.64652 0.29531 -0.70342
vn 0.64649 0.29511 -0.70353
vn 0.53705 0.46539 -0.70355
vn 0.53705 0.46546 -0.70351
vn 0.38429 0.59783 -0.70351
vn 0.38422 0.59798 -0.70341
vn 0.20029 0.68198 -0.70341
vn 0.2003 0.68197 -0.70342
vn 0 0.71077 -0.70342
vn -0.20029 0.68198 -0.70342
vn -0.2003 0.68198 -0.70341
vn -0.38434 0.59792 -0.7034
vn -0.38418 0.59791 -0.7035
vn -0.53709 0.46542 -0.7035
vn -0.53702 0.46544 -0.70354
vn -0.64641 0.29526 -0.70354
vn -0.64658 0.29516 -0.70343
vn -0.70353 0.10115 -0.70343
vn -0.70348 0.10121 -0.70348
vn -0.70348 -0.10114 -0.70348
vn 0.18794 -0.02182 -0.98194
vn 0.16355 -0.09252 -0.98219
vn 0.11022 -0.14508 -0.98326
vn 0.04572 -0.17575 -0.98337
vn -0.16355 0.09252 -0.98219
vn -0.11022 0.14508 -0.98326
vn -0.04572 0.17575 -0.98337
vn 0.11979 0.15322 -0.98091
vn 0.103 0.10662 -0.98895
vn 0.09915 0.15415 -0.98306
vn 0.06611 0.11339 -0.99135
vn 0.11984 0.15318 -0.98091
vn 0.05058 0.18623 -0.9812
vn 0.05046 0.18626 -0.9812
vn 0.05463 0.13863 -0.98884
vn 0.06524 0.15548 -0.98568
vn 0.09205 0.15779 -0.98317
vn 0.01801 0.12909 -0.99147
vn 0.0315 0.17385 -0.98427
vn 0.00253 0.17614 -0.98436
vn -0.00256 0.14804 -0.98898
vn -0.02339 0.19226 -0.98107
vn -0.03864 0.17802 -0.98327
vn -0.03333 0.12689 -0.99136
vn -0.02347 0.19225 -0.98107
vn -0.06394 0.15785 -0.98539
vn -0.0592 0.1362 -0.98891
vn -0.09555 0.16888 -0.98099
vn -0.10418 0.15022 -0.98315
vn -0.07936 0.10441 -0.99136
vn -0.09563 0.16884 -0.98099
vn -0.11972 0.12035 -0.98548
vn -0.10851 0.10482 -0.98855
vn -0.15337 0.11692 -0.98123
vn -0.15866 0.10204 -0.98205
vn -0.10812 0.06133 -0.99224
vn -0.15337 0.11691 -0.98123
vn -0.14968 0.06062 -0.98687
vn -0.14186 0.0559 -0.98831
vn -0.18461 0.04749 -0.98166
vn -0.18697 0.03388 -0.98178
vn -0.11946 0.0141 -0.99274
vn -0.1846 0.04755 -0.98166
vn -0.15719 -0.00271 -0.98756
vn -0.15876 -0.0025 -0.98731
vn -0.18794 0.02182 -0.98194
vn -0.18402 -0.05426 -0.98142
vn -0.18403 -0.05425 -0.98142
vn -0.14121 -0.03065 -0.9895
vn -0.18534 -0.02851 -0.98226
vn -0.18536 -0.0284 -0.98226
vn -0.14069 -0.06187 -0.98812
vn -0.14501 -0.06302 -0.98742
vn -0.16033 -0.09764 -0.98222
vn -0.16037 -0.09757 -0.98222
vn -0.11906 -0.08257 -0.98945
vn -0.13904 -0.10773 -0.98441
vn -0.12628 -0.12277 -0.98437
vn -0.103 -0.10662 -0.98895
vn -0.11979 -0.15322 -0.98091
vn -0.09915 -0.15415 -0.98306
vn -0.06611 -0.11339 -0.99135
vn -0.11984 -0.15318 -0.98091
vn -0.05058 -0.18623 -0.9812
vn -0.05046 -0.18626 -0.9812
vn -0.05463 -0.13863 -0.98884
vn -0.06524 -0.15548 -0.98568
vn -0.09205 -0.15779 -0.98317
vn -0.01801 -0.12909 -0.99147
vn -0.0315 -0.17385 -0.98427
vn -0.00253 -0.17614 -0.98436
vn 0.00256 -0.14804 -0.98898
vn 0.02339 -0.19226 -0.98107
vn 0.03864 -0.17802 -0.98327
vn 0.03333 -0.12689 -0.99136
vn 0.02347 -0.19225 -0.98107
vn 0.06394 -0.15786 -0.98539
vn 0.0592 -0.1362 -0.98891
vn 0.09555 -0.16888 -0.98099
vn 0.10418 -0.15022 -0.98315
vn 0.07936 -0.10441 -0.99136
vn 0.09563 -0.16884 -0.98099
vn 0.11972 -0.12035 -0.98548
vn 0.10851 -0.10482 -0.98855
vn 0.15337 -0.11692 -0.98123
vn 0.15866 -0.10204 -0.98205
vn 0.10812 -0.06133 -0.99224
vn 0.15337 -0.11691 -0.98123
vn 0.14968 -0.06062 -0.98687
vn 0.14186 -0.0559 -0.98831
vn 0.18461 -0.04749 -0.98166
vn 0.18697 -0.03388 -0.98178
vn 0.11946 -0.0141 -0.99274
vn 0.1846 -0.04755 -0.98166
vn 0.15876 0.0025 -0.98731
vn 0.15719 0.00271 -0.98756
vn 0.18536 0.0284 -0.98226
vn 0.18534 0.02851 -0.98226
vn 0.14121 0.03065 -0.9895
vn 0.18403 0.05425 -0.98142
vn 0.14501 0.06302 -0.98742
vn 0.14069 0.06187 -0.98812
vn 0.18402 0.05426 -0.98142
vn 0.12627 0.12277 -0.98437
vn 0.13904 0.10773 -0.98441
vn 0.11906 0.08257 -0.98945
vn 0.16037 0.09757 -0.98222
vn 0.16033 0.09764 -0.98222
vn -0.91577 0.36104 -0.17613
vn -0.82816 0.53265 -0.17445
vn -0.82816 0.53258 -0.17471
vn -0.91605 0.36097 -0.1748
vn -0.56101 0.80916 -0.17471
vn -0.71004 0.68216 -0.17468
vn -0.70799 0.68399 -0.17582
vn -0.70801 0.68409 -0.17534
vn -0.82781 0.53278 -0.17569
vn -0.39258 0.90324 -0.17329
vn -0.39291 0.90279 -0.17491
vn -0.56098 0.80915 -0.17487
vn 0.17526 0.96866 -0.17605
vn -0.01707 0.98423 -0.17606
vn -0.01734 0.98461 -0.1739
vn -0.2075 0.96266 -0.17388
vn -0.20881 0.96264 -0.17239
vn -0.20885 0.96256 -0.17278
vn -0.39268 0.90327 -0.17293
vn 0.17555 0.96873 -0.17532
vn 0.17537 0.96855 -0.17652
vn 0.36076 0.91581 -0.17649
vn 0.36114 0.916 -0.17471
vn 0.36116 0.91598 -0.17477
vn 0.53263 0.82813 -0.17469
vn 0.53263 0.82791 -0.17568
vn 0.96261 0.20862 -0.17277
vn 0.90321 0.39283 -0.17293
vn 0.90298 0.39247 -0.17489
vn 0.8093 0.56077 -0.17486
vn 0.80925 0.56107 -0.17412
vn 0.8091 0.5611 -0.17471
vn 0.68412 0.70813 -0.17473
vn 0.68392 0.70808 -0.1757
vn 0.68411 0.708 -0.17534
vn 0.9626 0.20867 -0.17282
vn 0.9624 0.20875 -0.17383
vn 0.98462 0.01709 -0.17388
vn 0.98439 0.01734 -0.17515
vn 0.98423 0.01707 -0.17609
vn 0.96863 -0.17539 -0.17608
vn 0.96853 -0.17543 -0.17654
vn 0.91608 -0.36004 -0.17651
vn 0.91577 -0.36104 -0.17613
vn 0.91605 -0.36097 -0.1748
vn 0.82816 -0.53258 -0.17471
vn 0.82816 -0.53265 -0.17445
vn 0.82781 -0.53278 -0.17569
vn 0.70801 -0.68409 -0.17534
vn 0.70799 -0.68399 -0.17582
vn 0.71004 -0.68216 -0.17468
vn 0.56101 -0.80916 -0.17471
vn 0.56098 -0.80915 -0.17487
vn 0.39291 -0.90279 -0.17491
vn 0.39258 -0.90324 -0.1733
vn 0.39268 -0.90327 -0.17295
vn 0.20885 -0.96256 -0.17279
vn 0.20881 -0.96264 -0.17239
vn 0.2075 -0.96266 -0.17388
vn 0.01734 -0.98461 -0.1739
vn 0.01707 -0.98423 -0.17606
vn -0.68411 -0.708 -0.17534
vn -0.53263 -0.82791 -0.17568
vn -0.53263 -0.82813 -0.17469
vn -0.36116 -0.91598 -0.17477
vn -0.36113 -0.916 -0.17471
vn -0.36076 -0.91581 -0.17647
vn -0.17537 -0.96855 -0.17651
vn -0.17555 -0.96873 -0.17532
vn -0.17526 -0.96866 -0.17605
vn -0.68392 -0.70808 -0.1757
vn -0.68412 -0.70813 -0.17473
vn -0.8091 -0.5611 -0.17471
vn -0.80925 -0.56107 -0.17412
vn -0.8093 -0.56077 -0.17486
vn -0.90298 -0.39247 -0.17489
vn -0.90321 -0.39283 -0.17293
vn -0.91608 0.36004 -0.17651
vn -0.96853 0.17543 -0.17654
vn -0.96863 0.17539 -0.17608
vn -0.98345 0.03976 -0.17677
vn -0.99955 -0.01761 0.02436
vn -0.98303 -0.05689 -0.1744
vn -0.9624 -0.20875 -0.17383
vn -0.9626 -0.20867 -0.17282
vn -0.96261 -0.20862 -0.17277
vn -0.4445 -0.30826 -0.84107
vn -0.37583 -0.389 -0.84109
vn -0.37594 -0.38916 -0.84096
vn -0.29276 -0.45502 -0.84098
vn -0.29298 -0.45553 -0.84063
vn -0.19847 -0.50385 -0.84068
vn -0.19838 -0.50345 -0.84094
vn -0.0964 -0.53253 -0.84091
vn -0.09639 -0.532 -0.84124
vn 0.00938 -0.54074 -0.84114
vn 0.00933 -0.54048 -0.8413
vn 0.11465 -0.52819 -0.84135
vn 0.11466 -0.52821 -0.84134
vn 0.21547 -0.49568 -0.84135
vn 0.21534 -0.49548 -0.8415
vn 0.30778 -0.444 -0.84151
vn 0.30825 -0.44449 -0.84107
vn 0.38899 -0.37582 -0.8411
vn 0.38916 -0.37594 -0.84097
vn 0.45501 -0.29276 -0.84099
vn 0.45552 -0.29297 -0.84064
vn 0.50384 -0.19846 -0.84069
vn 0.50345 -0.19838 -0.84094
vn 0.53253 -0.0964 -0.8409
vn 0.53198 -0.09639 -0.84125
vn 0.54073 0.00938 -0.84114
vn 0.54048 0.00933 -0.8413
vn 0.52819 0.11465 -0.84135
vn 0.5282 0.11466 -0.84134
vn 0.49568 0.21547 -0.84135
vn 0.49548 0.21535 -0.8415
vn 0.44401 0.30778 -0.8415
vn 0.4445 0.30826 -0.84107
vn 0.37583 0.389 -0.84109
vn 0.37594 0.38916 -0.84096
vn 0.29276 0.45502 -0.84098
vn 0.29298 0.45553 -0.84063
vn 0.19847 0.50385 -0.84068
vn 0.19838 0.50346 -0.84094
vn 0.0964 0.53253 -0.8409
vn 0.09639 0.532 -0.84124
vn -0.00938 0.54074 -0.84114
vn -0.00933 0.54048 -0.8413
vn -0.11465 0.52819 -0.84135
vn -0.11466 0.52821 -0.84133
vn -0.21548 0.49569 -0.84134
vn -0.21534 0.49548 -0.8415
vn -0.30778 0.444 -0.84151
vn -0.30825 0.44449 -0.84107
vn -0.38899 0.37582 -0.8411
vn -0.38916 0.37594 -0.84097
vn -0.45501 0.29276 -0.84099
vn -0.45552 0.29297 -0.84064
vn -0.50384 0.19846 -0.84069
vn -0.50345 0.19838 -0.84094
vn -0.53253 0.0964 -0.8409
vn -0.53198 0.09639 -0.84125
vn -0.54073 -0.00938 -0.84114
vn -0.54048 -0.00933 -0.8413
vn -0.52819 -0.11465 -0.84135
vn -0.5282 -0.11466 -0.84134
vn -0.49568 -0.21547 -0.84135
vn -0.49548 -0.21535 -0.8415
vn -0.44401 -0.30778 -0.8415
vn -0.69305 -0.48041 -0.53749
vn -0.58587 -0.60642 -0.5376
vn -0.58583 -0.60636 -0.53771
vn -0.45614 -0.70921 -0.53754
vn -0.45598 -0.70872 -0.53833
vn -0.30912 -0.78408 -0.53821
vn -0.30923 -0.78505 -0.53673
vn -0.15033 -0.83022 -0.53678
vn -0.15031 -0.83038 -0.53654
vn 0.01486 -0.84362 -0.53674
vn 0.01462 -0.84279 -0.53805
vn 0.17867 -0.82369 -0.53815
vn 0.17889 -0.82413 -0.53741
vn 0.33616 -0.77342 -0.53743
vn 0.33626 -0.77354 -0.53718
vn 0.48064 -0.69324 -0.53704
vn 0.48041 -0.69304 -0.53749
vn 0.60642 -0.58587 -0.5376
vn 0.60637 -0.58583 -0.5377
vn 0.70922 -0.45615 -0.53753
vn 0.70873 -0.45599 -0.53831
vn 0.78409 -0.30912 -0.53819
vn 0.78505 -0.30923 -0.53673
vn 0.83022 -0.15033 -0.53678
vn 0.83039 -0.15032 -0.53652
vn 0.84363 0.01486 -0.53672
vn 0.84278 0.01462 -0.53806
vn 0.82369 0.17866 -0.53816
vn 0.82413 0.17889 -0.53741
vn 0.77341 0.33616 -0.53743
vn 0.77354 0.33626 -0.53718
vn 0.69324 0.48064 -0.53704
vn 0.69305 0.48041 -0.53749
vn 0.58587 0.60642 -0.5376
vn 0.58583 0.60636 -0.53771
vn 0.45614 0.70921 -0.53754
vn 0.45598 0.70872 -0.53833
vn 0.30912 0.78408 -0.53821
vn 0.30923 0.78504 -0.53673
vn 0.15032 0.83022 -0.53678
vn 0.15031 0.83038 -0.53654
vn -0.01486 0.84362 -0.53674
vn -0.01462 0.84279 -0.53805
vn -0.17867 0.82369 -0.53815
vn -0.17889 0.82413 -0.53741
vn -0.33615 0.77341 -0.53744
vn -0.33626 0.77354 -0.53718
vn -0.48064 0.69324 -0.53704
vn -0.48041 0.69304 -0.53749
vn -0.60642 0.58587 -0.5376
vn -0.60637 0.58583 -0.5377
vn -0.70922 0.45615 -0.53753
vn -0.70873 0.45599 -0.53831
vn -0.78409 0.30912 -0.53819
vn -0.78505 0.30923 -0.53673
vn -0.83022 0.15033 -0.53678
vn -0.83039 0.15032 -0.53652
vn -0.84363 -0.01486 -0.53672
vn -0.84278 -0.01462 -0.53806
vn -0.82369 -0.17866 -0.53816
vn -0.82413 -0.17889 -0.53741
vn -0.77341 -0.33616 -0.53743
vn -0.77354 -0.33626 -0.53718
vn -0.69324 -0.48064 -0.53704
vn -0.98399 0.17823 -0.0022
vn -0.98981 0.14241 -0.00023
vn -0.9307 0.36579 0.00015
vn -0.93037 0.36661 0.00015
vn -0.9097 0.41526 -0.0018
vn -0.84109 0.54089 0.00095
vn -0.84089 0.5412 0.00095
vn -0.75567 0.65495 -0.00181
vn -0.71915 0.69486 0.00018
vn -0.54057 0.8413 0.00017
vn -0.72106 0.69275 -0.01283
vn -0.56976 0.82181 -0.00216
vn -0.21204 0.97726 0.00045
vn -0.2818 0.95947 -0.00195
vn -0.39868 0.91709 0.0009
vn -0.39906 0.91692 0.0009
vn -0.21071 0.97755 0.00045
vn -0.01735 0.99985 -0.0006
vn 0 1 -0.00136
vn 0.36651 0.93041 0.00067
vn 0.2818 0.95947 -0.002
vn 0.17831 0.98397 0.00081
vn 0.17804 0.98402 0.00081
vn 0.36681 0.9303 0.00067
vn 0.54105 0.84099 -0.00108
vn 0.54057 0.8413 -0.00105
vn 0.82174 0.56986 0.00083
vn 0.75567 0.65495 -0.00199
vn 0.69472 0.71928 0.00066
vn 0.69487 0.71914 0.00066
vn 0.82196 0.56954 0.00083
vn 0.91702 0.39884 -0.00159
vn 0.9097 0.41527 -0.00068
vn 0.99985 0.01735 0.00092
vn 0.98981 0.14241 -0.00193
vn 0.9773 0.21186 0.00043
vn 0.97731 0.21181 0.00043
vn 0.99985 0.01734 0.00092
vn 0.98399 -0.17823 -0.0022
vn 0.98981 -0.14241 -0.00023
vn 0.9307 -0.36579 0.00015
vn 0.93037 -0.36661 0.00015
vn 0.9097 -0.41526 -0.0018
vn 0.84109 -0.54089 0.00095
vn 0.84089 -0.5412 0.00095
vn 0.75567 -0.65495 -0.00181
vn 0.71915 -0.69486 0.00018
vn 0.54057 -0.8413 0.00017
vn 0.72106 -0.69275 -0.01283
vn 0.56976 -0.82181 -0.00216
vn 0.21204 -0.97726 0.00045
vn 0.2818 -0.95947 -0.00195
vn 0.39868 -0.91709 0.0009
vn 0.39906 -0.91692 0.0009
vn 0.21071 -0.97755 0.00045
vn 0.01735 -0.99985 -0.0006
vn 0 -1 -0.00136
vn -0.36651 -0.93041 0.00067
vn -0.2818 -0.95947 -0.002
vn -0.17831 -0.98397 0.00081
vn -0.17804 -0.98402 0.00081
vn -0.36681 -0.9303 0.00067
vn -0.54105 -0.84099 -0.00108
vn -0.54057 -0.8413 -0.00105
vn -0.82174 -0.56986 0.00083
vn -0.75567 -0.65495 -0.00199
vn -0.69472 -0.71928 0.00066
vn -0.69487 -0.71914 0.00066
vn -0.82196 -0.56954 0.00083
vn -0.91702 -0.39884 -0.00159
vn -0.9097 -0.41527 -0.00068
vn -0.97731 -0.21181 0.00043
vn -0.9773 -0.21186 0.00043
vn -0.98981 -0.14241 -0.00193
vn -0.99833 -0.05778 0
vn -0.99918 0.0404 0
vn 0 1 0
vn -0.46945 0.88296 0
vn -0.82916 0.55901 0
vn 0.46945 0.88296 0
vn 0.82916 0.55901 0
vn -0.82916 0.55901 0
vn -0.82891 0.55939 0
vn 0.82891 0.55939 0
vn 0.82916 0.55901 0
vn 0.46968 0.88284 0
vn 0.8289 0.55939 0
vn 0.46946 0.88296 0
vn -0.46968 0.88284 0
vn 0.82916 0.55901 0
vn -0.82916 0.55901 0
vn -0.46947 0.88295 0
vn -0.82906 0.55916 0
vn 0.46948 0.88294 0
vn 0.82906 0.55916 0
vn -0.4695 0.88293 0
vn -0.82903 0.5592 0
vn 0.4695 0.88293 0
vn 0.82906 0.55916 0
vn -0.82906 0.55916 0
vn 0.82903 0.5592 0
vn 0.46947 0.88295 0
vn 0.82905 0.55917 0
vn -0.82904 0.55918 0
vn 0.82903 0.5592 0
vn -0.93968 0.34205 0
vn 0.93968 0.34204 0
vn 0.9397 0.342 0
vn -0.9397 0.342 0
vn 0.93968 0.34205 0
vn -0.93968 0.34204 0
vn -0.93969 0.34202 0
vn 0.93969 0.34202 0
vn 0 -1 0
vn 0.77188 -0.63577 0
vn 0.50476 -0.86326 0
vn 0.17543 -0.98449 0
vn 0 0.08722 0.99619
vn 0 0.08712 0.9962
vn 0 0.08716 0.9962
vn 0 0.08716 0.9962
vn 0 0.08716 0.99619
vn 0 0.08712 0.9962
vn 0 0.08716 0.99619
vn 0 0.08716 0.99619
vn -0 0.08711 0.9962
vn -0 0.08711 0.9962
vn 0 0.08722 0.99619
vn 0 0.08716 0.99619
vn -0 0.08711 0.9962
vn 0 0.08716 0.9962
vn -0 0.08716 0.9962
vn -0 0.08716 0.99619
vn -0 0.08712 0.9962
vn 0 0.08717 -0.99619
vn 1E-05 0.08715 -0.9962
vn -1E-05 0.08748 -0.99617
vn -0 0.08712 -0.9962
vn 0 0.0871 -0.9962
vn 0 0.08712 -0.9962
vn 0 0.08714 -0.9962
vn 0 0.08749 -0.99617
vn 3E-05 0.08705 -0.9962
vn -1E-05 0.08748 -0.99617
vn 3E-05 0.08705 -0.9962
vn 0 0.0871 -0.9962
vn 3E-05 0.08705 -0.9962
vn -1E-05 0.08717 -0.99619
vn 1E-05 0.08748 -0.99617
vn 0 0.08712 -0.9962
vn -1E-05 0.08748 -0.99617
vn 0 0.0871 -0.9962
vn 0 0.0871 -0.9962
vn -0.17544 -0.98449 0
vn -0.50476 -0.86326 0
vn -0.7719 -0.63575 0
vn 0.25886 -0.96591 0
vn 0.70711 -0.70711 0
vn 0.96591 -0.25887 0
vn 0.96591 0.25887 0
vn 0.70711 0.70711 0
vn 0.25886 0.96591 0
vn -0.25886 0.96591 0
vn -0.70711 0.70711 0
vn -0.96591 0.25887 0
vn -0.96591 -0.25887 0
vn -0.70711 -0.70711 0
vn -0.25886 -0.96591 0
vn 0 0.70711 -0.70711
vn 0.00042 0.70723 -0.70698
vn -0.00038 0.70705 -0.70716
vn -0.00024 0.70701 -0.70721
vn 0.00081 0.70658 -0.70763
vn -0.00014 0.70706 -0.70715
vn 0.0004 0.70689 -0.70732
vn -0.00048 0.70725 -0.70697
vn -0.00107 0.70624 -0.70797
vn -3E-05 0.70712 -0.70709
vn 0.00023 0.70727 -0.70695
vn 0.90405 -0.42744 0
vn 0.93764 -0.34761 0
vn 0.97614 -0.21714 0
vn 0.96313 -0.26903 0
vn 0.9549 -0.29694 0
vn 0.94262 -0.33387 0.00106
vn 0.93852 -0.34522 -0.00334
vn 0.91117 -0.41202 0
vn 0.88785 -0.46013 0
vn 0.87991 -0.47512 0.00548
vn 0.90285 -0.42995 -0.00259
vn 0.91117 -0.41202 0
vn 0.92342 -0.38379 0
vn 0.80712 -0.59038 0
vn 0.18674 -0.98241 0
vn 0.5342 -0.84536 0
vn 0.24171 0.97035 0
vn 0.66862 0.74361 0
vn 0.93931 0.34306 0
vn 0.99048 -0.13767 0
vn -0.90405 -0.42743 0
vn -0.87989 -0.47517 0
vn -0.89582 -0.44441 0
vn -0.94399 -0.32998 0
vn -0.91879 -0.3947 -0.00613
vn -0.90489 -0.42565 0.00184
vn -0.93715 -0.34892 0.00184
vn -0.93764 -0.3476 0
vn -0.91871 -0.39468 -0.01442
vn -0.95492 -0.29686 0
vn -0.96313 -0.26905 0
vn -0.97614 -0.21715 0
vn 0.25886 -0.96591 0
vn 0.25886 0.96591 0
vn -0.25886 0.96591 0
vn -0.70711 0.70711 0
vn -0.96591 0.25886 0
vn -0.96591 -0.25886 0
vn -0.70711 -0.70711 0
vn -0.25886 -0.96591 0
vn -0.90452 -0.38857 0.17565
vn -0.02439 -0.01255 0.99962
vn -0.12695 -0.0619 0.98998
vn -0.16164 -0.06944 0.9844
vn -0.44046 -0.21848 0.87078
vn -0.31026 -0.15784 0.93746
vn -0.1567 -0.07985 0.98441
vn -0.31243 -0.09644 0.94503
vn -0.1715 -0.0789 0.98202
vn -0.8286 -0.34258 0.44278
vn -0.75086 -0.38167 0.53902
vn -0.80499 -0.40866 0.4301
vn -0.74643 -0.34743 0.56756
vn -0.65138 -0.33859 0.67901
vn -0.47751 -0.251 0.84201
vn -0.67527 -0.22048 0.70385
vn -0.56227 -0.22441 0.79592
vn -0.88188 -0.43749 0.17575
vn -0.89709 -0.42043 0.13589
vn -0.85918 -0.4239 0.28655
vn -0.90451 -0.38858 0.17569
vn -0.93513 -0.32688 0.1367
vn -0.9262 -0.33355 0.17577
vn -0.90189 -0.31676 0.2937
vn -0.84647 -0.29323 0.44442
vn -0.67077 -0.22683 0.70613
vn -0.67075 -0.22682 0.70615
vn -0.7884 -0.29627 0.53911
vn -0.76087 -0.29886 0.57599
vn -0.84648 -0.29323 0.44439
vn -0.27503 -0.09953 0.95627
vn -0.42178 -0.14541 0.89496
vn -0.50959 -0.17669 0.84208
vn -0.41854 -0.18885 0.88834
vn -0.55184 -0.20711 0.80782
vn -0.90452 -0.38857 0.17566
vn -0.77398 -0.33249 0.53888
vn -0.774 -0.33251 0.53886
vn -0.49561 -0.21292 0.84204
vn -0.4956 -0.2129 0.84205
vn -0.16164 -0.06944 0.9844
vn -0.16548 -0.0595 0.98442
vn -0.46724 0.46724 0.75058
vn -0.5659 0.42854 0.70435
vn -0.69474 0.18619 0.69474
vn -0.69474 0.18619 0.69474
vn -0.70694 -0.02206 0.70694
vn -0.67073 -0.17976 0.71959
vn -0.68612 -0.20667 0.69752
vn -0.50859 -0.50859 0.69474
vn -0.50859 -0.50859 0.69474
vn -0.18619 -0.69474 0.69474
vn -0.18619 -0.69474 0.69474
vn 0.18619 -0.69474 0.69474
vn 0.18619 -0.69474 0.69474
vn 0.5086 -0.50859 0.69474
vn 0.50859 -0.50859 0.69474
vn 0.69474 -0.18619 0.69474
vn 0.69474 -0.18619 0.69474
vn 0.69474 0.18619 0.69474
vn 0.69474 0.18619 0.69474
vn 0.50859 0.50859 0.69474
vn 0.50859 0.50859 0.69474
vn 0.18619 0.69474 0.69474
vn 0.18619 0.69474 0.69474
vn -0.18619 0.69474 0.69474
vn -0.18619 0.69474 0.69474
vn -0.43604 0.56089 0.70375
vn 0.10652 0.99431 0
vn 0.2105 0.97757 0.00631
vn 0.31199 0.95008 0
vn 0.59407 0.80442 0
vn 0.87203 0.48946 0
vn 0.99623 0.0868 0
vn 0.94805 -0.31812 0
vn 0.94382 -0.33047 0.00103
vn 0.85565 -0.51756 0
vn -0.83143 -0.55562 0
vn -0.93187 -0.36275 0.00556
vn -0.90868 -0.41748 0
vn -0.99989 0.01475 0
vn -0.89646 0.44312 0
vn -0.61887 0.78549 0
vn -0.22005 0.97549 0
vn -0.11194 0.99362 0.01378
vn -0.32702 0.94502 0
vn -0.6454 0.28886 0.70712
vn -0.6454 0.28886 0.70712
vn -0.94786 0.1693 0.27
vn -0.65612 0.26427 0.70687
vn -0.73533 0.23264 0.63652
vn -0.72745 0.26047 0.6348
vn -0.76563 0.21441 0.60649
vn -0.75606 0.23956 0.60908
vn -0.76586 0.216 0.60565
vn -0.77601 0.18834 0.60195
vn -0.78452 0.25862 0.56359
vn -0.81922 0.21292 0.53248
vn -0.81384 0.23402 0.53189
vn -0.84918 0.19819 0.4895
vn -0.82802 0.24744 0.50315
vn -0.85416 0.20169 0.4793
vn -0.84744 0.21932 0.48346
vn -0.9405 0.1982 0.276
vn -0.88757 0.20162 0.4142
vn -0.89862 0.17343 0.403
vn -0.89204 0.22348 0.39283
vn -0.9113 0.19118 0.36467
vn -0.89499 0.22916 0.38273
vn -0.9174 0.20033 0.34388
vn -0.91194 0.21219 0.35119
vn -0.9289 0.19624 0.31406
vn 0.99733 -0.073 0
vn 0.97598 -0.21787 0
vn 0.98935 -0.14544 -0.00617
vn -0.7075 0.1228 0.69597
vn -0.70751 0.12299 0.69592
vn -0.68026 -0.23005 0.69593
vn -0.68016 -0.23021 0.69598
vn -0.48784 -0.52693 0.69596
vn -0.48783 -0.52694 0.69596
vn -0.1769 -0.69595 0.69596
vn -0.17693 -0.69595 0.69595
vn 0.76679 -0.6419 0
vn 0.86995 -0.49314 0
vn 0.78763 -0.61611 0.00644
vn 0.51766 -0.85559 0
vn 0.18038 -0.9836 0
vn -0.65045 -0.75955 0
vn -0.81479 -0.57409 0.08088
vn -0.67936 -0.73381 0
vn -0.85288 -0.5221 0
vn -0.94728 -0.32027 0.00898
vn -0.95524 -0.29583 0
vn -0.99777 0.06672 0
vn -0.98499 0.17096 0.02374
vn -0.95056 0.31055 0
vn -0.24635 -0.96918 0
vn 0.94062 -0.33941 0.00493
vn 0.95523 -0.29587 0
vn 0.95561 -0.29464 3E-05
vn 0.95559 -0.29469 0
vn 0.94242 -0.33443 0
vn 0.90672 -0.42172 0
vn 0.99144 0 0.13052
vn 0.92387 0 0.3827
vn 0.86603 0 0.5
vn -1 0 0
vn -0.90314 0 0.42934
vn -0.86448 0.00159 0.50266
vn -0.95697 0 0.29018
vn -0.98078 0.00355 0.19507
vn -0.99518 0 0.09809
vn -0.10466 0 0.99451
vn -0.19508 0.00566 0.98077
vn -0.24724 0.00278 0.96895
vn -0.24624 0.00281 0.9692
vn -0.60023 0.00168 0.79982
vn -0.80746 0.00497 0.5899
vn -0.72393 0.01336 0.68974
vn -0.83147 0.00062 0.55557
vn -0.70398 -0.00055 0.71022
vn -0.70404 -0.00055 0.71016
vn -0.51174 0.00695 0.85911
vn -0.51146 0.00697 0.85928
vn -0.55556 0.00296 0.83147
vn -0.36044 -0.00117 0.93278
vn -0.36053 -0.00117 0.93275
vn 0.70708 -0.00013 -0.70714
vn 0.70711 0 -0.70711
vn 0.70706 6E-05 -0.70715
vn 0 -0.70711 -0.70711
vn 0.00091 -0.70669 -0.70753
vn -0.91282 0.40836 0
vn -0.91277 0.40848 -1E-05
vn -0.91273 0.40856 2E-05
vn -0.91275 0.40852 -9E-05
vn -0.91275 0.40852 0
vn -0.91274 0.40855 1E-05
vn -0.91279 0.40843 -1E-05
vn -0.91274 0.40853 0
vn -0.91278 0.40845 -6E-05
vn -0.91274 0.40855 5E-05
vn -0.91228 0.40956 0.00095
vn -0.91276 0.40849 -1E-05
vn -0.91274 0.40854 2E-05
vn -0.91275 0.40852 2E-05
vn -0.91275 0.40851 1E-05
vn -0.91275 0.40852 -0
vn -0.91275 0.40851 -0
vn 1 0 0
vn 0.99144 0 0.13057
vn 0.92389 0 0.38265
vn 0.70782 -0.62658 0.32619
vn 0.70712 -0.67006 0.22582
vn 0.70268 -0.70262 0.11209
vn 0.70265 -0.70265 0.11213
vn 0.70711 -0.70711 0
vn 0.70406 -0.70406 0.09269
vn 0.70404 -0.70409 0.0927
vn 0.65606 -0.70408 0.27176
vn 0.65609 -0.70405 0.27176
vn 0.61238 -0.7071 0.35355
vn 0.61238 -0.7071 0.35355
vn 0.70406 -0.70406 0.09272
vn 0.70404 -0.70409 0.09269
vn 0.65607 -0.70409 0.27172
vn 0.65609 -0.70406 0.27177
vn -0.70406 -0.70406 -0.09272
vn -0.70404 -0.70409 -0.09267
vn -0.65607 -0.70409 -0.27172
vn -0.65608 -0.70406 -0.27179
vn -0.13928 -0.70022 0.70022
vn -0.13928 -0.70022 0.70021
vn -0.39664 -0.70022 0.59361
vn -0.39664 -0.70021 0.59361
vn -0.59361 -0.70021 0.39664
vn -0.5936 -0.70022 0.39665
vn -0.70021 -0.70022 0.13927
vn -0.70022 -0.70022 0.13926
vn 0 -0.70711 0.70711
vn -0.98527 0.17101 0
vn -0.9473 -0.32035 0
vn -0.67937 -0.7338 0
vn -0.61238 -0.7071 -0.35356
vn -0.92389 0 -0.38265
vn -0.99144 0 -0.13056
vn 0.65608 0.70405 0.27178
vn 0.65606 0.70408 0.27175
vn 0.70404 0.70409 0.09269
vn 0.70406 0.70406 0.0927
vn 0.61238 0.7071 0.35355
vn 0.61238 0.7071 0.35355
vn 0.6561 0.70405 0.27174
vn 0.65606 0.70408 0.27176
vn 0.70403 0.70409 0.09272
vn 0.70406 0.70406 0.09269
vn 0.70711 0.70711 0
vn -0.61238 0.7071 -0.35356
vn -0.6561 0.70405 -0.27174
vn -0.65605 0.70408 -0.27178
vn -0.70403 0.70409 -0.09271
vn -0.70406 0.70406 -0.09267
vn -0.70697 0.70724 2E-05
vn -0.7071 0.70711 0
vn -0.70709 0.70712 0
vn -0.70704 0.70717 2E-05
vn -0.70715 0.70707 -1E-05
vn -0.7072 0.70702 -2E-05
vn 0.70021 -0.13931 0.70021
vn 0.70018 -0.13929 0.70024
vn 0.70019 -0.39664 0.59364
vn 0.70018 -0.39664 0.59365
vn 0.70019 -0.59363 0.39666
vn 0.70022 -0.59362 0.39662
vn 0.7002 -0.70023 0.1393
vn 0.70022 -0.70022 0.13928
vn -0.86602 0 -0.5
vn -0.70406 -0.70406 -0.09272
vn -0.70406 -0.70406 -0.09271
vn -0.65609 -0.70407 -0.27173
vn -0.65612 -0.70405 -0.2717
vn -0.6561 0.70407 -0.27169
vn -0.70406 0.70406 -0.09272
vn -0.70406 0.70406 -0.09271
vn 0.70021 0.70021 0.1393
vn 0.7002 0.70023 0.13929
vn 0.70021 0.59361 0.39664
vn 0.70019 0.59364 0.39664
vn 0.70018 0.39665 0.59365
vn 0.70019 0.39664 0.59364
vn 0.70019 0.13931 0.70024
vn 0.70022 0.13928 0.70022
vn 0.70711 0 0.70711
vn 0 -0.99519 0.09794
vn 0.01266 -0.9807 0.1951
vn 0 -0.9569 0.2904
vn 0 -0.83147 0.55558
vn 0 -0.68732 0.72636
vn 0.0051 -0.55555 0.83147
vn 0 -0.53216 0.84664
vn 0 -0.19512 0.98078
vn -0.70721 -0.70701 -9E-05
vn -0.7071 -0.70712 0
vn -0.70708 -0.70713 1E-05
vn -0.99144 0 -0.13057
vn -0.70721 0.70701 -9E-05
vn -0.7071 0.70712 0
vn -0.70708 0.70713 1E-05
vn 0.0316 0.67012 0.74158
vn 0 0.55556 0.83148
vn 0 0.83147 0.55558
vn 0 0.98078 0.19511
vn 0.02489 0.99464 0.10033
vn 0 0.9569 0.2904
vn 0 0.53216 0.84664
vn 0 0.19512 0.98078
vn 0.31713 0.38738 0.86566
vn -0.15114 0.47661 0.86602
vn -0.44962 0.22916 0.86332
vn -0.35684 0.35685 0.86332
vn -0.49844 -0.07889 0.86332
vn -0.49924 0.05499 0.86471
vn -0.31713 -0.38738 0.86566
vn 0.15227 -0.47624 0.86603
vn 0.44962 -0.22916 0.86332
vn 0.35684 -0.35685 0.86332
vn 0.49924 -0.055 0.86472
vn 0.48273 -0.13184 0.86579
vn 0.07635 -0.49854 0.8635
vn -0.3746 -0.334 0.86494
vn -0.48273 0.13185 0.86579
vn -0.07637 0.49854 0.8635
vn 0.3746 0.334 0.86494
vn 0.29929 -0.95416 0
vn 0.29937 -0.95414 -5E-05
vn 0.29945 -0.95411 0
vn -0.67657 -0.73638 0
vn -0.6766 -0.73635 3E-05
vn -0.67664 -0.73632 0
vn -0.97601 0.21772 0
vn -0.97601 0.21773 1E-05
vn -0.97601 0.21774 0
vn -0.29933 0.95415 0
vn -0.29937 0.95414 -2E-05
vn -0.29941 0.95412 0
vn 0.67657 0.73638 0
vn 0.6766 0.73635 3E-05
vn 0.67664 0.73632 0
vn 0.97601 -0.21772 0
vn 0.97601 -0.21773 1E-05
vn 0.976 -0.21775 0
vn 0.12862 0.12048 0.98435
vn 0.14508 0.09997 0.98436
vn 0.14518 0.10002 0.98434
vn 0.15848 0.07727 0.98433
vn 0.15852 0.07728 0.98433
vn 0.16827 0.05282 0.98432
vn 0.16834 0.05283 0.98431
vn 0.17434 0.02715 0.98431
vn 0.17428 0.02715 0.98432
vn 0.17642 0.00082 0.98432
vn 0.17621 0.00084 0.98435
vn 0.17434 -0.02538 0.98436
vn 0.17433 -0.02538 0.98436
vn 0.1686 -0.05109 0.98436
vn 0.16875 -0.05116 0.98433
vn 0.15925 -0.07575 0.98433
vn 0.15918 -0.0757 0.98434
vn 0.14612 -0.09862 0.98434
vn 0.14594 -0.09846 0.98438
vn 0.12965 -0.1191 0.98438
vn 0.12975 -0.11922 0.98435
vn 0.11052 -0.13723 0.98435
vn 0.11043 -0.13709 0.98438
vn 0.08878 -0.15201 0.98438
vn 0.08879 -0.15204 0.98438
vn 0.06512 -0.1636 0.98438
vn 0.06513 -0.16361 0.98437
vn 0.04001 -0.17146 0.98438
vn 0.04003 -0.1717 0.98434
vn 0.01406 -0.1757 0.98434
vn 0.01406 -0.17576 0.98433
vn -0.01234 -0.17586 0.98434
vn -0.01231 -0.17575 0.98436
vn -0.03837 -0.17199 0.98435
vn -0.03835 -0.17194 0.98436
vn -0.06354 -0.16429 0.98436
vn -0.06356 -0.16433 0.98436
vn -0.08739 -0.153 0.98435
vn -0.08724 -0.15282 0.9844
vn -0.10903 -0.1381 0.9844
vn -0.109 -0.13807 0.98441
vn -0.12835 -0.12029 0.98441
vn -0.12862 -0.12048 0.98435
vn -0.14508 -0.09997 0.98436
vn -0.14518 -0.10002 0.98434
vn -0.15848 -0.07727 0.98433
vn -0.15852 -0.07728 0.98433
vn -0.16826 -0.05282 0.98433
vn -0.16833 -0.05283 0.98431
vn -0.17433 -0.02715 0.98431
vn -0.17429 -0.02715 0.98432
vn -0.17642 -0.00082 0.98431
vn -0.17621 -0.00084 0.98435
vn -0.17434 0.02538 0.98436
vn -0.17432 0.02538 0.98436
vn -0.16858 0.05109 0.98436
vn -0.16876 0.05117 0.98433
vn -0.15926 0.07575 0.98433
vn -0.15918 0.0757 0.98434
vn -0.14612 0.09862 0.98434
vn -0.14594 0.09846 0.98438
vn -0.12966 0.1191 0.98438
vn -0.12976 0.11922 0.98435
vn -0.11052 0.13724 0.98435
vn -0.11043 0.13708 0.98438
vn -0.08878 0.15201 0.98438
vn -0.08879 0.15204 0.98438
vn -0.06512 0.1636 0.98438
vn -0.06513 0.16361 0.98437
vn -0.04001 0.17146 0.98438
vn -0.04003 0.1717 0.98434
vn -0.01406 0.1757 0.98434
vn -0.01406 0.17576 0.98433
vn 0.01234 0.17586 0.98434
vn 0.01232 0.17575 0.98436
vn 0.03837 0.172 0.98435
vn 0.03835 0.17194 0.98436
vn 0.06354 0.16429 0.98436
vn 0.06356 0.16433 0.98436
vn 0.08738 0.153 0.98436
vn 0.08724 0.15282 0.9844
vn 0.10904 0.13811 0.9844
vn 0.10901 0.13808 0.9844
vn 0.12836 0.1203 0.9844
vn -0.88884 0.42282 0.17662
vn -0.942 0.28543 0.17653
vn -0.94229 0.28581 0.17436
vn -0.97427 0.14274 0.1744
vn -0.97432 0.14183 0.17485
vn -0.88905 0.42264 0.17598
vn -0.88901 0.42264 0.17615
vn -0.81586 0.55078 0.17609
vn -0.81612 0.55073 0.17506
vn -0.81626 0.55015 0.17621
vn -0.72496 0.66585 0.1763
vn -0.72506 0.66635 0.17396
vn -0.49652 0.85003 0.17584
vn -0.49625 0.85 0.17672
vn -0.61723 0.76668 0.17672
vn -0.61769 0.7668 0.17457
vn -0.61826 0.76649 0.17392
vn -0.07781 0.98131 0.17598
vn -0.22391 0.95861 0.1759
vn -0.22379 0.95887 0.1746
vn -0.36324 0.91517 0.17471
vn -0.36411 0.91473 0.1752
vn -0.36416 0.91475 0.17498
vn -0.4964 0.85025 0.17511
vn -0.0786 0.9816 0.17404
vn -0.07835 0.98131 0.17578
vn 0.06897 0.98199 0.1759
vn 0.06874 0.98226 0.17446
vn 0.0681 0.98208 0.17573
vn 0.21437 0.96083 0.17563
vn 0.2147 0.96112 0.17365
vn 0.4882 0.855 0.17503
vn 0.4883 0.85476 0.17589
vn 0.35522 0.91809 0.17589
vn 0.35512 0.91845 0.17419
vn 0.35451 0.91882 0.17349
vn 0.81072 0.55871 0.17487
vn 0.71848 0.67321 0.17486
vn 0.71838 0.6732 0.17531
vn 0.60941 0.77326 0.17519
vn 0.61008 0.77282 0.17479
vn 0.61008 0.77262 0.17568
vn 0.48799 0.85499 0.17567
vn 0.81076 0.55846 0.17546
vn 0.81076 0.55844 0.17552
vn 0.88489 0.43149 0.17546
vn 0.88494 0.43166 0.17478
vn 0.8846 0.43198 0.17569
vn 0.93934 0.29469 0.1755
vn 0.93948 0.29464 0.17482
vn 0.98453 0.00481 0.17516
vn 0.98431 0.00451 0.17639
vn 0.97258 0.15136 0.17655
vn 0.97281 0.15159 0.17512
vn 0.97281 0.15189 0.17482
vn 0.88883 -0.42281 0.17665
vn 0.942 -0.28543 0.17656
vn 0.94228 -0.28581 0.1744
vn 0.97428 -0.14267 0.17443
vn 0.97432 -0.14184 0.17485
vn 0.97408 -0.14198 0.17612
vn 0.98433 0.00512 0.17626
vn 0.88877 -0.42287 0.17684
vn 0.88928 -0.42277 0.17448
vn 0.81624 -0.5507 0.17456
vn 0.81612 -0.55073 0.17506
vn 0.81627 -0.55013 0.17624
vn 0.72496 -0.66584 0.17632
vn 0.72506 -0.66636 0.17395
vn 0.49651 -0.85003 0.17586
vn 0.49625 -0.85001 0.1767
vn 0.61724 -0.76668 0.17669
vn 0.6177 -0.7668 0.17452
vn 0.61824 -0.76651 0.17392
vn 0.07781 -0.98131 0.176
vn 0.2239 -0.9586 0.17592
vn 0.22379 -0.95887 0.1746
vn 0.36324 -0.91517 0.17471
vn 0.36412 -0.91473 0.1752
vn 0.36415 -0.91475 0.17501
vn 0.4964 -0.85024 0.17514
vn 0.0786 -0.98159 0.17406
vn 0.07835 -0.98131 0.17578
vn -0.06897 -0.98199 0.1759
vn -0.06874 -0.98226 0.17449
vn -0.06811 -0.98208 0.17575
vn -0.21437 -0.96083 0.17564
vn -0.2147 -0.96112 0.17367
vn -0.48819 -0.855 0.17506
vn -0.4883 -0.85476 0.17592
vn -0.35522 -0.91808 0.17591
vn -0.35512 -0.91845 0.1742
vn -0.35451 -0.91881 0.1735
vn -0.81072 -0.55872 0.17484
vn -0.71849 -0.67321 0.17484
vn -0.71838 -0.6732 0.17533
vn -0.6094 -0.77326 0.17522
vn -0.61008 -0.77282 0.1748
vn -0.61008 -0.77262 0.17568
vn -0.48799 -0.85499 0.17567
vn -0.81076 -0.55845 0.17548
vn -0.81076 -0.55845 0.17547
vn -0.8849 -0.4315 0.1754
vn -0.88495 -0.43166 0.17472
vn -0.8846 -0.432 0.17566
vn -0.93934 -0.29469 0.17547
vn -0.9395 -0.29464 0.17475
vn -0.97408 0.14198 0.17612
vn -0.98368 0.03431 0.1766
vn -0.95069 -0.00464 0.3101
vn -0.98348 -0.03908 0.17677
vn -0.97258 -0.15136 0.17655
vn -0.97282 -0.1516 0.17504
vn -0.97283 -0.15189 0.17476
vn 0.61498 0.57629 0.53823
vn 0.61488 0.57612 0.53852
vn 0.69396 0.478 0.53846
vn 0.69447 0.47862 0.53725
vn 0.758 0.36974 0.53734
vn 0.75772 0.36948 0.5379
vn 0.80434 0.25233 0.53793
vn 0.80456 0.25248 0.53753
vn 0.83325 0.12968 0.53747
vn 0.83331 0.12971 0.53738
vn 0.84327 0.00412 0.53747
vn 0.84345 0.00418 0.53719
vn 0.83468 -0.12151 0.53717
vn 0.83366 -0.12165 0.53871
vn 0.80629 -0.24456 0.5386
vn 0.80687 -0.24457 0.53773
vn 0.76144 -0.36199 0.53774
vn 0.76123 -0.36196 0.53807
vn 0.69868 -0.47148 0.5381
vn 0.69906 -0.4716 0.5375
vn 0.6211 -0.57046 0.53741
vn 0.6207 -0.57026 0.53809
vn 0.52858 -0.65655 0.53809
vn 0.52905 -0.65688 0.53723
vn 0.42538 -0.72827 0.53728
vn 0.4248 -0.72772 0.53849
vn 0.31163 -0.78288 0.53851
vn 0.31166 -0.78292 0.53843
vn 0.19153 -0.82063 0.53841
vn 0.1915 -0.82058 0.5385
vn 0.06706 -0.83991 0.53857
vn 0.06708 -0.83995 0.5385
vn -0.05883 -0.8406 0.53845
vn -0.05877 -0.84087 0.53804
vn -0.18355 -0.82269 0.53805
vn -0.18357 -0.82242 0.53845
vn -0.30406 -0.78585 0.53851
vn -0.30408 -0.78614 0.53807
vn -0.41794 -0.73197 0.53809
vn -0.41807 -0.73252 0.53725
vn -0.52264 -0.66205 0.53716
vn -0.52234 -0.66131 0.53836
vn -0.61499 -0.57631 0.5382
vn -0.61488 -0.57612 0.53852
vn -0.69396 -0.478 0.53846
vn -0.69447 -0.47862 0.53725
vn -0.758 -0.36974 0.53734
vn -0.75772 -0.36948 0.5379
vn -0.80434 -0.25233 0.53793
vn -0.80396 -0.25209 0.5386
vn -0.83256 -0.12957 0.53858
vn -0.83328 -0.12991 0.53737
vn -0.84327 -0.00412 0.53747
vn -0.84345 -0.00417 0.53719
vn -0.83468 0.1215 0.53717
vn -0.83365 0.12165 0.53873
vn -0.80628 0.24455 0.53862
vn -0.80686 0.24456 0.53775
vn -0.76143 0.36199 0.53776
vn -0.76121 0.36196 0.53809
vn -0.69867 0.47148 0.53811
vn -0.69905 0.47159 0.53752
vn -0.62109 0.57045 0.53743
vn -0.62069 0.57025 0.5381
vn -0.52857 0.65655 0.5381
vn -0.52906 0.65689 0.53721
vn -0.4254 0.72828 0.53727
vn -0.42479 0.7277 0.53852
vn -0.31162 0.78286 0.53854
vn -0.31167 0.78292 0.53843
vn -0.19153 0.82063 0.53841
vn -0.1915 0.82057 0.53851
vn -0.06706 0.83991 0.53857
vn -0.06708 0.83996 0.53849
vn 0.05882 0.84061 0.53844
vn 0.05877 0.84087 0.53804
vn 0.18355 0.82269 0.53805
vn 0.18357 0.82241 0.53846
vn 0.30405 0.78584 0.53852
vn 0.30408 0.78614 0.53807
vn 0.41795 0.73197 0.53809
vn 0.41808 0.73252 0.53724
vn 0.52264 0.66206 0.53715
vn 0.52234 0.6613 0.53837
vn 0.39459 0.36972 0.8412
vn 0.39438 0.36943 0.84142
vn 0.44501 0.3067 0.84137
vn 0.44466 0.30635 0.84168
vn 0.48533 0.23666 0.8417
vn 0.48511 0.23649 0.84187
vn 0.51487 0.16157 0.84191
vn 0.51497 0.16163 0.84183
vn 0.5333 0.08301 0.84184
vn 0.53362 0.08312 0.84163
vn 0.54003 0.00267 0.84164
vn 0.53958 0.00259 0.84193
vn 0.53393 -0.07791 0.84193
vn 0.53486 -0.07787 0.84134
vn 0.51724 -0.15678 0.84136
vn 0.51703 -0.15676 0.84149
vn 0.48796 -0.23202 0.84147
vn 0.48782 -0.23198 0.84155
vn 0.44775 -0.30206 0.8416
vn 0.44764 -0.30202 0.84166
vn 0.39762 -0.36531 0.84169
vn 0.39753 -0.36526 0.84176
vn 0.33867 -0.4205 0.84172
vn 0.3389 -0.4207 0.84152
vn 0.27233 -0.46653 0.84154
vn 0.27268 -0.46693 0.8412
vn 0.19999 -0.50238 0.8412
vn 0.19994 -0.50231 0.84125
vn 0.12287 -0.52651 0.84124
vn 0.12264 -0.52599 0.8416
vn 0.043 -0.53846 0.84155
vn 0.04309 -0.53878 0.84134
vn -0.03769 -0.53922 0.84132
vn -0.03775 -0.5387 0.84165
vn -0.11762 -0.52697 0.84171
vn -0.11763 -0.52738 0.84145
vn -0.19493 -0.50395 0.84145
vn -0.19493 -0.50394 0.84146
vn -0.26786 -0.46932 0.84142
vn -0.26775 -0.46901 0.84163
vn -0.33474 -0.4238 0.84163
vn -0.33507 -0.42443 0.84118
vn -0.39459 -0.36972 0.8412
vn -0.39438 -0.36943 0.84142
vn -0.44501 -0.3067 0.84137
vn -0.44466 -0.30634 0.84169
vn -0.48532 -0.23665 0.8417
vn -0.48511 -0.2365 0.84187
vn -0.51491 -0.16145 0.8419
vn -0.51561 -0.16183 0.8414
vn -0.53395 -0.08325 0.8414
vn -0.53359 -0.08312 0.84165
vn -0.54 -0.00267 0.84166
vn -0.53958 -0.00259 0.84193
vn -0.53393 0.07791 0.84193
vn -0.53489 0.07787 0.84133
vn -0.51726 0.15678 0.84134
vn -0.51702 0.15676 0.8415
vn -0.48794 0.23202 0.84148
vn -0.48783 0.23199 0.84155
vn -0.44776 0.30207 0.84159
vn -0.44764 0.30202 0.84166
vn -0.39762 0.36531 0.84169
vn -0.39753 0.36525 0.84176
vn -0.33867 0.4205 0.84172
vn -0.3389 0.4207 0.84152
vn -0.27233 0.46653 0.84154
vn -0.27269 0.46694 0.84119
vn -0.19999 0.50239 0.84119
vn -0.19994 0.50231 0.84125
vn -0.12287 0.52651 0.84125
vn -0.12264 0.52598 0.84161
vn -0.043 0.53846 0.84156
vn -0.04309 0.53878 0.84134
vn 0.03769 0.53922 0.84132
vn 0.03775 0.53869 0.84166
vn 0.11762 0.52695 0.84172
vn 0.11763 0.52738 0.84145
vn 0.19493 0.50395 0.84145
vn 0.19492 0.50394 0.84145
vn 0.26786 0.46932 0.84142
vn 0.26775 0.469 0.84164
vn 0.33474 0.42379 0.84164
vn 0.33507 0.42443 0.84118
vn -0.98954 0.14423 0.00067
vn -0.99451 0.10453 -0.00471
vn -0.98944 0.14496 0.00067
vn -0.95703 0.28998 -0.00077
vn -0.95102 0.30912 -0.00385
vn -0.82881 0.55952 0.00212
vn -0.86606 0.49991 -0.00531
vn -0.90314 0.42934 0.00237
vn -0.90303 0.42957 0.00237
vn -0.82924 0.55889 0.00212
vn -0.73628 0.67667 -0.00367
vn -0.7431 0.66918 -0.00182
vn -0.62783 0.77835 0.00122
vn -0.62732 0.77876 0.00122
vn -0.58788 0.80894 -0.00499
vn -0.36986 0.92909 0.00068
vn -0.40668 0.91356 -0.0047
vn -0.50419 0.86359 0.00269
vn -0.50418 0.86359 0.00269
vn -0.36892 0.92946 0.00068
vn -0.22745 0.97379 -0.00076
vn -0.20788 0.97815 -0.00385
vn 0.07007 0.99754 0.00211
vn 0 0.99999 -0.0053
vn -0.07982 0.99681 0.0024
vn -0.07904 0.99687 0.0024
vn 0.06918 0.9976 0.00211
vn 0.21801 0.97594 -0.00369
vn 0.20788 0.97815 -0.00179
vn 0.35997 0.93296 0.00124
vn 0.36063 0.93271 0.00124
vn 0.40668 0.91356 -0.00499
vn 0.61972 0.78482 0.00067
vn 0.58788 0.80894 -0.0047
vn 0.49569 0.86849 0.0027
vn 0.49603 0.8683 0.0027
vn 0.61898 0.7854 0.00067
vn 0.72972 0.68374 -0.00079
vn 0.7431 0.66917 -0.00383
vn 0.89883 0.43829 0.0021
vn 0.86606 0.49991 -0.00527
vn 0.82354 0.56726 0.00239
vn 0.8234 0.56745 0.00239
vn 0.89858 0.43881 0.0021
vn 0.95417 0.29924 -0.00369
vn 0.95102 0.30912 -0.0018
vn 0.98803 0.15427 0.00125
vn 0.98808 0.15397 0.00125
vn 0.99451 0.10453 -0.00499
vn 0.98954 -0.14424 0.00067
vn 0.99451 -0.10453 -0.00471
vn 0.99998 0.0052 0.0027
vn 0.99999 0.00458 0.0027
vn 0.98945 -0.1449 0.00067
vn 0.95703 -0.28998 -0.00077
vn 0.95102 -0.30912 -0.00385
vn 0.82897 -0.55929 0.00212
vn 0.86606 -0.49991 -0.00528
vn 0.903 -0.42964 0.00237
vn 0.90303 -0.42957 0.00237
vn 0.82925 -0.55888 0.00212
vn 0.73628 -0.67667 -0.00367
vn 0.7431 -0.66918 -0.00182
vn 0.62781 -0.77837 0.00122
vn 0.62733 -0.77875 0.00122
vn 0.58788 -0.80894 -0.00499
vn 0.36986 -0.92909 0.00068
vn 0.40668 -0.91356 -0.0047
vn 0.50419 -0.86359 0.00269
vn 0.50418 -0.86359 0.00269
vn 0.36892 -0.92946 0.00068
vn 0.22745 -0.97379 -0.00076
vn 0.20788 -0.97815 -0.00385
vn -0.07006 -0.99754 0.00211
vn 0 -0.99999 -0.0053
vn 0.07982 -0.99681 0.0024
vn 0.07904 -0.99687 0.0024
vn -0.06918 -0.9976 0.00211
vn -0.21801 -0.97594 -0.00369
vn -0.20788 -0.97815 -0.00179
vn -0.35997 -0.93296 0.00124
vn -0.36063 -0.93271 0.00124
vn -0.40668 -0.91356 -0.005
vn -0.61972 -0.78482 0.00067
vn -0.58788 -0.80894 -0.0047
vn -0.4957 -0.86849 0.0027
vn -0.49604 -0.8683 0.0027
vn -0.61897 -0.78541 0.00067
vn -0.72973 -0.68374 -0.00079
vn -0.7431 -0.66917 -0.00383
vn -0.89883 -0.43829 0.0021
vn -0.86606 -0.49991 -0.00527
vn -0.82354 -0.56725 0.00239
vn -0.8234 -0.56746 0.00239
vn -0.89857 -0.43882 0.0021
vn -0.95417 -0.29924 -0.00369
vn -0.95102 -0.30912 -0.0018
vn -0.98803 -0.15427 0.00125
vn -0.98807 -0.15398 0.00125
vn -0.99451 -0.10453 -0.00499
vn -0.99921 -0.03971 0
vn -0.99939 0.03486 0
vn 0.53709 -0.46542 -0.7035
vn 0.53702 -0.46544 -0.70354
vn 0.70348 -0.10121 -0.70347
vn 0.70348 0.10114 -0.70348
vn 0.70352 0.10121 -0.70343
vn 0.53705 0.4654 -0.70355
vn 0.53705 0.46546 -0.70351
vn 0.18959 0.00078 -0.98186
vn 0.17414 -0.07211 -0.98208
vn 0.12713 -0.12996 -0.98334
vn 0.06703 -0.16861 -0.9834
vn -0.17414 0.07211 -0.98208
vn -0.12714 0.12996 -0.98334
vn -0.06703 0.16861 -0.9834
vn 0.10009 0.16694 -0.98087
vn 0.08909 0.11841 -0.98896
vn 0.07981 0.16579 -0.98293
vn 0.05154 0.12049 -0.99138
vn 0.10026 0.16683 -0.98087
vn 0.02724 0.19071 -0.98127
vn 0.02715 0.19072 -0.98127
vn 0.03712 0.1442 -0.98885
vn 0.04586 0.16283 -0.98559
vn 0.07234 0.16852 -0.98304
vn 0.00201 0.13022 -0.99148
vn 0.00989 0.17622 -0.9843
vn -0.01913 0.17505 -0.98437
vn -0.02073 0.14648 -0.989
vn -0.04667 0.18749 -0.98116
vn -0.06015 0.1718 -0.98329
vn -0.04857 0.12152 -0.9914
vn -0.04678 0.18746 -0.98116
vn -0.08279 0.14874 -0.9854
vn -0.07546 0.12793 -0.98891
vn -0.11546 0.15583 -0.98101
vn -0.1216 0.13598 -0.98322
vn -0.09147 0.09374 -0.99139
vn -0.11555 0.15576 -0.98101
vn -0.13347 0.10462 -0.98551
vn -0.12055 0.0907 -0.98856
vn -0.16677 0.09722 -0.98119
vn -0.17049 0.08207 -0.98194
vn -0.11463 0.04745 -0.99228
vn -0.16668 0.09738 -0.98119
vn -0.15618 0.04177 -0.98684
vn -0.14785 0.03806 -0.98828
vn -0.1887 0.02468 -0.98172
vn -0.19006 0.01067 -0.98171
vn -0.12023 -0.00072 -0.99275
vn -0.18874 0.02437 -0.98172
vn -0.15561 -0.02202 -0.98757
vn -0.15673 -0.02201 -0.9874
vn -0.18959 -0.00077 -0.98186
vn -0.17575 -0.07625 -0.98148
vn -0.17573 -0.07629 -0.98148
vn -0.13631 -0.04773 -0.98952
vn -0.18041 -0.05101 -0.98227
vn -0.1804 -0.05105 -0.98227
vn -0.13162 -0.07851 -0.98819
vn -0.13628 -0.08039 -0.9874
vn -0.14706 -0.11612 -0.98229
vn -0.14685 -0.11641 -0.98228
vn -0.10804 -0.09661 -0.98944
vn -0.12479 -0.12407 -0.9844
vn -0.1103 -0.13736 -0.98436
vn -0.08909 -0.1184 -0.98896
vn -0.10009 -0.16695 -0.98087
vn -0.07981 -0.16579 -0.98293
vn -0.05154 -0.12049 -0.99138
vn -0.10027 -0.16684 -0.98087
vn -0.02724 -0.19071 -0.98127
vn -0.02715 -0.19072 -0.98127
vn -0.03712 -0.1442 -0.98885
vn -0.04586 -0.16283 -0.98559
vn -0.07234 -0.16852 -0.98304
vn -0.00201 -0.13022 -0.99148
vn -0.00989 -0.17622 -0.9843
vn 0.01913 -0.17505 -0.98437
vn 0.02073 -0.14648 -0.989
vn 0.04667 -0.18749 -0.98116
vn 0.06015 -0.1718 -0.98329
vn 0.04857 -0.12152 -0.9914
vn 0.04678 -0.18746 -0.98116
vn 0.08279 -0.14874 -0.9854
vn 0.07546 -0.12793 -0.98891
vn 0.11546 -0.15583 -0.98101
vn 0.1216 -0.13598 -0.98322
vn 0.09147 -0.09374 -0.99139
vn 0.11555 -0.15576 -0.98101
vn 0.13347 -0.10462 -0.98552
vn 0.12055 -0.09071 -0.98856
vn 0.16678 -0.09723 -0.98119
vn 0.17049 -0.08207 -0.98194
vn 0.11463 -0.04745 -0.99228
vn 0.16668 -0.09739 -0.98119
vn 0.15618 -0.04177 -0.98684
vn 0.14785 -0.03806 -0.98828
vn 0.18869 -0.02467 -0.98173
vn 0.19006 -0.01067 -0.98171
vn 0.12022 0.00072 -0.99275
vn 0.18874 -0.02437 -0.98173
vn 0.15674 0.02201 -0.9874
vn 0.15561 0.02202 -0.98757
vn 0.1804 0.05104 -0.98227
vn 0.1804 0.05101 -0.98227
vn 0.13632 0.04773 -0.98951
vn 0.17574 0.07629 -0.98148
vn 0.13627 0.08038 -0.9874
vn 0.13162 0.07851 -0.98819
vn 0.17576 0.07625 -0.98148
vn 0.1103 0.13736 -0.98436
vn 0.12479 0.12407 -0.9844
vn 0.10803 0.0966 -0.98944
vn 0.14684 0.1164 -0.98229
vn 0.14705 0.11611 -0.98229
vn -0.99702 0.07709 0.00359
vn -0.98308 0.05502 -0.17469
vn -0.9536 0.2454 -0.17444
vn -0.95382 0.24579 -0.17266
vn -0.9531 0.24664 -0.17541
vn -0.88707 0.42686 -0.1758
vn -0.88716 0.42685 -0.17534
vn -0.50013 0.84788 -0.17596
vn -0.656 0.73392 -0.17616
vn -0.65619 0.73388 -0.17557
vn -0.65622 0.7337 -0.17626
vn -0.78666 0.59166 -0.17636
vn -0.78686 0.59224 -0.1735
vn -0.78762 0.59071 -0.17525
vn -0.32549 0.92946 -0.17369
vn -0.32928 0.92789 -0.17489
vn -0.50035 0.84799 -0.17482
vn -0.13777 0.97506 -0.17398
vn -0.1379 0.97494 -0.17458
vn -0.32539 0.92938 -0.17427
vn 0.24571 0.95351 -0.17446
vn 0.05853 0.98287 -0.17477
vn 0.05504 0.98337 -0.17306
vn 0.05507 0.98341 -0.17284
vn -0.13801 0.97519 -0.17306
vn 0.4269 0.88716 -0.17523
vn 0.42671 0.88714 -0.17579
vn 0.24578 0.95333 -0.17538
vn 0.84794 0.50002 -0.17598
vn 0.7338 0.65613 -0.17618
vn 0.73379 0.65611 -0.17626
vn 0.59205 0.78637 -0.17637
vn 0.59172 0.78674 -0.17577
vn 0.59184 0.78678 -0.17522
vn 0.42691 0.88713 -0.17534
vn 0.8476 0.50026 -0.17695
vn 0.84805 0.50023 -0.17488
vn 0.9292 0.32558 -0.1749
vn 0.92943 0.32548 -0.17385
vn 0.92943 0.32524 -0.1743
vn 0.97496 0.13775 -0.1746
vn 0.9752 0.13797 -0.17306
vn 0.78763 -0.59072 -0.17521
vn 0.88717 -0.42684 -0.17529
vn 0.88706 -0.42686 -0.17584
vn 0.95308 -0.24668 -0.17546
vn 0.95383 -0.24579 -0.17261
vn 0.9536 -0.24539 -0.17444
vn 0.98308 -0.05502 -0.17469
vn 0.98309 -0.05502 -0.17464
vn 0.98336 -0.05606 -0.17282
vn 0.78686 -0.59225 -0.17345
vn 0.78666 -0.59166 -0.17636
vn 0.65622 -0.7337 -0.17626
vn 0.65619 -0.73388 -0.17557
vn 0.656 -0.73392 -0.17616
vn 0.50013 -0.84788 -0.17596
vn 0.50035 -0.84799 -0.17482
vn 0.32928 -0.92789 -0.17489
vn 0.32549 -0.92946 -0.17369
vn 0.32539 -0.92938 -0.17427
vn 0.1379 -0.97494 -0.17458
vn 0.13777 -0.97506 -0.17398
vn 0.13801 -0.97519 -0.17306
vn -0.05507 -0.98341 -0.17284
vn -0.05504 -0.98337 -0.17306
vn -0.05853 -0.98287 -0.17477
vn -0.24571 -0.95351 -0.17446
vn -0.24578 -0.95333 -0.17538
vn -0.42671 -0.88714 -0.17579
vn -0.4269 -0.88716 -0.17523
vn -0.42691 -0.88713 -0.17534
vn -0.59184 -0.78678 -0.17522
vn -0.59172 -0.78674 -0.17577
vn -0.59205 -0.78637 -0.17637
vn -0.73379 -0.65611 -0.17626
vn -0.7338 -0.65613 -0.17618
vn -0.98458 -0.0202 -0.17375
vn -0.97519 -0.13797 -0.17312
vn -0.97496 -0.13776 -0.17455
vn -0.92944 -0.32524 -0.17424
vn -0.92944 -0.32548 -0.1738
vn -0.92922 -0.32558 -0.1748
vn -0.84806 -0.50023 -0.17479
vn -0.8476 -0.50026 -0.17697
vn -0.84794 -0.50002 -0.17598
vn -0.40333 -0.36067 -0.84098
vn -0.32518 -0.43238 -0.84101
vn -0.32484 -0.4317 -0.84149
vn -0.23444 -0.48672 -0.84151
vn -0.23466 -0.48749 -0.841
vn -0.135 -0.52394 -0.84099
vn -0.13507 -0.52474 -0.84048
vn -0.03018 -0.54096 -0.84051
vn -0.03031 -0.53985 -0.84121
vn 0.07553 -0.53523 -0.84132
vn 0.07594 -0.53651 -0.84047
vn 0.17915 -0.51142 -0.84045
vn 0.17893 -0.51101 -0.84074
vn 0.27521 -0.46626 -0.84075
vn 0.27461 -0.46555 -0.84134
vn 0.36028 -0.40302 -0.8413
vn 0.36067 -0.40333 -0.84098
vn 0.43238 -0.32519 -0.84101
vn 0.43172 -0.32485 -0.84148
vn 0.48673 -0.23445 -0.8415
vn 0.48751 -0.23467 -0.84099
vn 0.52396 -0.135 -0.84098
vn 0.52475 -0.13507 -0.84047
vn 0.54097 -0.03019 -0.8405
vn 0.53987 -0.03031 -0.8412
vn 0.53525 0.07554 -0.84131
vn 0.53651 0.07594 -0.84047
vn 0.51143 0.17915 -0.84045
vn 0.51101 0.17892 -0.84075
vn 0.46626 0.2752 -0.84075
vn 0.46557 0.27463 -0.84132
vn 0.40303 0.3603 -0.84128
vn 0.40331 0.36065 -0.841
vn 0.32517 0.43236 -0.84103
vn 0.32483 0.43171 -0.84149
vn 0.23444 0.48672 -0.84151
vn 0.23466 0.48749 -0.841
vn 0.135 0.52394 -0.84099
vn 0.13507 0.52474 -0.84048
vn 0.03018 0.54096 -0.84051
vn 0.03031 0.53985 -0.84121
vn -0.07553 0.53523 -0.84132
vn -0.07594 0.53651 -0.84047
vn -0.17915 0.51142 -0.84045
vn -0.17893 0.51101 -0.84074
vn -0.27521 0.46626 -0.84075
vn -0.27461 0.46555 -0.84134
vn -0.36028 0.40302 -0.8413
vn -0.36067 0.40333 -0.84098
vn -0.43238 0.32518 -0.84101
vn -0.4317 0.32483 -0.8415
vn -0.48672 0.23444 -0.84152
vn -0.48747 0.23466 -0.84102
vn -0.52392 0.135 -0.841
vn -0.52473 0.13507 -0.84049
vn -0.54095 0.03018 -0.84051
vn -0.53987 0.0303 -0.8412
vn -0.53525 -0.07554 -0.84131
vn -0.53651 -0.07594 -0.84047
vn -0.51142 -0.17915 -0.84044
vn -0.51101 -0.17892 -0.84075
vn -0.46626 -0.2752 -0.84075
vn -0.46556 -0.27461 -0.84134
vn -0.40302 -0.36029 -0.84129
vn -0.62907 -0.56237 -0.53666
vn -0.50717 -0.67433 -0.53671
vn -0.5072 -0.67439 -0.53661
vn -0.3659 -0.7604 -0.53658
vn -0.36567 -0.75917 -0.53847
vn -0.21024 -0.81585 -0.53869
vn -0.21024 -0.81594 -0.53855
vn -0.04709 -0.84137 -0.53841
vn -0.04698 -0.84192 -0.53756
vn 0.11799 -0.83509 -0.53731
vn 0.11778 -0.8346 -0.53812
vn 0.27856 -0.79544 -0.53821
vn 0.27873 -0.79569 -0.53775
vn 0.4284 -0.72628 -0.53758
vn 0.42906 -0.72693 -0.53617
vn 0.56264 -0.62926 -0.53616
vn 0.56237 -0.62908 -0.53665
vn 0.67434 -0.50718 -0.5367
vn 0.67436 -0.50719 -0.53665
vn 0.76036 -0.3659 -0.53663
vn 0.75916 -0.36567 -0.53848
vn 0.81585 -0.21024 -0.5387
vn 0.81594 -0.21024 -0.53855
vn 0.84137 -0.04709 -0.53841
vn 0.8419 -0.04698 -0.53759
vn 0.83507 0.11798 -0.53734
vn 0.8346 0.11779 -0.53811
vn 0.79545 0.27856 -0.5382
vn 0.79569 0.27873 -0.53776
vn 0.72627 0.4284 -0.53759
vn 0.72692 0.42906 -0.53619
vn 0.62925 0.56263 -0.53619
vn 0.62908 0.56238 -0.53664
vn 0.50718 0.67434 -0.53669
vn 0.5072 0.67439 -0.53661
vn 0.3659 0.7604 -0.53658
vn 0.36567 0.75917 -0.53847
vn 0.21024 0.81585 -0.53869
vn 0.21024 0.81594 -0.53855
vn 0.04709 0.84137 -0.53841
vn 0.04698 0.84192 -0.53756
vn -0.11799 0.83509 -0.53731
vn -0.11778 0.8346 -0.53813
vn -0.27856 0.79544 -0.53822
vn -0.27873 0.79569 -0.53775
vn -0.4284 0.72628 -0.53758
vn -0.42906 0.72693 -0.53617
vn -0.56264 0.62926 -0.53616
vn -0.56236 0.62907 -0.53667
vn -0.67432 0.50717 -0.53672
vn -0.67439 0.5072 -0.5366
vn -0.7604 0.36591 -0.53657
vn -0.75918 0.36568 -0.53845
vn -0.81586 0.21024 -0.53867
vn -0.81594 0.21024 -0.53855
vn -0.84137 0.04709 -0.53841
vn -0.84192 0.04698 -0.53756
vn -0.83509 -0.118 -0.53731
vn -0.83459 -0.11778 -0.53814
vn -0.79543 -0.27856 -0.53823
vn -0.79569 -0.27873 -0.53776
vn -0.72627 -0.42839 -0.53759
vn -0.72692 -0.42905 -0.53619
vn -0.62925 -0.56263 -0.53619
vn -0.96845 0.24922 0.00083
vn -0.98981 0.14241 -0.00199
vn -0.96811 0.25053 0.00083
vn -0.90112 0.43356 -0.00166
vn -0.9097 0.41527 -0.00062
vn -0.66666 0.74536 0.00092
vn -0.75567 0.65495 -0.00192
vn -0.79898 0.60137 0.00041
vn -0.8 0.6 0.00041
vn -0.66642 0.74558 0.00092
vn -0.50818 0.86125 -0.00227
vn -0.54057 0.8413 -0.00019
vn -0.33444 0.94242 0.00011
vn -0.33044 0.94382 0.00011
vn -0.2818 0.95947 -0.00179
vn -0.14005 0.99014 0.00094
vn -0.14012 0.99013 0.00094
vn 0 1 -0.00184
vn 0.05591 0.99844 0.0002
vn 0.2818 0.95947 0.00019
vn 0.05944 0.99816 -0.01237
vn 0.24965 0.96833 -0.0021
vn 0.60115 0.79914 0.00048
vn 0.54057 0.8413 -0.00195
vn 0.43363 0.90109 0.0009
vn 0.43346 0.90117 0.0009
vn 0.60148 0.79889 0.00048
vn 0.74546 0.66655 -0.00064
vn 0.75567 0.65495 -0.00133
vn 0.94374 0.33067 0.00068
vn 0.9097 0.41526 -0.002
vn 0.86119 0.50828 0.00081
vn 0.86139 0.50795 0.00081
vn 0.94388 0.3303 0.00068
vn 0.99014 0.14008 -0.00113
vn 0.98981 0.1424 -0.00102
vn 0.96845 -0.24921 0.00083
vn 0.98981 -0.1424 -0.00199
vn 0.99844 -0.05588 0.00064
vn 0.99838 -0.05692 0.00064
vn 0.9681 -0.25056 0.00083
vn 0.90112 -0.43356 -0.00166
vn 0.9097 -0.41527 -0.00062
vn 0.66666 -0.74536 0.00092
vn 0.75567 -0.65495 -0.00192
vn 0.79898 -0.60137 0.00041
vn 0.8 -0.6 0.00041
vn 0.66642 -0.74558 0.00092
vn 0.50818 -0.86125 -0.00227
vn 0.54057 -0.8413 -0.00019
vn 0.33444 -0.94242 0.00011
vn 0.33045 -0.94382 0.00011
vn 0.2818 -0.95947 -0.00179
vn 0.14005 -0.99014 0.00094
vn 0.14012 -0.99013 0.00094
vn 0 -1 -0.00184
vn -0.05591 -0.99844 0.0002
vn -0.2818 -0.95947 0.00019
vn -0.05944 -0.99816 -0.01237
vn -0.24965 -0.96833 -0.0021
vn -0.60115 -0.79914 0.00048
vn -0.54057 -0.8413 -0.00195
vn -0.43363 -0.90109 0.0009
vn -0.43346 -0.90117 0.0009
vn -0.60148 -0.79889 0.00048
vn -0.74546 -0.66655 -0.00064
vn -0.75567 -0.65495 -0.00133
vn -0.94375 -0.33067 0.00068
vn -0.9097 -0.41526 -0.002
vn -0.86119 -0.50828 0.00081
vn -0.86139 -0.50795 0.00081
vn -0.94388 -0.3303 0.00068
vn -0.99014 -0.14008 -0.00113
vn -0.98981 -0.14241 -0.00102
vn -0.99979 -0.02051 0
vn -0.99702 0.07709 0
f 1//1 2//1 3//1
f 4//2 2//2 1//2
f 1//3 5//3 6//3
f 7//4 5//4 1//4
f 8//5 7//5 1//5
f 1//6 9//6 10//6
f 11//7 9//7 1//7
f 12//8 11//8 1//8
f 13//9 14//9 1//9
f 1//10 15//10 16//10
f 17//11 15//11 1//11
f 14//12 17//12 1//12
f 1//13 18//13 19//13
f 20//14 18//14 1//14
f 21//15 20//15 1//15
f 1//16 22//16 23//16
f 24//17 22//17 1//17
f 25//18 24//18 1//18
f 26//19 27//19 1//19
f 27//20 4//20 1//20
f 23//21 26//21 1//21
f 19//22 25//22 1//22
f 16//23 21//23 1//23
f 10//24 13//24 1//24
f 6//25 12//25 1//25
f 3//26 8//26 1//26
f 28//27 25//27 19//27
f 19//27 18//27 28//27
f 28//27 18//27 20//27
f 28//27 20//27 21//27
f 13//27 29//27 14//27
f 14//27 29//27 17//27
f 21//27 16//27 29//27
f 29//27 16//27 15//27
f 29//27 15//27 17//27
f 30//27 13//27 10//27
f 10//27 9//27 30//27
f 30//27 9//27 11//27
f 30//27 11//27 12//27
f 31//27 12//27 6//27
f 6//27 5//27 31//27
f 31//27 5//27 7//27
f 31//27 7//27 8//27
f 32//27 26//27 23//27
f 23//27 22//27 32//27
f 32//27 22//27 24//27
f 32//27 24//27 25//27
f 26//27 33//27 27//27
f 27//27 33//27 4//27
f 8//27 3//27 33//27
f 33//27 3//27 2//27
f 33//27 2//27 4//27
f 34//28 32//28 35//28
f 35//29 32//29 25//29
f 35//30 25//30 28//30
f 29//31 36//31 21//31
f 21//32 36//32 35//32
f 21//33 35//33 28//33
f 36//34 29//34 37//34
f 37//35 29//35 13//35
f 37//36 13//36 30//36
f 31//37 38//37 12//37
f 12//38 38//38 37//38
f 12//39 37//39 30//39
f 33//40 39//40 8//40
f 8//41 39//41 38//41
f 8//42 38//42 31//42
f 39//43 33//43 34//43
f 34//44 33//44 26//44
f 34//45 26//45 32//45
f 34//27 40//27 41//27
f 42//27 43//27 35//27
f 44//27 45//27 39//27
f 46//27 47//27 38//27
f 42//27 35//27 48//27
f 39//27 45//27 38//27
f 38//27 45//27 49//27
f 38//27 49//27 46//27
f 41//27 50//27 34//27
f 34//27 50//27 51//27
f 34//27 51//27 39//27
f 39//27 51//27 52//27
f 39//27 52//27 53//27
f 43//27 54//27 35//27
f 35//27 54//27 55//27
f 35//27 55//27 34//27
f 34//27 55//27 56//27
f 34//27 56//27 57//27
f 58//27 59//27 36//27
f 36//27 59//27 60//27
f 36//27 60//27 35//27
f 35//27 60//27 61//27
f 35//27 61//27 48//27
f 53//27 62//27 39//27
f 39//27 62//27 63//27
f 39//27 63//27 44//27
f 57//27 64//27 34//27
f 34//27 64//27 65//27
f 34//27 65//27 40//27
f 66//27 67//27 36//27
f 36//27 67//27 68//27
f 36//27 68//27 58//27
f 47//27 69//27 38//27
f 38//27 69//27 70//27
f 38//27 70//27 71//27
f 72//27 73//27 37//27
f 37//27 73//27 74//27
f 37//27 74//27 75//27
f 71//27 76//27 38//27
f 38//27 76//27 77//27
f 38//27 77//27 37//27
f 37//27 77//27 78//27
f 37//27 78//27 72//27
f 75//27 79//27 37//27
f 37//27 79//27 80//27
f 37//27 80//27 36//27
f 36//27 80//27 81//27
f 36//27 81//27 66//27
f 82//46 59//46 83//46
f 83//47 59//47 58//47
f 83//48 58//48 84//48
f 84//49 58//49 68//49
f 84//50 68//50 85//50
f 85//51 68//51 67//51
f 85//52 67//52 86//52
f 86//53 67//53 66//53
f 86//54 66//54 87//54
f 87//55 66//55 81//55
f 87//56 81//56 88//56
f 88//57 81//57 80//57
f 88//58 80//58 89//58
f 89//59 80//59 79//59
f 89//60 79//60 90//60
f 90//61 79//61 75//61
f 90//62 75//62 91//62
f 91//63 75//63 74//63
f 91//64 74//64 92//64
f 92//65 74//65 73//65
f 92//66 73//66 93//66
f 93//67 73//67 72//67
f 93//68 72//68 94//68
f 94//69 72//69 78//69
f 94//70 78//70 95//70
f 95//71 78//71 77//71
f 95//72 77//72 96//72
f 96//73 77//73 76//73
f 96//74 76//74 97//74
f 97//75 76//75 71//75
f 97//76 71//76 98//76
f 98//77 71//77 70//77
f 98//78 70//78 99//78
f 99//79 70//79 69//79
f 99//80 69//80 100//80
f 100//81 69//81 47//81
f 100//82 47//82 101//82
f 101//83 47//83 46//83
f 101//84 46//84 102//84
f 102//85 46//85 49//85
f 102//86 49//86 103//86
f 103//87 49//87 45//87
f 103//88 45//88 104//88
f 104//89 45//89 44//89
f 104//90 44//90 105//90
f 105//91 44//91 63//91
f 105//92 63//92 106//92
f 106//93 63//93 62//93
f 106//94 62//94 107//94
f 107//95 62//95 53//95
f 107//96 53//96 108//96
f 108//97 53//97 52//97
f 108//98 52//98 109//98
f 109//99 52//99 51//99
f 109//100 51//100 110//100
f 110//101 51//101 50//101
f 110//102 50//102 111//102
f 111//103 50//103 41//103
f 111//104 41//104 112//104
f 112//105 41//105 40//105
f 112//106 40//106 113//106
f 113//107 40//107 65//107
f 113//108 65//108 114//108
f 114//109 65//109 64//109
f 114//110 64//110 115//110
f 115//111 64//111 57//111
f 115//112 57//112 116//112
f 116//113 57//113 56//113
f 116//114 56//114 117//114
f 117//115 56//115 55//115
f 117//116 55//116 118//116
f 118//117 55//117 54//117
f 118//118 54//118 119//118
f 119//119 54//119 43//119
f 119//120 43//120 120//120
f 120//121 43//121 42//121
f 120//122 42//122 121//122
f 121//123 42//123 48//123
f 121//124 48//124 122//124
f 122//125 48//125 61//125
f 122//126 61//126 123//126
f 123//127 61//127 60//127
f 123//128 60//128 82//128
f 82//129 60//129 59//129
f 124//130 125//130 126//130
f 126//131 125//131 127//131
f 126//132 127//132 128//132
f 128//133 127//133 129//133
f 128//134 129//134 130//134
f 130//135 129//135 131//135
f 131//136 129//136 132//136
f 131//137 132//137 133//137
f 133//138 132//138 134//138
f 133//139 134//139 135//139
f 136//140 137//140 138//140
f 138//141 137//141 139//141
f 138//142 139//142 140//142
f 140//143 139//143 141//143
f 140//144 141//144 142//144
f 142//145 141//145 143//145
f 142//146 143//146 134//146
f 134//147 143//147 144//147
f 134//148 144//148 135//148
f 136//149 138//149 145//149
f 145//150 138//150 146//150
f 145//151 146//151 147//151
f 147//152 146//152 148//152
f 147//153 148//153 149//153
f 149//154 148//154 150//154
f 150//155 148//155 151//155
f 150//156 151//156 152//156
f 152//157 151//157 153//157
f 152//158 153//158 154//158
f 155//159 156//159 157//159
f 157//160 156//160 158//160
f 157//161 158//161 159//161
f 159//162 158//162 160//162
f 159//163 160//163 161//163
f 161//164 160//164 162//164
f 161//165 162//165 153//165
f 153//166 162//166 163//166
f 153//167 163//167 154//167
f 155//168 157//168 164//168
f 164//169 157//169 165//169
f 164//170 165//170 166//170
f 166//171 165//171 167//171
f 166//172 167//172 168//172
f 168//173 167//173 169//173
f 169//174 167//174 170//174
f 169//175 170//175 171//175
f 171//176 170//176 172//176
f 171//177 172//177 173//177
f 174//178 175//178 176//178
f 176//179 175//179 177//179
f 176//180 177//180 178//180
f 178//181 177//181 179//181
f 178//182 179//182 180//182
f 180//183 179//183 181//183
f 180//184 181//184 172//184
f 172//185 181//185 182//185
f 172//186 182//186 173//186
f 174//187 176//187 183//187
f 183//188 176//188 184//188
f 183//189 184//189 185//189
f 185//190 184//190 186//190
f 185//191 186//191 187//191
f 187//192 186//192 188//192
f 188//193 186//193 189//193
f 188//194 189//194 190//194
f 190//195 189//195 191//195
f 190//196 191//196 192//196
f 193//197 194//197 195//197
f 195//198 194//198 196//198
f 195//199 196//199 197//199
f 197//200 196//200 198//200
f 197//201 198//201 199//201
f 199//202 198//202 200//202
f 199//203 200//203 191//203
f 191//204 200//204 201//204
f 191//205 201//205 192//205
f 193//206 195//206 202//206
f 202//207 195//207 203//207
f 202//208 203//208 204//208
f 204//209 203//209 205//209
f 204//210 205//210 206//210
f 206//211 205//211 207//211
f 207//212 205//212 208//212
f 207//213 208//213 209//213
f 209//214 208//214 210//214
f 209//215 210//215 211//215
f 212//216 213//216 214//216
f 214//217 213//217 215//217
f 214//218 215//218 216//218
f 216//219 215//219 217//219
f 216//220 217//220 218//220
f 218//221 217//221 219//221
f 218//222 219//222 210//222
f 210//223 219//223 220//223
f 210//224 220//224 211//224
f 212//225 214//225 221//225
f 221//226 214//226 222//226
f 221//227 222//227 223//227
f 223//228 222//228 224//228
f 223//229 224//229 225//229
f 225//230 224//230 226//230
f 226//231 224//231 227//231
f 226//232 227//232 228//232
f 228//233 227//233 229//233
f 228//234 229//234 230//234
f 124//235 231//235 125//235
f 125//236 231//236 232//236
f 125//237 232//237 233//237
f 233//238 232//238 234//238
f 233//239 234//239 235//239
f 235//240 234//240 236//240
f 235//241 236//241 229//241
f 229//242 236//242 237//242
f 229//243 237//243 230//243
f 165//244 238//244 167//244
f 167//245 238//245 239//245
f 167//246 239//246 170//246
f 170//247 239//247 240//247
f 170//248 240//248 172//248
f 172//249 240//249 241//249
f 172//250 241//250 180//250
f 180//251 241//251 242//251
f 180//252 242//252 178//252
f 178//253 242//253 243//253
f 178//254 243//254 176//254
f 176//255 243//255 244//255
f 176//256 244//256 184//256
f 184//257 244//257 245//257
f 184//258 245//258 186//258
f 186//259 245//259 246//259
f 186//260 246//260 189//260
f 189//261 246//261 247//261
f 189//262 247//262 191//262
f 191//263 247//263 248//263
f 191//264 248//264 199//264
f 199//265 248//265 249//265
f 199//266 249//266 197//266
f 197//267 249//267 250//267
f 197//268 250//268 195//268
f 195//269 250//269 251//269
f 195//270 251//270 203//270
f 203//271 251//271 252//271
f 203//272 252//272 205//272
f 205//273 252//273 253//273
f 205//274 253//274 208//274
f 208//275 253//275 254//275
f 208//276 254//276 210//276
f 210//277 254//277 255//277
f 210//278 255//278 218//278
f 218//279 255//279 256//279
f 218//280 256//280 216//280
f 216//281 256//281 257//281
f 216//282 257//282 214//282
f 214//283 257//283 258//283
f 214//284 258//284 222//284
f 222//285 258//285 259//285
f 222//286 259//286 224//286
f 224//287 259//287 260//287
f 224//288 260//288 227//288
f 227//289 260//289 261//289
f 227//290 261//290 229//290
f 229//291 261//291 262//291
f 229//292 262//292 235//292
f 235//293 262//293 263//293
f 235//294 263//294 233//294
f 233//295 263//295 264//295
f 233//296 264//296 125//296
f 125//297 264//297 265//297
f 125//298 265//298 127//298
f 127//299 265//299 266//299
f 127//300 266//300 129//300
f 129//301 266//301 267//301
f 129//302 267//302 132//302
f 132//303 267//303 268//303
f 132//304 268//304 134//304
f 134//305 268//305 269//305
f 134//306 269//306 142//306
f 142//307 269//307 270//307
f 142//308 270//308 140//308
f 140//309 270//309 271//309
f 140//310 271//310 138//310
f 138//311 271//311 272//311
f 138//312 272//312 146//312
f 146//313 272//313 273//313
f 146//314 273//314 148//314
f 148//315 273//315 274//315
f 148//316 274//316 151//316
f 151//317 274//317 275//317
f 151//318 275//318 153//318
f 153//319 275//319 276//319
f 153//320 276//320 161//320
f 161//321 276//321 277//321
f 161//322 277//322 159//322
f 159//323 277//323 278//323
f 159//324 278//324 157//324
f 157//325 278//325 279//325
f 157//326 279//326 165//326
f 165//327 279//327 238//327
f 238//328 82//328 239//328
f 239//329 82//329 83//329
f 239//330 83//330 240//330
f 240//331 83//331 84//331
f 240//332 84//332 241//332
f 241//333 84//333 85//333
f 241//334 85//334 242//334
f 242//335 85//335 86//335
f 242//336 86//336 243//336
f 243//337 86//337 87//337
f 243//338 87//338 244//338
f 244//339 87//339 88//339
f 244//340 88//340 245//340
f 245//341 88//341 89//341
f 245//342 89//342 246//342
f 246//343 89//343 90//343
f 246//344 90//344 247//344
f 247//345 90//345 91//345
f 247//346 91//346 248//346
f 248//347 91//347 92//347
f 248//348 92//348 249//348
f 249//349 92//349 93//349
f 249//350 93//350 250//350
f 250//351 93//351 94//351
f 250//352 94//352 251//352
f 251//353 94//353 95//353
f 251//354 95//354 252//354
f 252//355 95//355 96//355
f 252//356 96//356 253//356
f 253//357 96//357 97//357
f 253//358 97//358 254//358
f 254//359 97//359 98//359
f 254//360 98//360 255//360
f 255//361 98//361 99//361
f 255//362 99//362 256//362
f 256//363 99//363 100//363
f 256//364 100//364 257//364
f 257//365 100//365 101//365
f 257//366 101//366 258//366
f 258//367 101//367 102//367
f 258//368 102//368 259//368
f 259//369 102//369 103//369
f 259//370 103//370 260//370
f 260//371 103//371 104//371
f 260//372 104//372 261//372
f 261//373 104//373 105//373
f 261//374 105//374 262//374
f 262//375 105//375 106//375
f 262//376 106//376 263//376
f 263//377 106//377 107//377
f 263//378 107//378 264//378
f 264//379 107//379 108//379
f 264//380 108//380 265//380
f 265//381 108//381 109//381
f 265//382 109//382 266//382
f 266//383 109//383 110//383
f 266//384 110//384 267//384
f 267//385 110//385 111//385
f 267//386 111//386 268//386
f 268//387 111//387 112//387
f 268//388 112//388 269//388
f 269//389 112//389 113//389
f 269//390 113//390 270//390
f 270//391 113//391 114//391
f 270//392 114//392 271//392
f 271//393 114//393 115//393
f 271//394 115//394 272//394
f 272//395 115//395 116//395
f 272//396 116//396 273//396
f 273//397 116//397 117//397
f 273//398 117//398 274//398
f 274//399 117//399 118//399
f 274//400 118//400 275//400
f 275//401 118//401 119//401
f 275//402 119//402 276//402
f 276//403 119//403 120//403
f 276//404 120//404 277//404
f 277//405 120//405 121//405
f 277//406 121//406 278//406
f 278//407 121//407 122//407
f 278//408 122//408 279//408
f 279//409 122//409 123//409
f 279//410 123//410 238//410
f 238//411 123//411 82//411
f 232//412 231//412 280//412
f 280//413 231//413 281//413
f 231//414 124//414 281//414
f 281//415 124//415 126//415
f 281//416 126//416 282//416
f 131//417 283//417 130//417
f 130//418 283//418 282//418
f 130//419 282//419 128//419
f 128//420 282//420 126//420
f 131//421 133//421 283//421
f 283//422 133//422 135//422
f 283//423 135//423 284//423
f 141//424 285//424 143//424
f 143//425 285//425 284//425
f 143//426 284//426 144//426
f 144//427 284//427 135//427
f 141//428 139//428 285//428
f 285//429 139//429 137//429
f 285//430 137//430 286//430
f 137//431 136//431 286//431
f 286//432 136//432 145//432
f 286//433 145//433 287//433
f 150//434 288//434 149//434
f 149//435 288//435 287//435
f 149//436 287//436 147//436
f 147//437 287//437 145//437
f 150//438 152//438 288//438
f 288//439 152//439 154//439
f 288//440 154//440 289//440
f 160//441 290//441 162//441
f 162//442 290//442 289//442
f 162//443 289//443 163//443
f 163//444 289//444 154//444
f 160//445 158//445 290//445
f 290//446 158//446 156//446
f 290//447 156//447 291//447
f 156//448 155//448 291//448
f 291//449 155//449 164//449
f 291//450 164//450 292//450
f 169//451 293//451 168//451
f 168//452 293//452 292//452
f 168//453 292//453 166//453
f 166//454 292//454 164//454
f 169//455 171//455 293//455
f 293//456 171//456 173//456
f 293//457 173//457 294//457
f 179//458 295//458 181//458
f 181//459 295//459 294//459
f 181//460 294//460 182//460
f 182//461 294//461 173//461
f 179//462 177//462 295//462
f 295//463 177//463 175//463
f 295//464 175//464 296//464
f 175//465 174//465 296//465
f 296//466 174//466 183//466
f 296//467 183//467 297//467
f 188//468 298//468 187//468
f 187//469 298//469 297//469
f 187//470 297//470 185//470
f 185//471 297//471 183//471
f 188//472 190//472 298//472
f 298//473 190//473 192//473
f 298//474 192//474 299//474
f 198//475 300//475 200//475
f 200//476 300//476 299//476
f 200//477 299//477 201//477
f 201//478 299//478 192//478
f 198//479 196//479 300//479
f 300//480 196//480 194//480
f 300//481 194//481 301//481
f 194//482 193//482 301//482
f 301//483 193//483 202//483
f 301//484 202//484 302//484
f 207//485 303//485 206//485
f 206//486 303//486 302//486
f 206//487 302//487 204//487
f 204//488 302//488 202//488
f 207//489 209//489 303//489
f 303//490 209//490 211//490
f 303//491 211//491 304//491
f 217//492 305//492 219//492
f 219//493 305//493 304//493
f 219//494 304//494 220//494
f 220//495 304//495 211//495
f 217//496 215//496 305//496
f 305//497 215//497 213//497
f 305//498 213//498 306//498
f 213//499 212//499 306//499
f 306//500 212//500 221//500
f 306//501 221//501 307//501
f 226//502 308//502 225//502
f 225//503 308//503 307//503
f 225//504 307//504 223//504
f 223//505 307//505 221//505
f 226//506 228//506 308//506
f 308//507 228//507 230//507
f 308//508 230//508 309//508
f 230//509 237//509 309//509
f 309//510 237//510 236//510
f 309//511 236//511 280//511
f 280//512 236//512 234//512
f 280//513 234//513 232//513
f 310//514 311//514 312//514
f 313//514 314//514 312//514
f 312//514 314//514 315//514
f 312//514 315//514 310//514
f 316//514 317//514 312//514
f 312//514 317//514 318//514
f 312//514 318//514 313//514
f 319//514 320//514 312//514
f 312//514 320//514 321//514
f 312//514 321//514 316//514
f 322//514 323//514 312//514
f 312//514 323//514 324//514
f 312//514 324//514 319//514
f 325//514 326//514 312//514
f 312//514 326//514 327//514
f 312//514 327//514 322//514
f 328//514 329//514 312//514
f 312//514 329//514 330//514
f 312//514 330//514 325//514
f 311//514 331//514 312//514
f 312//514 331//514 332//514
f 312//514 332//514 328//514
f 333//514 334//514 280//514
f 280//514 334//514 309//514
f 335//514 305//514 336//514
f 336//514 305//514 306//514
f 335//514 337//514 305//514
f 305//514 337//514 338//514
f 305//514 338//514 304//514
f 339//514 295//514 340//514
f 340//514 295//514 296//514
f 340//514 296//514 341//514
f 339//514 342//514 295//514
f 295//514 342//514 343//514
f 295//514 343//514 294//514
f 344//514 290//514 345//514
f 345//514 290//514 291//514
f 344//514 346//514 290//514
f 290//514 346//514 347//514
f 290//514 347//514 289//514
f 338//514 348//514 304//514
f 304//514 348//514 349//514
f 304//514 349//514 303//514
f 349//514 350//514 303//514
f 303//514 350//514 351//514
f 303//514 351//514 302//514
f 302//514 351//514 352//514
f 302//514 352//514 353//514
f 354//514 355//514 300//514
f 300//514 355//514 356//514
f 300//514 356//514 299//514
f 299//514 356//514 357//514
f 299//514 357//514 298//514
f 298//514 357//514 358//514
f 298//514 358//514 359//514
f 341//514 296//514 360//514
f 360//514 296//514 297//514
f 360//514 297//514 361//514
f 347//514 362//514 289//514
f 289//514 362//514 363//514
f 289//514 363//514 288//514
f 363//514 364//514 288//514
f 288//514 364//514 365//514
f 288//514 365//514 287//514
f 287//514 365//514 366//514
f 287//514 366//514 367//514
f 368//514 369//514 285//514
f 285//514 369//514 370//514
f 285//514 370//514 284//514
f 284//514 370//514 371//514
f 284//514 371//514 283//514
f 283//514 371//514 372//514
f 283//514 372//514 373//514
f 374//514 375//514 282//514
f 282//514 375//514 281//514
f 375//514 376//514 281//514
f 281//514 376//514 377//514
f 281//514 377//514 280//514
f 280//514 377//514 378//514
f 280//514 378//514 333//514
f 379//514 380//514 308//514
f 308//514 380//514 307//514
f 353//514 381//514 302//514
f 302//514 381//514 382//514
f 302//514 382//514 301//514
f 301//514 382//514 383//514
f 301//514 383//514 300//514
f 300//514 383//514 384//514
f 300//514 384//514 354//514
f 359//514 385//514 298//514
f 298//514 385//514 386//514
f 298//514 386//514 297//514
f 297//514 386//514 387//514
f 297//514 387//514 361//514
f 388//514 389//514 293//514
f 293//514 389//514 292//514
f 367//514 390//514 287//514
f 287//514 390//514 391//514
f 287//514 391//514 286//514
f 286//514 391//514 392//514
f 286//514 392//514 285//514
f 285//514 392//514 393//514
f 285//514 393//514 368//514
f 373//514 394//514 283//514
f 283//514 394//514 395//514
f 283//514 395//514 282//514
f 282//514 395//514 396//514
f 282//514 396//514 374//514
f 334//514 397//514 309//514
f 309//514 397//514 398//514
f 309//514 398//514 308//514
f 308//514 398//514 399//514
f 308//514 399//514 379//514
f 380//514 400//514 307//514
f 307//514 400//514 401//514
f 307//514 401//514 306//514
f 306//514 401//514 402//514
f 306//514 402//514 336//514
f 343//514 403//514 294//514
f 294//514 403//514 404//514
f 294//514 404//514 293//514
f 293//514 404//514 405//514
f 293//514 405//514 388//514
f 389//514 406//514 292//514
f 292//514 406//514 407//514
f 292//514 407//514 291//514
f 291//514 407//514 408//514
f 291//514 408//514 345//514
f 409//515 315//515 410//515
f 410//516 315//516 314//516
f 410//517 314//517 411//517
f 411//518 314//518 313//518
f 411//519 313//519 412//519
f 412//520 313//520 318//520
f 412//521 318//521 413//521
f 413//522 318//522 317//522
f 413//523 317//523 414//523
f 414//524 317//524 316//524
f 414//524 316//524 415//524
f 415//525 316//525 321//525
f 415//526 321//526 416//526
f 416//527 321//527 320//527
f 416//528 320//528 417//528
f 417//529 320//529 319//529
f 417//530 319//530 418//530
f 418//531 319//531 324//531
f 418//532 324//532 419//532
f 419//533 324//533 323//533
f 419//534 323//534 420//534
f 420//535 323//535 322//535
f 420//536 322//536 421//536
f 421//537 322//537 327//537
f 421//538 327//538 422//538
f 422//539 327//539 326//539
f 422//540 326//540 423//540
f 423//541 326//541 325//541
f 423//542 325//542 424//542
f 424//543 325//543 330//543
f 424//544 330//544 425//544
f 425//545 330//545 329//545
f 425//545 329//545 426//545
f 426//546 329//546 328//546
f 426//547 328//547 427//547
f 427//548 328//548 332//548
f 427//549 332//549 428//549
f 428//550 332//550 331//550
f 428//551 331//551 429//551
f 429//552 331//552 311//552
f 429//553 311//553 430//553
f 430//554 311//554 310//554
f 430//555 310//555 409//555
f 409//556 310//556 315//556
f 339//557 340//557 431//557
f 387//558 386//558 432//558
f 357//559 356//559 433//559
f 383//560 382//560 434//560
f 396//561 395//561 435//561
f 371//562 370//562 436//562
f 392//563 391//563 437//563
f 438//564 345//564 408//564
f 438//565 408//565 439//565
f 440//566 346//566 438//566
f 438//567 346//567 344//567
f 438//568 344//568 345//568
f 364//569 363//569 441//569
f 441//570 363//570 362//570
f 441//571 362//571 440//571
f 440//572 362//572 347//572
f 440//573 347//573 346//573
f 364//574 441//574 365//574
f 365//575 441//575 442//575
f 365//576 442//576 366//576
f 366//577 442//577 443//577
f 366//578 443//578 367//578
f 437//579 391//579 443//579
f 443//580 391//580 390//580
f 443//581 390//581 367//581
f 392//582 437//582 393//582
f 393//583 437//583 444//583
f 393//584 444//584 368//584
f 436//585 370//585 444//585
f 444//586 370//586 369//586
f 444//587 369//587 368//587
f 371//588 436//588 372//588
f 372//589 436//589 445//589
f 372//590 445//590 373//590
f 435//591 395//591 445//591
f 445//592 395//592 394//592
f 445//593 394//593 373//593
f 396//594 435//594 374//594
f 374//595 435//595 446//595
f 374//596 446//596 375//596
f 447//597 377//597 446//597
f 446//598 377//598 376//598
f 446//599 376//599 375//599
f 448//600 333//600 447//600
f 447//601 333//601 378//601
f 447//602 378//602 377//602
f 399//603 398//603 449//603
f 449//604 398//604 397//604
f 449//605 397//605 448//605
f 448//606 397//606 334//606
f 448//607 334//607 333//607
f 399//608 449//608 379//608
f 379//609 449//609 450//609
f 379//610 450//610 380//610
f 380//611 450//611 400//611
f 400//612 450//612 451//612
f 400//613 451//613 401//613
f 401//614 451//614 402//614
f 402//615 451//615 452//615
f 402//616 452//616 336//616
f 453//617 337//617 452//617
f 452//618 337//618 335//618
f 452//619 335//619 336//619
f 350//620 349//620 454//620
f 454//621 349//621 348//621
f 454//622 348//622 453//622
f 453//623 348//623 338//623
f 453//624 338//624 337//624
f 350//625 454//625 351//625
f 351//626 454//626 455//626
f 351//627 455//627 352//627
f 352//628 455//628 456//628
f 352//629 456//629 353//629
f 434//630 382//630 456//630
f 456//631 382//631 381//631
f 456//632 381//632 353//632
f 383//633 434//633 384//633
f 384//634 434//634 457//634
f 384//635 457//635 354//635
f 433//636 356//636 457//636
f 457//637 356//637 355//637
f 457//638 355//638 354//638
f 357//639 433//639 358//639
f 358//640 433//640 458//640
f 358//641 458//641 359//641
f 432//642 386//642 458//642
f 458//643 386//643 385//643
f 458//644 385//644 359//644
f 387//645 432//645 361//645
f 361//646 432//646 459//646
f 361//647 459//647 360//647
f 431//648 340//648 459//648
f 459//649 340//649 341//649
f 459//650 341//650 360//650
f 339//651 431//651 342//651
f 342//652 431//652 460//652
f 342//653 460//653 343//653
f 343//654 460//654 403//654
f 403//655 460//655 461//655
f 403//656 461//656 404//656
f 462//657 388//657 461//657
f 461//658 388//658 405//658
f 461//659 405//659 404//659
f 408//660 407//660 439//660
f 439//661 407//661 406//661
f 439//662 406//662 462//662
f 462//663 406//663 389//663
f 462//664 389//664 388//664
f 463//665 464//665 465//665
f 466//666 467//666 465//666
f 465//667 467//667 468//667
f 465//668 468//668 463//668
f 469//669 470//669 471//669
f 471//670 470//670 472//670
f 471//671 472//671 466//671
f 466//672 472//672 473//672
f 466//673 473//673 467//673
f 474//674 475//674 469//674
f 469//675 475//675 476//675
f 469//676 476//676 470//676
f 477//677 478//677 479//677
f 479//678 478//678 480//678
f 479//679 480//679 481//679
f 481//680 480//680 482//680
f 481//681 482//681 474//681
f 474//682 482//682 483//682
f 474//683 483//683 475//683
f 477//684 479//684 484//684
f 484//685 479//685 485//685
f 484//686 485//686 486//686
f 486//687 485//687 487//687
f 486//688 487//688 488//688
f 488//689 487//689 489//689
f 488//690 489//690 490//690
f 491//691 492//691 493//691
f 493//692 492//692 494//692
f 493//693 494//693 495//693
f 495//694 494//694 496//694
f 495//695 496//695 497//695
f 497//696 496//696 498//696
f 497//697 498//697 489//697
f 489//698 498//698 499//698
f 489//699 499//699 490//699
f 491//700 493//700 500//700
f 500//701 493//701 501//701
f 500//702 501//702 502//702
f 502//703 501//703 503//703
f 502//704 503//704 504//704
f 504//705 503//705 505//705
f 504//706 505//706 506//706
f 506//707 505//707 507//707
f 507//708 505//708 508//708
f 507//709 508//709 509//709
f 509//710 508//710 510//710
f 510//711 508//711 511//711
f 510//712 511//712 512//712
f 512//713 511//713 513//713
f 513//714 511//714 514//714
f 513//715 514//715 515//715
f 515//716 514//716 516//716
f 515//717 516//717 517//717
f 517//718 516//718 518//718
f 518//719 516//719 519//719
f 518//720 519//720 520//720
f 520//721 519//721 521//721
f 521//722 519//722 522//722
f 521//723 522//723 523//723
f 523//724 522//724 524//724
f 523//725 524//725 525//725
f 526//726 527//726 528//726
f 528//727 527//727 529//727
f 528//728 529//728 530//728
f 530//729 529//729 531//729
f 530//730 531//730 532//730
f 532//731 531//731 533//731
f 532//732 533//732 524//732
f 524//733 533//733 534//733
f 524//734 534//734 525//734
f 526//735 528//735 535//735
f 535//736 528//736 536//736
f 535//737 536//737 537//737
f 537//738 536//738 538//738
f 537//739 538//739 539//739
f 539//740 538//740 540//740
f 539//741 540//741 541//741
f 463//742 542//742 464//742
f 464//743 542//743 543//743
f 464//744 543//744 544//744
f 544//745 543//745 545//745
f 544//746 545//746 546//746
f 546//747 545//747 547//747
f 546//748 547//748 540//748
f 540//749 547//749 548//749
f 540//750 548//750 541//750
f 450//751 549//751 451//751
f 451//752 549//752 550//752
f 451//753 550//753 452//753
f 452//754 550//754 551//754
f 452//755 551//755 453//755
f 453//756 551//756 552//756
f 453//757 552//757 454//757
f 454//758 552//758 553//758
f 454//759 553//759 455//759
f 455//760 553//760 554//760
f 455//761 554//761 456//761
f 456//762 554//762 555//762
f 456//763 555//763 434//763
f 434//764 555//764 556//764
f 434//765 556//765 457//765
f 457//766 556//766 557//766
f 457//767 557//767 433//767
f 433//768 557//768 558//768
f 433//769 558//769 458//769
f 458//770 558//770 559//770
f 458//771 559//771 432//771
f 432//772 559//772 560//772
f 432//773 560//773 459//773
f 459//774 560//774 561//774
f 459//775 561//775 431//775
f 431//776 561//776 562//776
f 431//777 562//777 460//777
f 460//778 562//778 563//778
f 460//779 563//779 461//779
f 461//780 563//780 564//780
f 461//781 564//781 462//781
f 462//782 564//782 565//782
f 462//783 565//783 439//783
f 439//784 565//784 566//784
f 439//785 566//785 438//785
f 438//786 566//786 567//786
f 438//787 567//787 440//787
f 440//788 567//788 568//788
f 440//789 568//789 441//789
f 441//790 568//790 569//790
f 441//791 569//791 442//791
f 442//792 569//792 570//792
f 442//793 570//793 443//793
f 443//794 570//794 571//794
f 443//795 571//795 437//795
f 437//796 571//796 572//796
f 437//797 572//797 444//797
f 444//798 572//798 573//798
f 444//799 573//799 436//799
f 436//800 573//800 574//800
f 436//801 574//801 445//801
f 445//802 574//802 575//802
f 445//803 575//803 435//803
f 435//804 575//804 576//804
f 435//805 576//805 446//805
f 446//806 576//806 577//806
f 446//807 577//807 447//807
f 447//808 577//808 578//808
f 447//809 578//809 448//809
f 448//810 578//810 579//810
f 448//811 579//811 449//811
f 449//812 579//812 580//812
f 449//813 580//813 450//813
f 450//814 580//814 549//814
f 580//815 536//815 549//815
f 549//816 536//816 528//816
f 549//817 528//817 550//817
f 550//818 528//818 530//818
f 550//819 530//819 551//819
f 551//820 530//820 532//820
f 551//821 532//821 552//821
f 552//822 532//822 524//822
f 552//823 524//823 553//823
f 553//824 524//824 522//824
f 553//825 522//825 554//825
f 554//826 522//826 519//826
f 554//827 519//827 555//827
f 555//828 519//828 516//828
f 555//829 516//829 556//829
f 556//830 516//830 514//830
f 556//831 514//831 557//831
f 557//832 514//832 511//832
f 557//833 511//833 558//833
f 558//834 511//834 508//834
f 558//835 508//835 559//835
f 559//836 508//836 505//836
f 559//837 505//837 560//837
f 560//838 505//838 503//838
f 560//839 503//839 561//839
f 561//840 503//840 501//840
f 561//841 501//841 562//841
f 562//842 501//842 493//842
f 562//843 493//843 563//843
f 563//844 493//844 495//844
f 563//845 495//845 564//845
f 564//846 495//846 497//846
f 564//847 497//847 565//847
f 565//848 497//848 489//848
f 565//849 489//849 566//849
f 566//850 489//850 487//850
f 566//851 487//851 567//851
f 567//852 487//852 485//852
f 567//853 485//853 568//853
f 568//854 485//854 479//854
f 568//855 479//855 569//855
f 569//856 479//856 481//856
f 569//857 481//857 570//857
f 570//858 481//858 474//858
f 570//859 474//859 571//859
f 571//860 474//860 469//860
f 571//861 469//861 572//861
f 572//862 469//862 471//862
f 572//863 471//863 573//863
f 573//864 471//864 466//864
f 573//865 466//865 574//865
f 574//866 466//866 465//866
f 574//867 465//867 575//867
f 575//868 465//868 464//868
f 575//869 464//869 576//869
f 576//870 464//870 544//870
f 576//871 544//871 577//871
f 577//872 544//872 546//872
f 577//873 546//873 578//873
f 578//874 546//874 540//874
f 578//875 540//875 579//875
f 579//876 540//876 538//876
f 579//877 538//877 580//877
f 580//878 538//878 536//878
f 543//879 542//879 409//879
f 409//880 542//880 430//880
f 542//881 463//881 430//881
f 430//882 463//882 468//882
f 430//883 468//883 429//883
f 468//884 467//884 429//884
f 429//885 467//885 473//885
f 429//886 473//886 428//886
f 428//887 473//887 472//887
f 428//888 472//888 427//888
f 427//889 472//889 470//889
f 427//890 470//890 476//890
f 482//891 426//891 483//891
f 483//892 426//892 427//892
f 483//893 427//893 475//893
f 475//894 427//894 476//894
f 482//895 480//895 426//895
f 426//896 480//896 478//896
f 426//897 478//897 425//897
f 486//898 424//898 484//898
f 484//899 424//899 425//899
f 484//900 425//900 477//900
f 477//901 425//901 478//901
f 486//902 488//902 424//902
f 424//903 488//903 490//903
f 424//904 490//904 423//904
f 496//905 422//905 498//905
f 498//906 422//906 423//906
f 498//907 423//907 499//907
f 499//908 423//908 490//908
f 496//909 494//909 422//909
f 422//910 494//910 492//910
f 422//911 492//911 421//911
f 502//912 420//912 500//912
f 500//913 420//913 421//913
f 500//914 421//914 491//914
f 491//915 421//915 492//915
f 502//916 504//916 420//916
f 420//917 504//917 506//917
f 420//918 506//918 419//918
f 506//919 507//919 419//919
f 419//920 507//920 509//920
f 419//921 509//921 418//921
f 509//922 510//922 418//922
f 418//923 510//923 512//923
f 418//924 512//924 417//924
f 417//925 512//925 513//925
f 417//926 513//926 416//926
f 416//927 513//927 515//927
f 416//928 515//928 517//928
f 521//929 415//929 520//929
f 520//930 415//930 416//930
f 520//931 416//931 518//931
f 518//932 416//932 517//932
f 521//933 523//933 415//933
f 415//934 523//934 525//934
f 415//935 525//935 414//935
f 531//936 413//936 533//936
f 533//937 413//937 414//937
f 533//938 414//938 534//938
f 534//939 414//939 525//939
f 531//940 529//940 413//940
f 413//941 529//941 527//941
f 413//942 527//942 412//942
f 537//943 411//943 535//943
f 535//944 411//944 412//944
f 535//945 412//945 526//945
f 526//946 412//946 527//946
f 537//947 539//947 411//947
f 411//948 539//948 541//948
f 411//949 541//949 410//949
f 541//950 548//950 410//950
f 410//951 548//951 547//951
f 410//952 547//952 409//952
f 409//953 547//953 545//953
f 409//954 545//954 543//954
f 581//955 582//955 583//955
f 583//956 582//956 584//956
f 583//956 584//956 585//956
f 585//957 584//957 586//957
f 585//957 586//957 587//957
f 583//955 588//955 581//955
f 581//958 588//958 589//958
f 581//958 589//958 590//958
f 590//959 589//959 591//959
f 590//959 591//959 592//959
f 593//955 594//955 595//955
f 595//955 594//955 596//955
f 597//955 598//955 599//955
f 599//956 598//956 600//956
f 599//956 600//956 601//956
f 601//960 600//960 602//960
f 601//960 602//960 603//960
f 599//955 604//955 597//955
f 597//958 604//958 605//958
f 597//958 605//958 606//958
f 606//959 605//959 607//959
f 606//959 607//959 608//959
f 609//955 610//955 611//955
f 611//955 610//955 612//955
f 613//955 614//955 615//955
f 615//956 614//956 616//956
f 615//956 616//956 617//956
f 617//961 616//961 618//961
f 617//961 618//961 619//961
f 615//955 620//955 613//955
f 613//958 620//958 621//958
f 613//958 621//958 622//958
f 622//962 621//962 623//962
f 622//962 623//962 624//962
f 625//955 626//955 627//955
f 627//955 626//955 628//955
f 629//955 630//955 631//955
f 631//956 630//956 632//956
f 631//956 632//956 633//956
f 633//961 632//961 634//961
f 633//961 634//961 635//961
f 631//955 636//955 629//955
f 629//958 636//958 637//958
f 629//958 637//958 638//958
f 638//963 637//963 639//963
f 638//963 639//963 640//963
f 641//955 642//955 643//955
f 643//955 642//955 644//955
f 645//955 646//955 647//955
f 647//956 646//956 648//956
f 647//956 648//956 649//956
f 649//957 648//957 650//957
f 649//957 650//957 651//957
f 647//955 652//955 645//955
f 645//958 652//958 653//958
f 645//958 653//958 654//958
f 654//959 653//959 655//959
f 654//959 655//959 656//959
f 657//955 658//955 659//955
f 659//955 658//955 660//955
f 661//955 662//955 663//955
f 663//956 662//956 664//956
f 663//956 664//956 665//956
f 665//957 664//957 666//957
f 665//957 666//957 667//957
f 663//955 668//955 661//955
f 661//964 668//964 669//964
f 661//964 669//964 670//964
f 670//965 669//965 671//965
f 670//965 671//965 672//965
f 673//955 674//955 675//955
f 675//955 674//955 676//955
f 677//955 678//955 679//955
f 679//956 678//956 680//956
f 679//956 680//956 681//956
f 681//961 680//961 682//961
f 681//961 682//961 683//961
f 679//955 684//955 677//955
f 677//966 684//966 685//966
f 677//966 685//966 686//966
f 686//965 685//965 687//965
f 686//965 687//965 688//965
f 689//955 690//955 691//955
f 691//955 690//955 692//955
f 693//955 694//955 695//955
f 695//967 694//967 696//967
f 695//967 696//967 697//967
f 697//961 696//961 698//961
f 697//961 698//961 699//961
f 695//955 700//955 693//955
f 693//958 700//958 701//958
f 693//958 701//958 702//958
f 702//968 701//968 703//968
f 702//968 703//968 704//968
f 705//955 706//955 707//955
f 707//955 706//955 708//955
f 709//955 710//955 711//955
f 711//956 710//956 712//956
f 711//956 712//956 713//956
f 713//969 712//969 714//969
f 713//969 714//969 715//969
f 711//955 716//955 709//955
f 709//958 716//958 717//958
f 709//958 717//958 718//958
f 718//968 717//968 719//968
f 718//968 719//968 720//968
f 721//955 722//955 723//955
f 723//955 722//955 724//955
f 725//955 726//955 727//955
f 727//970 726//970 728//970
f 727//970 728//970 729//970
f 729//971 728//971 730//971
f 729//971 730//971 731//971
f 727//955 732//955 725//955
f 725//972 732//972 733//972
f 725//972 733//972 734//972
f 734//973 733//973 735//973
f 734//973 735//973 736//973
f 737//955 738//955 739//955
f 739//955 738//955 740//955
f 741//955 742//955 743//955
f 743//974 742//974 744//974
f 743//974 744//974 745//974
f 745//975 744//975 746//975
f 745//975 746//975 747//975
f 743//955 748//955 741//955
f 741//976 748//976 749//976
f 741//976 749//976 750//976
f 750//977 749//977 751//977
f 750//977 751//977 752//977
f 753//955 754//955 755//955
f 755//955 754//955 756//955
f 757//955 758//955 759//955
f 759//970 758//970 760//970
f 759//970 760//970 761//970
f 761//978 760//978 762//978
f 761//978 762//978 763//978
f 759//955 764//955 757//955
f 757//976 764//976 765//976
f 757//976 765//976 766//976
f 766//979 765//979 767//979
f 766//979 767//979 768//979
f 769//955 770//955 771//955
f 771//955 770//955 772//955
f 773//955 774//955 775//955
f 775//974 774//974 776//974
f 775//974 776//974 777//974
f 777//975 776//975 778//975
f 777//975 778//975 779//975
f 775//955 780//955 773//955
f 773//980 780//980 781//980
f 773//980 781//980 782//980
f 782//981 781//981 783//981
f 782//981 783//981 784//981
f 785//955 786//955 787//955
f 787//955 786//955 788//955
f 789//955 790//955 791//955
f 791//974 790//974 792//974
f 791//974 792//974 793//974
f 793//982 792//982 794//982
f 793//982 794//982 795//982
f 791//955 796//955 789//955
f 789//976 796//976 797//976
f 789//976 797//976 798//976
f 798//983 797//983 799//983
f 798//983 799//983 800//983
f 801//955 802//955 803//955
f 803//955 802//955 804//955
f 805//955 806//955 807//955
f 807//970 806//970 808//970
f 807//970 808//970 809//970
f 809//978 808//978 810//978
f 809//978 810//978 811//978
f 807//955 812//955 805//955
f 805//980 812//980 813//980
f 805//980 813//980 814//980
f 814//977 813//977 815//977
f 814//977 815//977 816//977
f 587//984 586//984 817//984
f 817//984 586//984 818//984
f 594//985 593//985 591//985
f 591//985 593//985 592//985
f 603//984 602//984 596//984
f 596//984 602//984 595//984
f 610//986 609//986 607//986
f 607//986 609//986 608//986
f 619//987 618//987 612//987
f 612//987 618//987 611//987
f 626//986 625//986 623//986
f 623//986 625//986 624//986
f 635//987 634//987 628//987
f 628//987 634//987 627//987
f 642//988 641//988 639//988
f 639//988 641//988 640//988
f 651//984 650//984 644//984
f 644//984 650//984 643//984
f 658//985 657//985 655//985
f 655//985 657//985 656//985
f 667//989 666//989 660//989
f 660//989 666//989 659//989
f 674//986 673//986 671//986
f 671//986 673//986 672//986
f 683//987 682//987 676//987
f 676//987 682//987 675//987
f 690//986 689//986 687//986
f 687//986 689//986 688//986
f 699//987 698//987 692//987
f 692//987 698//987 691//987
f 706//988 705//988 703//988
f 703//988 705//988 704//988
f 715//984 714//984 708//984
f 708//984 714//984 707//984
f 722//988 721//988 719//988
f 719//988 721//988 720//988
f 731//990 730//990 724//990
f 724//990 730//990 723//990
f 738//991 737//991 735//991
f 735//991 737//991 736//991
f 747//990 746//990 740//990
f 740//990 746//990 739//990
f 754//991 753//991 751//991
f 751//991 753//991 752//991
f 763//990 762//990 756//990
f 756//990 762//990 755//990
f 770//991 769//991 767//991
f 767//991 769//991 768//991
f 779//990 778//990 772//990
f 772//990 778//990 771//990
f 786//991 785//991 783//991
f 783//991 785//991 784//991
f 795//990 794//990 788//990
f 788//990 794//990 787//990
f 803//991 804//991 799//991
f 799//991 804//991 800//991
f 811//990 810//990 801//990
f 801//990 810//990 802//990
f 819//991 820//991 815//991
f 815//991 820//991 816//991
f 821//514 822//514 823//514
f 823//514 822//514 824//514
f 825//514 826//514 827//514
f 827//514 828//514 825//514
f 825//514 828//514 829//514
f 825//514 829//514 824//514
f 824//514 829//514 830//514
f 824//514 830//514 823//514
f 831//992 825//992 832//992
f 832//992 825//992 824//992
f 833//27 834//27 835//27
f 835//27 834//27 836//27
f 835//27 836//27 837//27
f 838//27 839//27 835//27
f 835//27 839//27 840//27
f 835//27 840//27 833//27
f 841//27 842//27 835//27
f 835//27 842//27 843//27
f 835//27 843//27 838//27
f 837//27 844//27 835//27
f 835//27 844//27 845//27
f 835//27 845//27 841//27
f 823//993 846//993 847//993
f 823//993 847//993 821//993
f 821//994 847//994 848//994
f 821//994 848//994 822//994
f 822//995 848//995 832//995
f 822//995 832//995 824//995
f 849//955 850//955 818//955
f 818//955 850//955 817//955
f 806//996 805//996 851//996
f 808//997 806//997 789//997
f 789//996 806//996 851//996
f 789//996 851//996 790//996
f 790//996 851//996 852//996
f 820//998 853//998 816//998
f 816//999 853//999 851//999
f 816//1000 851//1000 814//1000
f 814//1001 851//1001 805//1001
f 657//998 659//998 656//998
f 656//998 659//998 666//998
f 609//998 611//998 608//998
f 608//998 611//998 618//998
f 608//1002 618//1002 616//1002
f 773//1003 794//1003 792//1003
f 800//998 804//998 802//998
f 789//997 798//997 808//997
f 808//1002 798//1002 800//1002
f 808//1002 800//1002 810//1002
f 810//998 800//998 802//998
f 678//996 677//996 852//996
f 725//1003 746//1003 744//1003
f 737//998 739//998 736//998
f 736//998 739//998 746//998
f 736//1002 746//1002 734//1002
f 734//1004 746//1004 725//1004
f 705//998 707//998 704//998
f 704//998 707//998 714//998
f 704//1002 714//1002 702//1002
f 702//1002 714//1002 712//1002
f 702//997 712//997 710//997
f 753//998 755//998 752//998
f 752//998 755//998 762//998
f 752//1002 762//1002 760//1002
f 785//998 787//998 784//998
f 784//998 787//998 794//998
f 784//1002 794//1002 782//1002
f 782//1005 794//1005 773//1005
f 769//998 771//998 768//998
f 768//998 771//998 778//998
f 768//1002 778//1002 776//1002
f 852//1006 742//1006 741//1006
f 625//998 627//998 624//998
f 624//998 627//998 634//998
f 624//1002 634//1002 622//1002
f 622//1002 634//1002 632//1002
f 622//997 632//997 630//997
f 757//996 852//996 758//996
f 758//996 852//996 741//996
f 758//997 741//997 760//997
f 760//997 741//997 750//997
f 760//1002 750//1002 752//1002
f 792//997 790//997 773//997
f 773//996 790//996 852//996
f 773//996 852//996 774//996
f 774//996 852//996 757//996
f 774//997 757//997 776//997
f 776//997 757//997 766//997
f 776//1002 766//1002 768//1002
f 664//1007 645//1007 666//1007
f 666//1008 645//1008 654//1008
f 666//1002 654//1002 656//1002
f 641//998 643//998 640//998
f 640//998 643//998 650//998
f 640//1002 650//1002 638//1002
f 638//1002 650//1002 648//1002
f 638//997 648//997 629//997
f 689//998 691//998 688//998
f 688//998 691//998 698//998
f 688//1002 698//1002 686//1002
f 686//1002 698//1002 696//1002
f 686//997 696//997 694//997
f 849//1009 818//1009 852//1009
f 852//1010 818//1010 586//1010
f 852//1011 586//1011 584//1011
f 672//998 673//998 675//998
f 744//997 742//997 725//997
f 725//996 742//996 852//996
f 725//996 852//996 726//996
f 721//998 723//998 720//998
f 720//998 723//998 730//998
f 720//1002 730//1002 718//1002
f 593//998 595//998 592//998
f 592//998 595//998 602//998
f 592//1002 602//1002 590//1002
f 675//998 682//998 672//998
f 672//1002 682//1002 680//1002
f 672//1002 680//1002 670//1002
f 670//997 680//997 678//997
f 670//997 678//997 661//997
f 661//996 678//996 852//996
f 661//996 852//996 662//996
f 693//996 852//996 694//996
f 694//996 852//996 677//996
f 694//997 677//997 686//997
f 730//1002 728//1002 718//1002
f 718//997 728//997 726//997
f 718//997 726//997 709//997
f 709//996 726//996 852//996
f 709//996 852//996 710//996
f 710//996 852//996 693//996
f 710//997 693//997 702//997
f 598//996 597//996 852//996
f 664//997 662//997 645//997
f 645//996 662//996 852//996
f 645//996 852//996 646//996
f 584//1012 582//1012 852//1012
f 852//996 582//996 581//996
f 852//996 581//996 598//996
f 598//997 581//997 590//997
f 598//997 590//997 600//997
f 600//1002 590//1002 602//1002
f 613//996 852//996 614//996
f 614//996 852//996 597//996
f 614//997 597//997 616//997
f 616//997 597//997 606//997
f 616//1002 606//1002 608//1002
f 648//997 646//997 629//997
f 629//996 646//996 852//996
f 629//996 852//996 630//996
f 630//996 852//996 613//996
f 630//997 613//997 622//997
f 854//955 853//955 819//955
f 819//955 853//955 820//955
f 854//1013 819//1013 855//1013
f 855//1014 819//1014 815//1014
f 815//1015 813//1015 855//1015
f 855//1016 813//1016 812//1016
f 855//1017 812//1017 807//1017
f 653//1018 652//1018 663//1018
f 772//1019 770//1019 779//1019
f 779//1019 770//1019 767//1019
f 756//1019 754//1019 763//1019
f 763//1019 754//1019 751//1019
f 801//1019 803//1019 811//1019
f 811//1019 803//1019 799//1019
f 811//1020 799//1020 809//1020
f 809//1020 799//1020 797//1020
f 809//1018 797//1018 807//1018
f 807//1018 797//1018 796//1018
f 807//1017 796//1017 855//1017
f 855//1017 796//1017 791//1017
f 740//1019 738//1019 747//1019
f 747//1019 738//1019 735//1019
f 747//1020 735//1020 745//1020
f 745//1021 735//1021 743//1021
f 667//1019 660//1019 658//1019
f 765//1022 775//1022 767//1022
f 767//1021 775//1021 777//1021
f 767//1020 777//1020 779//1020
f 749//1022 759//1022 751//1022
f 751//1023 759//1023 761//1023
f 751//1020 761//1020 763//1020
f 855//1024 748//1024 743//1024
f 663//1018 665//1018 653//1018
f 653//1020 665//1020 667//1020
f 653//1020 667//1020 655//1020
f 655//1019 667//1019 658//1019
f 588//1017 583//1017 856//1017
f 687//1022 685//1022 695//1022
f 695//1018 685//1018 684//1018
f 612//1019 610//1019 619//1019
f 619//1019 610//1019 607//1019
f 619//1020 607//1020 605//1020
f 724//1019 722//1019 731//1019
f 731//1019 722//1019 719//1019
f 731//1020 719//1020 717//1020
f 715//1019 708//1019 706//1019
f 692//1019 690//1019 699//1019
f 699//1019 690//1019 687//1019
f 699//1020 687//1020 697//1020
f 697//1025 687//1025 695//1025
f 676//1019 674//1019 683//1019
f 683//1019 674//1019 671//1019
f 683//1020 671//1020 681//1020
f 681//1020 671//1020 669//1020
f 681//1018 669//1018 679//1018
f 635//1019 628//1019 626//1019
f 749//1018 748//1018 759//1018
f 759//1017 748//1017 855//1017
f 759//1017 855//1017 764//1017
f 711//1018 713//1018 701//1018
f 701//1020 713//1020 715//1020
f 701//1020 715//1020 703//1020
f 703//1019 715//1019 706//1019
f 603//1019 596//1019 594//1019
f 817//1019 850//1019 587//1019
f 587//1026 850//1026 856//1026
f 587//1027 856//1027 585//1027
f 585//1028 856//1028 583//1028
f 765//1018 764//1018 775//1018
f 775//1017 764//1017 855//1017
f 775//1017 855//1017 780//1017
f 780//1017 855//1017 791//1017
f 780//1018 791//1018 781//1018
f 781//1018 791//1018 793//1018
f 781//1020 793//1020 783//1020
f 783//1020 793//1020 795//1020
f 783//1019 795//1019 786//1019
f 786//1019 795//1019 788//1019
f 735//1029 733//1029 743//1029
f 743//1018 733//1018 732//1018
f 743//1017 732//1017 855//1017
f 855//1030 732//1030 727//1030
f 701//1018 700//1018 711//1018
f 711//1017 700//1017 855//1017
f 711//1017 855//1017 716//1017
f 716//1017 855//1017 727//1017
f 716//1018 727//1018 717//1018
f 717//1018 727//1018 729//1018
f 717//1020 729//1020 731//1020
f 599//1018 601//1018 589//1018
f 589//1020 601//1020 603//1020
f 589//1020 603//1020 591//1020
f 591//1019 603//1019 594//1019
f 668//1017 663//1017 856//1017
f 856//1017 663//1017 652//1017
f 856//1031 652//1031 647//1031
f 669//1018 668//1018 679//1018
f 679//1017 668//1017 856//1017
f 679//1017 856//1017 684//1017
f 684//1017 856//1017 855//1017
f 684//1017 855//1017 695//1017
f 695//1017 855//1017 700//1017
f 620//1017 615//1017 856//1017
f 589//1018 588//1018 599//1018
f 599//1017 588//1017 856//1017
f 599//1017 856//1017 604//1017
f 604//1017 856//1017 615//1017
f 604//1018 615//1018 605//1018
f 605//1018 615//1018 617//1018
f 605//1020 617//1020 619//1020
f 651//1019 644//1019 642//1019
f 626//1019 623//1019 635//1019
f 635//1020 623//1020 621//1020
f 635//1020 621//1020 633//1020
f 633//1018 621//1018 620//1018
f 633//1018 620//1018 631//1018
f 631//1017 620//1017 856//1017
f 631//1017 856//1017 636//1017
f 636//1017 856//1017 647//1017
f 636//1018 647//1018 637//1018
f 647//1018 649//1018 637//1018
f 637//1020 649//1020 651//1020
f 637//1020 651//1020 639//1020
f 639//1019 651//1019 642//1019
f 857//514 858//514 859//514
f 859//514 858//514 860//514
f 859//514 860//514 856//514
f 856//514 860//514 855//514
f 861//955 862//955 857//955
f 857//955 862//955 858//955
f 862//514 861//514 863//514
f 862//514 863//514 864//514
f 864//514 863//514 865//514
f 864//514 865//514 866//514
f 830//992 829//992 865//992
f 865//992 829//992 866//992
f 825//1032 831//1032 867//1032
f 825//1032 867//1032 826//1032
f 826//1033 867//1033 868//1033
f 826//1033 868//1033 827//1033
f 827//1034 868//1034 869//1034
f 827//1034 869//1034 828//1034
f 870//27 871//27 872//27
f 872//27 871//27 873//27
f 872//27 873//27 874//27
f 875//27 876//27 872//27
f 872//27 876//27 877//27
f 872//27 877//27 870//27
f 878//27 879//27 872//27
f 872//27 879//27 880//27
f 872//27 880//27 875//27
f 874//27 881//27 872//27
f 872//27 881//27 882//27
f 872//27 882//27 878//27
f 832//27 848//27 847//27
f 831//27 832//27 883//27
f 883//27 832//27 847//27
f 883//27 847//27 884//27
f 884//27 847//27 846//27
f 884//27 846//27 885//27
f 885//27 846//27 886//27
f 868//27 867//27 869//27
f 869//27 867//27 831//27
f 869//27 831//27 887//27
f 887//27 831//27 883//27
f 836//1035 888//1035 837//1035
f 837//1035 888//1035 889//1035
f 837//1036 889//1036 844//1036
f 844//1036 889//1036 890//1036
f 844//1037 890//1037 845//1037
f 845//1037 890//1037 891//1037
f 845//1038 891//1038 841//1038
f 841//1038 891//1038 892//1038
f 841//1039 892//1039 842//1039
f 842//1039 892//1039 893//1039
f 842//1040 893//1040 843//1040
f 843//1040 893//1040 894//1040
f 843//1041 894//1041 838//1041
f 838//1041 894//1041 895//1041
f 838//1042 895//1042 839//1042
f 839//1042 895//1042 896//1042
f 839//1043 896//1043 840//1043
f 840//1043 896//1043 897//1043
f 840//1044 897//1044 833//1044
f 833//1044 897//1044 898//1044
f 833//1045 898//1045 834//1045
f 834//1045 898//1045 899//1045
f 834//1046 899//1046 836//1046
f 836//1046 899//1046 888//1046
f 900//1047 901//1047 902//1047
f 901//1047 903//1047 902//1047
f 902//1048 903//1048 904//1048
f 902//1049 904//1049 905//1049
f 906//1050 907//1050 908//1050
f 908//1051 907//1051 909//1051
f 908//1052 909//1052 910//1052
f 910//1053 909//1053 900//1053
f 910//1054 900//1054 911//1054
f 911//1047 900//1047 902//1047
f 912//1055 913//1055 904//1055
f 904//1056 913//1056 914//1056
f 904//1057 914//1057 905//1057
f 830//1058 865//1058 863//1058
f 863//1059 861//1059 857//1059
f 850//1060 849//1060 856//1060
f 856//1060 849//1060 852//1060
f 856//1061 852//1061 859//1061
f 859//1061 852//1061 915//1061
f 859//1062 915//1062 857//1062
f 857//1063 915//1063 916//1063
f 857//1064 916//1064 863//1064
f 917//1065 918//1065 886//1065
f 886//1066 846//1066 823//1066
f 823//1067 830//1067 886//1067
f 886//1068 830//1068 863//1068
f 886//1069 863//1069 917//1069
f 917//1070 863//1070 916//1070
f 917//1070 916//1070 919//1070
f 903//955 901//955 920//955
f 920//955 901//955 921//955
f 886//1071 918//1071 922//1071
f 923//1072 921//1072 901//1072
f 886//1071 922//1071 885//1071
f 885//1073 922//1073 923//1073
f 885//1073 923//1073 884//1073
f 884//1072 923//1072 901//1072
f 884//1072 901//1072 883//1072
f 924//1074 925//1074 926//1074
f 924//1074 926//1074 927//1074
f 927//1074 926//1074 928//1074
f 928//1075 926//1075 929//1075
f 928//1075 929//1075 930//1075
f 930//1076 929//1076 931//1076
f 930//1076 931//1076 932//1076
f 932//1077 931//1077 919//1077
f 932//1077 919//1077 916//1077
f 852//27 851//27 933//27
f 916//27 915//27 932//27
f 932//27 915//27 930//27
f 930//27 915//27 928//27
f 928//27 915//27 852//27
f 928//27 852//27 927//27
f 927//27 852//27 933//27
f 927//27 933//27 934//27
f 864//1078 866//1078 829//1078
f 828//1079 869//1079 829//1079
f 829//1079 869//1079 887//1079
f 887//1080 935//1080 936//1080
f 937//1081 938//1081 934//1081
f 887//1080 936//1080 829//1080
f 829//1082 936//1082 939//1082
f 829//1083 939//1083 864//1083
f 864//1084 939//1084 858//1084
f 864//1085 858//1085 862//1085
f 939//1086 937//1086 858//1086
f 858//1081 937//1081 934//1081
f 858//1087 934//1087 860//1087
f 860//1087 934//1087 933//1087
f 860//1088 933//1088 855//1088
f 855//1088 933//1088 851//1088
f 855//1089 851//1089 854//1089
f 854//1089 851//1089 853//1089
f 873//1090 940//1090 874//1090
f 874//1090 940//1090 941//1090
f 874//1036 941//1036 881//1036
f 881//1036 941//1036 942//1036
f 881//1037 942//1037 882//1037
f 882//1037 942//1037 943//1037
f 882//1038 943//1038 878//1038
f 878//1038 943//1038 944//1038
f 878//1039 944//1039 879//1039
f 879//1039 944//1039 945//1039
f 879//1091 945//1091 880//1091
f 880//1091 945//1091 946//1091
f 880//1092 946//1092 875//1092
f 875//1092 946//1092 947//1092
f 875//1093 947//1093 876//1093
f 876//1093 947//1093 948//1093
f 876//1094 948//1094 877//1094
f 877//1094 948//1094 949//1094
f 877//1095 949//1095 870//1095
f 870//1095 949//1095 950//1095
f 870//1096 950//1096 871//1096
f 871//1096 950//1096 951//1096
f 871//1097 951//1097 873//1097
f 873//1097 951//1097 940//1097
f 887//992 883//992 900//992
f 900//992 883//992 901//992
f 952//992 953//992 900//992
f 900//992 953//992 954//992
f 900//992 954//992 955//992
f 955//992 956//992 900//992
f 900//992 956//992 935//992
f 900//992 935//992 887//992
f 957//992 958//992 900//992
f 900//992 958//992 959//992
f 960//992 961//992 959//992
f 959//992 961//992 962//992
f 959//992 962//992 900//992
f 900//992 962//992 963//992
f 900//992 963//992 964//992
f 964//992 965//992 900//992
f 900//992 965//992 966//992
f 900//992 966//992 952//992
f 939//1098 936//1098 967//1098
f 960//1099 959//1099 968//1099
f 969//1100 970//1100 971//1100
f 972//1101 968//1101 973//1101
f 964//1102 963//1102 972//1102
f 972//1103 963//1103 962//1103
f 972//1104 962//1104 968//1104
f 968//1105 962//1105 961//1105
f 968//1106 961//1106 960//1106
f 953//1107 974//1107 954//1107
f 954//1108 974//1108 967//1108
f 954//1109 967//1109 955//1109
f 953//1110 952//1110 974//1110
f 974//1111 952//1111 966//1111
f 974//1112 966//1112 972//1112
f 972//1113 966//1113 965//1113
f 972//1114 965//1114 964//1114
f 936//1115 935//1115 967//1115
f 967//1116 935//1116 956//1116
f 967//1117 956//1117 955//1117
f 975//1118 937//1118 939//1118
f 938//1119 937//1119 976//1119
f 976//1120 937//1120 975//1120
f 976//1121 975//1121 977//1121
f 977//1122 975//1122 978//1122
f 979//1123 980//1123 981//1123
f 981//1124 980//1124 982//1124
f 981//1125 982//1125 975//1125
f 975//1126 982//1126 983//1126
f 975//1127 983//1127 978//1127
f 970//1128 984//1128 971//1128
f 971//1129 984//1129 985//1129
f 971//1130 985//1130 981//1130
f 981//1131 985//1131 986//1131
f 981//1132 986//1132 979//1132
f 939//1133 967//1133 975//1133
f 975//1134 967//1134 974//1134
f 975//1135 974//1135 981//1135
f 981//1136 974//1136 972//1136
f 981//1137 972//1137 971//1137
f 971//1138 972//1138 973//1138
f 971//1139 973//1139 969//1139
f 895//1140 987//1140 896//1140
f 896//1141 987//1141 988//1141
f 896//1142 988//1142 897//1142
f 988//1143 989//1143 897//1143
f 897//1144 989//1144 990//1144
f 897//1145 990//1145 898//1145
f 898//1146 990//1146 991//1146
f 898//1147 991//1147 899//1147
f 899//1148 991//1148 992//1148
f 899//1149 992//1149 888//1149
f 888//1150 992//1150 993//1150
f 888//1151 993//1151 889//1151
f 889//1152 993//1152 994//1152
f 889//1153 994//1153 890//1153
f 890//1154 994//1154 995//1154
f 890//1155 995//1155 891//1155
f 891//1156 995//1156 996//1156
f 891//1157 996//1157 892//1157
f 892//1158 996//1158 997//1158
f 892//1159 997//1159 893//1159
f 893//1160 997//1160 998//1160
f 893//1161 998//1161 894//1161
f 894//1162 998//1162 999//1162
f 894//1163 999//1163 895//1163
f 895//1164 999//1164 1000//1164
f 895//1165 1000//1165 987//1165
f 903//1166 920//1166 904//1166
f 904//1167 920//1167 1001//1167
f 904//1168 1001//1168 912//1168
f 912//1169 1001//1169 1002//1169
f 912//1169 1002//1169 913//1169
f 913//1170 1002//1170 1003//1170
f 913//1170 1003//1170 914//1170
f 914//1171 1003//1171 1004//1171
f 914//1171 1004//1171 905//1171
f 905//1172 1004//1172 902//1172
f 902//1173 1004//1173 1005//1173
f 902//1174 1005//1174 1006//1174
f 1007//514 1008//514 1009//514
f 957//514 1010//514 958//514
f 958//514 1010//514 1011//514
f 958//514 1011//514 1009//514
f 1009//514 1011//514 1012//514
f 1009//514 1012//514 1007//514
f 911//1175 1013//1175 1008//1175
f 911//1176 1008//1176 910//1176
f 1008//1177 1007//1177 910//1177
f 910//1178 1007//1178 1012//1178
f 910//1178 1012//1178 908//1178
f 908//1179 1012//1179 1011//1179
f 908//1179 1011//1179 906//1179
f 906//1180 1011//1180 1010//1180
f 906//1180 1010//1180 907//1180
f 957//1181 900//1181 1010//1181
f 1010//1182 900//1182 909//1182
f 1010//1183 909//1183 907//1183
f 911//514 902//514 1006//514
f 1014//514 1015//514 1006//514
f 1006//514 1015//514 1016//514
f 1006//514 1016//514 911//514
f 911//514 1016//514 1017//514
f 911//514 1017//514 1013//514
f 1013//514 1017//514 1018//514
f 925//514 1019//514 926//514
f 926//514 1019//514 929//514
f 922//514 918//514 1002//514
f 1003//514 1020//514 1004//514
f 1004//514 1020//514 1005//514
f 1021//514 919//514 1019//514
f 1019//514 919//514 931//514
f 1019//514 931//514 929//514
f 1002//514 1001//514 922//514
f 922//514 1001//514 920//514
f 922//514 920//514 923//514
f 923//514 920//514 921//514
f 1003//514 1002//514 1020//514
f 1020//514 1002//514 918//514
f 1020//514 918//514 1021//514
f 1021//514 918//514 917//514
f 1021//514 917//514 919//514
f 1022//992 1019//992 924//992
f 924//992 1019//992 925//992
f 924//955 927//955 1023//955
f 1023//955 927//955 934//955
f 1023//955 934//955 938//955
f 938//955 976//955 1023//955
f 1023//955 976//955 977//955
f 1023//955 977//955 978//955
f 978//955 983//955 1023//955
f 1023//955 983//955 982//955
f 1023//955 982//955 980//955
f 980//955 979//955 1023//955
f 1023//955 979//955 986//955
f 1023//955 986//955 985//955
f 1024//955 1023//955 969//955
f 969//955 1023//955 985//955
f 969//955 985//955 970//955
f 970//955 985//955 984//955
f 994//27 993//27 1024//27
f 995//27 994//27 950//27
f 950//27 994//27 951//27
f 951//27 994//27 940//27
f 940//27 994//27 1024//27
f 940//27 1024//27 969//27
f 987//27 1000//27 1025//27
f 1025//27 1000//27 999//27
f 1025//27 999//27 958//27
f 958//27 999//27 959//27
f 959//27 999//27 998//27
f 959//27 998//27 946//27
f 993//27 992//27 1024//27
f 1024//27 992//27 991//27
f 1024//27 991//27 990//27
f 995//27 950//27 996//27
f 996//27 950//27 949//27
f 996//27 949//27 997//27
f 997//27 949//27 948//27
f 997//27 948//27 998//27
f 998//27 948//27 947//27
f 998//27 947//27 946//27
f 946//27 945//27 959//27
f 959//27 945//27 944//27
f 959//27 944//27 968//27
f 968//27 944//27 943//27
f 968//27 943//27 973//27
f 973//27 943//27 942//27
f 973//27 942//27 969//27
f 969//27 942//27 941//27
f 969//27 941//27 940//27
f 990//514 989//514 1026//514
f 1026//514 989//514 988//514
f 1026//514 988//514 987//514
f 1027//1184 1028//1184 1029//1184
f 1029//1185 1028//1185 1030//1185
f 1031//1186 1032//1186 1033//1186
f 1029//1187 1030//1187 1034//1187
f 1034//1188 1030//1188 1035//1188
f 1034//1189 1035//1189 1036//1189
f 1036//1190 1035//1190 1037//1190
f 1036//1191 1037//1191 1038//1191
f 1037//1192 1039//1192 1038//1192
f 1038//1193 1039//1193 1040//1193
f 1038//1194 1040//1194 1041//1194
f 1041//1195 1040//1195 1042//1195
f 1041//1196 1042//1196 1043//1196
f 1043//1197 1042//1197 1044//1197
f 1043//1198 1044//1198 1045//1198
f 1045//1199 1044//1199 1046//1199
f 1045//1200 1046//1200 1047//1200
f 1031//1201 1033//1201 1048//1201
f 1046//1202 1049//1202 1047//1202
f 1047//1203 1049//1203 1050//1203
f 1047//1204 1050//1204 1051//1204
f 1051//1205 1050//1205 1052//1205
f 1051//1206 1052//1206 1053//1206
f 1053//1207 1052//1207 1048//1207
f 1053//1208 1048//1208 1054//1208
f 1054//1209 1048//1209 1033//1209
f 1055//1210 1056//1210 1057//1210
f 1058//1211 1059//1211 1057//1211
f 1057//1212 1059//1212 1060//1212
f 1057//1210 1060//1210 1055//1210
f 1061//27 1062//27 1030//27
f 1063//27 1064//27 1065//27
f 1065//27 1064//27 1061//27
f 1065//27 1061//27 1028//27
f 1028//27 1061//27 1030//27
f 1028//1213 1027//1213 1066//1213
f 1028//1214 1066//1214 1065//1214
f 1065//1215 1066//1215 1067//1215
f 1065//1216 1067//1216 1063//1216
f 1063//1217 1067//1217 1068//1217
f 1063//1218 1068//1218 1064//1218
f 1064//1219 1068//1219 1069//1219
f 1064//1220 1069//1220 1061//1220
f 1014//1221 1006//1221 1005//1221
f 1020//1222 1070//1222 1005//1222
f 1005//1223 1070//1223 1071//1223
f 1005//1221 1071//1221 1014//1221
f 1014//1224 1071//1224 1072//1224
f 1014//1224 1072//1224 1015//1224
f 1015//1225 1072//1225 1073//1225
f 1015//1225 1073//1225 1016//1225
f 1074//992 1017//992 1073//992
f 1073//992 1017//992 1016//992
f 1008//1226 1013//1226 1018//1226
f 1008//1227 1075//1227 1009//1227
f 1009//1228 1075//1228 1076//1228
f 1009//1229 1076//1229 958//1229
f 958//1230 1076//1230 1077//1230
f 958//1231 1077//1231 1025//1231
f 1025//1232 1077//1232 987//1232
f 987//1233 1077//1233 1078//1233
f 987//1234 1078//1234 1026//1234
f 1008//1226 1018//1226 1075//1226
f 1075//1235 1018//1235 1017//1235
f 1075//1235 1017//1235 1074//1235
f 1021//1236 1019//1236 1058//1236
f 1022//1237 1079//1237 1019//1237
f 1019//1238 1079//1238 1059//1238
f 1019//1239 1059//1239 1058//1239
f 1058//1240 1080//1240 1021//1240
f 1021//1241 1080//1241 1070//1241
f 1021//1241 1070//1241 1020//1241
f 1081//1242 1082//1242 1083//1242
f 1081//1242 1083//1242 1084//1242
f 1084//1243 1083//1243 1085//1243
f 1084//1243 1085//1243 1086//1243
f 1087//1244 1086//1244 1088//1244
f 1088//1244 1086//1244 1085//1244
f 1089//1245 1090//1245 1091//1245
f 1091//1245 1090//1245 1092//1245
f 1093//1246 1032//1246 1094//1246
f 1094//1247 1032//1247 1031//1247
f 1093//1248 1094//1248 1095//1248
f 1095//1249 1094//1249 1092//1249
f 1095//1250 1092//1250 1090//1250
f 1030//1251 1062//1251 1035//1251
f 1035//1252 1062//1252 1096//1252
f 1035//1253 1096//1253 1037//1253
f 1037//1254 1096//1254 1039//1254
f 1049//1255 1046//1255 1097//1255
f 1031//1256 1048//1256 1094//1256
f 1094//1257 1048//1257 1052//1257
f 1094//1258 1052//1258 1097//1258
f 1097//1259 1052//1259 1050//1259
f 1097//1260 1050//1260 1049//1260
f 1046//1261 1044//1261 1097//1261
f 1097//1262 1044//1262 1042//1262
f 1097//1263 1042//1263 1096//1263
f 1096//1264 1042//1264 1040//1264
f 1096//1265 1040//1265 1039//1265
f 1059//1266 1079//1266 1098//1266
f 1099//1267 1100//1267 1098//1267
f 1098//1267 1100//1267 1060//1267
f 1098//1268 1060//1268 1059//1268
f 1023//1269 1101//1269 924//1269
f 924//1269 1101//1269 1098//1269
f 924//1269 1098//1269 1022//1269
f 1022//1270 1098//1270 1079//1270
f 990//1271 1026//1271 1078//1271
f 1045//1272 1047//1272 1102//1272
f 1045//1273 1102//1273 1043//1273
f 1101//1274 1023//1274 1102//1274
f 1102//1275 1023//1275 1024//1275
f 1047//1276 1051//1276 1102//1276
f 1102//1277 1051//1277 1053//1277
f 1102//1278 1053//1278 1054//1278
f 1034//1279 1036//1279 1102//1279
f 1034//1280 1102//1280 1029//1280
f 1036//1281 1038//1281 1102//1281
f 1102//1282 1038//1282 1041//1282
f 1102//1283 1041//1283 1043//1283
f 990//1284 1078//1284 1024//1284
f 1024//1285 1078//1285 1103//1285
f 1024//1286 1103//1286 1102//1286
f 1102//1275 1103//1275 1027//1275
f 1102//1287 1027//1287 1029//1287
f 1100//1288 1082//1288 1081//1288
f 1055//1288 1060//1288 1104//1288
f 1104//1288 1060//1288 1100//1288
f 1104//1288 1100//1288 1105//1288
f 1105//1288 1100//1288 1081//1288
f 1106//1289 1107//1289 1108//1289
f 1108//1289 1107//1289 1109//1289
f 1108//1290 1109//1290 1088//1290
f 1088//1290 1109//1290 1087//1290
f 1110//1291 1056//1291 1055//1291
f 1055//1292 1104//1292 1110//1292
f 1110//1293 1104//1293 1105//1293
f 1110//1294 1105//1294 1111//1294
f 1111//1295 1105//1295 1112//1295
f 1112//1295 1105//1295 1081//1295
f 1112//1296 1081//1296 1084//1296
f 1112//1297 1084//1297 1113//1297
f 1113//1298 1084//1298 1086//1298
f 1113//1299 1086//1299 1114//1299
f 1114//1300 1086//1300 1115//1300
f 1115//1301 1086//1301 1087//1301
f 1107//1302 1116//1302 1109//1302
f 1109//1303 1116//1303 1117//1303
f 1109//1304 1117//1304 1087//1304
f 1087//1305 1117//1305 1115//1305
f 1116//1295 1107//1295 1118//1295
f 1118//1295 1107//1295 1119//1295
f 1091//1306 1120//1306 1121//1306
f 1121//1307 1120//1307 1122//1307
f 1121//1308 1122//1308 1123//1308
f 1123//1309 1122//1309 1124//1309
f 1120//1096 1091//1096 1125//1096
f 1125//1096 1091//1096 1092//1096
f 1062//1310 1126//1310 1096//1310
f 1096//1311 1126//1311 1127//1311
f 1096//1312 1127//1312 1097//1312
f 1097//1313 1127//1313 1128//1313
f 1097//1314 1128//1314 1094//1314
f 1094//1315 1128//1315 1129//1315
f 1094//1316 1129//1316 1092//1316
f 1092//1317 1129//1317 1125//1317
f 1062//1318 1061//1318 1126//1318
f 1126//1318 1061//1318 1069//1318
f 1027//1319 1103//1319 1130//1319
f 1027//1319 1130//1319 1066//1319
f 1066//1320 1130//1320 1131//1320
f 1066//1320 1131//1320 1067//1320
f 1067//1321 1131//1321 1132//1321
f 1067//1321 1132//1321 1068//1321
f 1068//1235 1132//1235 1133//1235
f 1068//1235 1133//1235 1069//1235
f 1130//27 1103//27 1078//27
f 1078//27 1077//27 1076//27
f 1070//27 1080//27 1133//27
f 1133//27 1080//27 1058//27
f 1133//27 1058//27 1057//27
f 1130//27 1078//27 1131//27
f 1131//27 1078//27 1076//27
f 1131//27 1076//27 1132//27
f 1132//27 1076//27 1075//27
f 1132//27 1075//27 1133//27
f 1133//27 1075//27 1074//27
f 1133//27 1074//27 1073//27
f 1073//27 1072//27 1133//27
f 1133//27 1072//27 1071//27
f 1133//27 1071//27 1070//27
f 1134//1322 1135//1322 1124//1322
f 1124//1322 1135//1322 1123//1322
f 1123//1323 1136//1323 1121//1323
f 1121//1323 1136//1323 1137//1323
f 1121//1324 1137//1324 1091//1324
f 1091//1324 1137//1324 1089//1324
f 1138//1325 1085//1325 1083//1325
f 1138//1326 1083//1326 1139//1326
f 1139//1327 1083//1327 1082//1327
f 1139//1328 1082//1328 1140//1328
f 1141//1329 1088//1329 1138//1329
f 1138//1330 1088//1330 1085//1330
f 1088//1331 1141//1331 1108//1331
f 1108//1332 1141//1332 1142//1332
f 1108//1333 1142//1333 1106//1333
f 1106//1334 1142//1334 1143//1334
f 1144//1335 1145//1335 1143//1335
f 1143//1335 1145//1335 1106//1335
f 1136//1336 1146//1336 1147//1336
f 1147//1336 1146//1336 1148//1336
f 1136//1337 1147//1337 1137//1337
f 1137//1338 1147//1338 1149//1338
f 1137//1339 1149//1339 1089//1339
f 1089//1340 1149//1340 1150//1340
f 1089//1093 1150//1093 1090//1093
f 1090//1093 1150//1093 1151//1093
f 1090//1341 1151//1341 1095//1341
f 1102//1342 1054//1342 1151//1342
f 1151//1343 1054//1343 1033//1343
f 1033//1344 1032//1344 1151//1344
f 1151//1345 1032//1345 1093//1345
f 1151//1346 1093//1346 1095//1346
f 1151//514 1099//514 1102//514
f 1102//514 1099//514 1098//514
f 1102//514 1098//514 1101//514
f 1082//1335 1100//1335 1140//1335
f 1140//1335 1100//1335 1099//1335
f 1119//1288 1107//1288 1152//1288
f 1107//1288 1106//1288 1152//1288
f 1152//1288 1106//1288 1145//1288
f 1152//1288 1145//1288 1153//1288
f 1154//1288 1155//1288 1152//1288
f 1152//1288 1155//1288 1156//1288
f 1152//1288 1156//1288 1119//1288
f 1157//1288 1158//1288 1145//1288
f 1145//1288 1158//1288 1159//1288
f 1145//1288 1159//1288 1153//1288
f 1152//1347 1160//1347 1161//1347
f 1152//1348 1161//1348 1154//1348
f 1154//1349 1161//1349 1162//1349
f 1154//1350 1162//1350 1155//1350
f 1155//1351 1162//1351 1163//1351
f 1155//1352 1163//1352 1156//1352
f 1156//1353 1163//1353 1118//1353
f 1156//1354 1118//1354 1119//1354
f 1128//992 1127//992 1057//992
f 1057//992 1127//992 1133//992
f 1133//992 1127//992 1126//992
f 1133//992 1126//992 1069//992
f 1111//992 1129//992 1110//992
f 1110//992 1129//992 1128//992
f 1110//992 1128//992 1056//992
f 1056//992 1128//992 1057//992
f 1118//992 1164//992 1116//992
f 1116//992 1164//992 1165//992
f 1116//992 1165//992 1117//992
f 1117//992 1165//992 1166//992
f 1117//992 1166//992 1115//992
f 1115//992 1166//992 1134//992
f 1115//992 1134//992 1114//992
f 1114//992 1134//992 1124//992
f 1114//992 1124//992 1113//992
f 1113//992 1124//992 1122//992
f 1113//992 1122//992 1112//992
f 1112//992 1122//992 1120//992
f 1112//992 1120//992 1111//992
f 1111//992 1120//992 1125//992
f 1111//992 1125//992 1129//992
f 1146//1355 1136//1355 1135//1355
f 1135//1355 1136//1355 1123//1355
f 1165//1356 1167//1356 1168//1356
f 1165//1357 1168//1357 1166//1357
f 1166//1358 1168//1358 1135//1358
f 1166//1359 1135//1359 1134//1359
f 1148//1337 1146//1337 1169//1337
f 1148//1360 1169//1360 1170//1360
f 1170//1361 1169//1361 1171//1361
f 1170//1362 1171//1362 1172//1362
f 1145//1363 1144//1363 1173//1363
f 1145//1364 1173//1364 1157//1364
f 1157//1365 1173//1365 1174//1365
f 1157//1366 1174//1366 1158//1366
f 1158//1367 1174//1367 1175//1367
f 1158//1368 1175//1368 1159//1368
f 1159//1369 1175//1369 1176//1369
f 1159//1370 1176//1370 1153//1370
f 1099//955 1151//955 1140//955
f 1140//955 1151//955 1150//955
f 1140//955 1150//955 1139//955
f 1139//955 1150//955 1149//955
f 1139//955 1149//955 1138//955
f 1138//955 1149//955 1147//955
f 1138//955 1147//955 1141//955
f 1141//955 1147//955 1148//955
f 1141//955 1148//955 1142//955
f 1142//955 1148//955 1170//955
f 1142//955 1170//955 1143//955
f 1143//955 1170//955 1172//955
f 1143//955 1172//955 1144//955
f 1144//955 1172//955 1177//955
f 1160//1371 1152//1371 1176//1371
f 1176//1371 1152//1371 1153//1371
f 1164//1372 1118//1372 1178//1372
f 1178//1373 1118//1373 1163//1373
f 1178//1374 1163//1374 1179//1374
f 1179//1375 1163//1375 1162//1375
f 1179//1375 1162//1375 1180//1375
f 1180//1376 1162//1376 1181//1376
f 1181//1377 1162//1377 1161//1377
f 1181//1378 1161//1378 1182//1378
f 1182//1379 1161//1379 1160//1379
f 1182//1379 1160//1379 1183//1379
f 1167//1096 1165//1096 1181//1096
f 1181//1096 1165//1096 1164//1096
f 1181//1380 1164//1380 1180//1380
f 1180//1381 1164//1381 1178//1381
f 1180//1382 1178//1382 1179//1382
f 1167//1383 1171//1383 1169//1383
f 1167//1383 1169//1383 1168//1383
f 1168//1323 1169//1323 1146//1323
f 1168//1323 1146//1323 1135//1323
f 1177//1093 1172//1093 1171//1093
f 1171//1093 1184//1093 1177//1093
f 1177//1384 1184//1384 1185//1384
f 1177//1385 1185//1385 1186//1385
f 1186//1386 1185//1386 1187//1386
f 1185//1387 1184//1387 1175//1387
f 1175//1388 1174//1388 1185//1388
f 1185//1389 1174//1389 1173//1389
f 1185//1389 1173//1389 1187//1389
f 1144//1390 1177//1390 1173//1390
f 1173//1391 1177//1391 1186//1391
f 1173//1392 1186//1392 1187//1392
f 1184//1393 1188//1393 1175//1393
f 1175//1394 1188//1394 1189//1394
f 1175//1394 1189//1394 1176//1394
f 1183//27 1160//27 1189//27
f 1189//27 1160//27 1176//27
f 1188//1245 1184//1245 1189//1245
f 1189//1245 1184//1245 1171//1245
f 1189//1245 1171//1245 1183//1245
f 1183//1245 1171//1245 1167//1245
f 1183//1245 1167//1245 1182//1245
f 1182//1245 1167//1245 1181//1245
f 1190//1 1191//1 1192//1
f 1193//2 1191//2 1190//2
f 1190//3 1194//3 1195//3
f 1196//4 1194//4 1190//4
f 1197//1395 1196//1395 1190//1395
f 1198//1396 1199//1396 1190//1396
f 1190//1397 1200//1397 1201//1397
f 1202//1398 1200//1398 1190//1398
f 1199//7 1202//7 1190//7
f 1190//10 1203//10 1204//10
f 1205//1399 1203//1399 1190//1399
f 1206//1400 1205//1400 1190//1400
f 1190//13 1207//13 1208//13
f 1209//14 1207//14 1190//14
f 1210//1401 1209//1401 1190//1401
f 1211//1402 1212//1402 1190//1402
f 1190//1403 1213//1403 1214//1403
f 1215//1404 1213//1404 1190//1404
f 1212//17 1215//17 1190//17
f 1216//1405 1193//1405 1190//1405
f 1214//1406 1216//1406 1190//1406
f 1208//1407 1211//1407 1190//1407
f 1204//1408 1210//1408 1190//1408
f 1201//1409 1206//1409 1190//1409
f 1195//1410 1198//1410 1190//1410
f 1192//1411 1197//1411 1190//1411
f 1217//27 1211//27 1208//27
f 1208//27 1207//27 1217//27
f 1217//27 1207//27 1209//27
f 1217//27 1209//27 1210//27
f 1218//27 1210//27 1204//27
f 1204//27 1203//27 1218//27
f 1218//27 1203//27 1205//27
f 1218//27 1205//27 1206//27
f 1200//27 1219//27 1201//27
f 1201//27 1219//27 1206//27
f 1200//27 1202//27 1219//27
f 1219//27 1202//27 1199//27
f 1219//27 1199//27 1198//27
f 1220//27 1198//27 1195//27
f 1195//27 1194//27 1220//27
f 1220//27 1194//27 1196//27
f 1220//27 1196//27 1197//27
f 1213//27 1221//27 1214//27
f 1214//27 1221//27 1216//27
f 1213//27 1215//27 1221//27
f 1221//27 1215//27 1212//27
f 1221//27 1212//27 1211//27
f 1222//27 1197//27 1192//27
f 1192//27 1191//27 1222//27
f 1222//27 1191//27 1193//27
f 1222//27 1193//27 1216//27
f 1217//1412 1223//1412 1211//1412
f 1211//1413 1223//1413 1224//1413
f 1211//1414 1224//1414 1221//1414
f 1218//1415 1225//1415 1210//1415
f 1210//1416 1225//1416 1223//1416
f 1210//1417 1223//1417 1217//1417
f 1219//1418 1226//1418 1206//1418
f 1206//1419 1226//1419 1225//1419
f 1206//1420 1225//1420 1218//1420
f 1220//1421 1227//1421 1198//1421
f 1198//1422 1227//1422 1226//1422
f 1198//1423 1226//1423 1219//1423
f 1222//1424 1228//1424 1197//1424
f 1197//1425 1228//1425 1227//1425
f 1197//1426 1227//1426 1220//1426
f 1221//1427 1224//1427 1216//1427
f 1216//1428 1224//1428 1228//1428
f 1216//1429 1228//1429 1222//1429
f 1229//27 1230//27 1224//27
f 1224//27 1230//27 1231//27
f 1224//27 1231//27 1232//27
f 1233//27 1234//27 1225//27
f 1225//27 1234//27 1235//27
f 1225//27 1235//27 1236//27
f 1237//27 1238//27 1226//27
f 1239//27 1240//27 1228//27
f 1228//27 1240//27 1241//27
f 1228//27 1241//27 1242//27
f 1232//27 1243//27 1224//27
f 1224//27 1243//27 1244//27
f 1224//27 1244//27 1228//27
f 1228//27 1244//27 1245//27
f 1228//27 1245//27 1239//27
f 1246//27 1247//27 1223//27
f 1223//27 1247//27 1248//27
f 1223//27 1248//27 1224//27
f 1224//27 1248//27 1249//27
f 1224//27 1249//27 1229//27
f 1250//27 1251//27 1223//27
f 1223//27 1251//27 1252//27
f 1223//27 1252//27 1246//27
f 1253//27 1254//27 1227//27
f 1227//27 1254//27 1255//27
f 1242//27 1256//27 1228//27
f 1228//27 1256//27 1257//27
f 1228//27 1257//27 1227//27
f 1227//27 1257//27 1258//27
f 1227//27 1258//27 1253//27
f 1238//27 1259//27 1226//27
f 1226//27 1259//27 1260//27
f 1226//27 1260//27 1261//27
f 1236//27 1262//27 1225//27
f 1225//27 1262//27 1263//27
f 1225//27 1263//27 1223//27
f 1223//27 1263//27 1264//27
f 1223//27 1264//27 1250//27
f 1261//27 1265//27 1226//27
f 1226//27 1265//27 1266//27
f 1226//27 1266//27 1225//27
f 1225//27 1266//27 1267//27
f 1225//27 1267//27 1233//27
f 1255//27 1268//27 1227//27
f 1227//27 1268//27 1269//27
f 1227//27 1269//27 1226//27
f 1226//27 1269//27 1270//27
f 1226//27 1270//27 1237//27
f 1271//1430 1262//1430 1272//1430
f 1272//1431 1262//1431 1236//1431
f 1272//1432 1236//1432 1273//1432
f 1273//1433 1236//1433 1235//1433
f 1273//1434 1235//1434 1274//1434
f 1274//1435 1235//1435 1234//1435
f 1274//1436 1234//1436 1275//1436
f 1275//1437 1234//1437 1233//1437
f 1275//1438 1233//1438 1276//1438
f 1276//1439 1233//1439 1267//1439
f 1276//1440 1267//1440 1277//1440
f 1277//1441 1267//1441 1266//1441
f 1277//1442 1266//1442 1278//1442
f 1278//1443 1266//1443 1265//1443
f 1278//1444 1265//1444 1279//1444
f 1279//1445 1265//1445 1261//1445
f 1279//1446 1261//1446 1280//1446
f 1280//1447 1261//1447 1260//1447
f 1280//1448 1260//1448 1281//1448
f 1281//1449 1260//1449 1259//1449
f 1281//1450 1259//1450 1282//1450
f 1282//1451 1259//1451 1238//1451
f 1282//1452 1238//1452 1283//1452
f 1283//1453 1238//1453 1237//1453
f 1283//1454 1237//1454 1284//1454
f 1284//1455 1237//1455 1270//1455
f 1284//1456 1270//1456 1285//1456
f 1285//1457 1270//1457 1269//1457
f 1285//1458 1269//1458 1286//1458
f 1286//1459 1269//1459 1268//1459
f 1286//1460 1268//1460 1287//1460
f 1287//1461 1268//1461 1255//1461
f 1287//1462 1255//1462 1288//1462
f 1288//1463 1255//1463 1254//1463
f 1288//1464 1254//1464 1289//1464
f 1289//1465 1254//1465 1253//1465
f 1289//1466 1253//1466 1290//1466
f 1290//1467 1253//1467 1258//1467
f 1290//1468 1258//1468 1291//1468
f 1291//1469 1258//1469 1257//1469
f 1291//1470 1257//1470 1292//1470
f 1292//1471 1257//1471 1256//1471
f 1292//1472 1256//1472 1293//1472
f 1293//1473 1256//1473 1242//1473
f 1293//1474 1242//1474 1294//1474
f 1294//1475 1242//1475 1241//1475
f 1294//1476 1241//1476 1295//1476
f 1295//1477 1241//1477 1240//1477
f 1295//1478 1240//1478 1296//1478
f 1296//1479 1240//1479 1239//1479
f 1296//1480 1239//1480 1297//1480
f 1297//1481 1239//1481 1245//1481
f 1297//1482 1245//1482 1298//1482
f 1298//1483 1245//1483 1244//1483
f 1298//1484 1244//1484 1299//1484
f 1299//1485 1244//1485 1243//1485
f 1299//1486 1243//1486 1300//1486
f 1300//1487 1243//1487 1232//1487
f 1300//1488 1232//1488 1301//1488
f 1301//1489 1232//1489 1231//1489
f 1301//1490 1231//1490 1302//1490
f 1302//1491 1231//1491 1230//1491
f 1302//1492 1230//1492 1303//1492
f 1303//1493 1230//1493 1229//1493
f 1303//1494 1229//1494 1304//1494
f 1304//1495 1229//1495 1249//1495
f 1304//1496 1249//1496 1305//1496
f 1305//1497 1249//1497 1248//1497
f 1305//1498 1248//1498 1306//1498
f 1306//1499 1248//1499 1247//1499
f 1306//1500 1247//1500 1307//1500
f 1307//1501 1247//1501 1246//1501
f 1307//1502 1246//1502 1308//1502
f 1308//1503 1246//1503 1252//1503
f 1308//1504 1252//1504 1309//1504
f 1309//1505 1252//1505 1251//1505
f 1309//1506 1251//1506 1310//1506
f 1310//1507 1251//1507 1250//1507
f 1310//1508 1250//1508 1311//1508
f 1311//1509 1250//1509 1264//1509
f 1311//1510 1264//1510 1312//1510
f 1312//1511 1264//1511 1263//1511
f 1312//1512 1263//1512 1271//1512
f 1271//1513 1263//1513 1262//1513
f 1313//1514 1314//1514 1315//1514
f 1315//1515 1314//1515 1316//1515
f 1315//1516 1316//1516 1317//1516
f 1317//1517 1316//1517 1318//1517
f 1317//1518 1318//1518 1319//1518
f 1313//1519 1315//1519 1320//1519
f 1320//1520 1315//1520 1321//1520
f 1320//1521 1321//1521 1322//1521
f 1322//1522 1321//1522 1323//1522
f 1322//1523 1323//1523 1324//1523
f 1324//1524 1323//1524 1325//1524
f 1324//1525 1325//1525 1326//1525
f 1327//1526 1328//1526 1329//1526
f 1329//1527 1328//1527 1330//1527
f 1329//1528 1330//1528 1325//1528
f 1325//1529 1330//1529 1331//1529
f 1325//1530 1331//1530 1326//1530
f 1332//1531 1333//1531 1334//1531
f 1334//1532 1333//1532 1335//1532
f 1334//1533 1335//1533 1336//1533
f 1336//1534 1335//1534 1337//1534
f 1336//1535 1337//1535 1327//1535
f 1327//1536 1337//1536 1338//1536
f 1327//1537 1338//1537 1328//1537
f 1332//1538 1334//1538 1339//1538
f 1339//1539 1334//1539 1340//1539
f 1339//1540 1340//1540 1341//1540
f 1341//1541 1340//1541 1342//1541
f 1341//1542 1342//1542 1343//1542
f 1343//1543 1342//1543 1344//1543
f 1343//1544 1344//1544 1345//1544
f 1346//1545 1347//1545 1348//1545
f 1348//1546 1347//1546 1349//1546
f 1348//1547 1349//1547 1344//1547
f 1344//1548 1349//1548 1350//1548
f 1344//1549 1350//1549 1345//1549
f 1351//1550 1352//1550 1353//1550
f 1353//1551 1352//1551 1354//1551
f 1353//1552 1354//1552 1355//1552
f 1355//1553 1354//1553 1356//1553
f 1355//1554 1356//1554 1346//1554
f 1346//1555 1356//1555 1357//1555
f 1346//1556 1357//1556 1347//1556
f 1351//1557 1353//1557 1358//1557
f 1358//1558 1353//1558 1359//1558
f 1358//1559 1359//1559 1360//1559
f 1360//1560 1359//1560 1361//1560
f 1360//1561 1361//1561 1362//1561
f 1362//1562 1361//1562 1363//1562
f 1362//1563 1363//1563 1364//1563
f 1365//1564 1366//1564 1367//1564
f 1367//1565 1366//1565 1368//1565
f 1367//1566 1368//1566 1363//1566
f 1363//1567 1368//1567 1369//1567
f 1363//1568 1369//1568 1364//1568
f 1370//1569 1371//1569 1372//1569
f 1372//1570 1371//1570 1373//1570
f 1372//1571 1373//1571 1374//1571
f 1374//1572 1373//1572 1375//1572
f 1374//1573 1375//1573 1365//1573
f 1365//1574 1375//1574 1376//1574
f 1365//1575 1376//1575 1366//1575
f 1370//1576 1372//1576 1377//1576
f 1377//1577 1372//1577 1378//1577
f 1377//1578 1378//1578 1379//1578
f 1379//1579 1378//1579 1380//1579
f 1379//1580 1380//1580 1381//1580
f 1381//1581 1380//1581 1382//1581
f 1381//1582 1382//1582 1383//1582
f 1384//1583 1385//1583 1386//1583
f 1386//1584 1385//1584 1387//1584
f 1386//1585 1387//1585 1382//1585
f 1382//1586 1387//1586 1388//1586
f 1382//1587 1388//1587 1383//1587
f 1389//1588 1390//1588 1391//1588
f 1391//1589 1390//1589 1392//1589
f 1391//1590 1392//1590 1393//1590
f 1393//1591 1392//1591 1394//1591
f 1393//1592 1394//1592 1384//1592
f 1384//1593 1394//1593 1395//1593
f 1384//1594 1395//1594 1385//1594
f 1389//1595 1391//1595 1396//1595
f 1396//1596 1391//1596 1397//1596
f 1396//1597 1397//1597 1398//1597
f 1398//1598 1397//1598 1399//1598
f 1398//1599 1399//1599 1400//1599
f 1400//1600 1399//1600 1401//1600
f 1400//1601 1401//1601 1402//1601
f 1403//1602 1404//1602 1405//1602
f 1405//1603 1404//1603 1406//1603
f 1405//1604 1406//1604 1401//1604
f 1401//1605 1406//1605 1407//1605
f 1401//1606 1407//1606 1402//1606
f 1408//1607 1409//1607 1410//1607
f 1410//1608 1409//1608 1411//1608
f 1410//1609 1411//1609 1412//1609
f 1412//1610 1411//1610 1413//1610
f 1412//1611 1413//1611 1403//1611
f 1403//1612 1413//1612 1414//1612
f 1403//1613 1414//1613 1404//1613
f 1408//1614 1410//1614 1415//1614
f 1415//1615 1410//1615 1416//1615
f 1415//1616 1416//1616 1417//1616
f 1417//1617 1416//1617 1418//1617
f 1417//1618 1418//1618 1419//1618
f 1419//1619 1418//1619 1420//1619
f 1419//1620 1420//1620 1421//1620
f 1318//1621 1422//1621 1319//1621
f 1319//1622 1422//1622 1423//1622
f 1319//1623 1423//1623 1424//1623
f 1424//1624 1423//1624 1425//1624
f 1424//1625 1425//1625 1420//1625
f 1420//1626 1425//1626 1426//1626
f 1420//1627 1426//1627 1421//1627
f 1355//1628 1427//1628 1353//1628
f 1353//1629 1427//1629 1428//1629
f 1353//1630 1428//1630 1359//1630
f 1359//1631 1428//1631 1429//1631
f 1359//1632 1429//1632 1361//1632
f 1361//1633 1429//1633 1430//1633
f 1361//1634 1430//1634 1363//1634
f 1363//1635 1430//1635 1431//1635
f 1363//1636 1431//1636 1367//1636
f 1367//1637 1431//1637 1432//1637
f 1367//1638 1432//1638 1365//1638
f 1365//1639 1432//1639 1433//1639
f 1365//1640 1433//1640 1374//1640
f 1374//1641 1433//1641 1434//1641
f 1374//1642 1434//1642 1372//1642
f 1372//1643 1434//1643 1435//1643
f 1372//1644 1435//1644 1378//1644
f 1378//1645 1435//1645 1436//1645
f 1378//1646 1436//1646 1380//1646
f 1380//1647 1436//1647 1437//1647
f 1380//1648 1437//1648 1382//1648
f 1382//1649 1437//1649 1438//1649
f 1382//1650 1438//1650 1386//1650
f 1386//1651 1438//1651 1439//1651
f 1386//1652 1439//1652 1384//1652
f 1384//1653 1439//1653 1440//1653
f 1384//1654 1440//1654 1393//1654
f 1393//1655 1440//1655 1441//1655
f 1393//1656 1441//1656 1391//1656
f 1391//1657 1441//1657 1442//1657
f 1391//1658 1442//1658 1397//1658
f 1397//1659 1442//1659 1443//1659
f 1397//1660 1443//1660 1399//1660
f 1399//1661 1443//1661 1444//1661
f 1399//1662 1444//1662 1401//1662
f 1401//1663 1444//1663 1445//1663
f 1401//1664 1445//1664 1405//1664
f 1405//1665 1445//1665 1446//1665
f 1405//1666 1446//1666 1403//1666
f 1403//1667 1446//1667 1447//1667
f 1403//1668 1447//1668 1412//1668
f 1412//1669 1447//1669 1448//1669
f 1412//1670 1448//1670 1410//1670
f 1410//1671 1448//1671 1449//1671
f 1410//1672 1449//1672 1416//1672
f 1416//1673 1449//1673 1450//1673
f 1416//1674 1450//1674 1418//1674
f 1418//1675 1450//1675 1451//1675
f 1418//1676 1451//1676 1420//1676
f 1420//1677 1451//1677 1452//1677
f 1420//1678 1452//1678 1424//1678
f 1424//1679 1452//1679 1453//1679
f 1424//1680 1453//1680 1319//1680
f 1319//1681 1453//1681 1454//1681
f 1319//1682 1454//1682 1317//1682
f 1317//1683 1454//1683 1455//1683
f 1317//1684 1455//1684 1315//1684
f 1315//1685 1455//1685 1456//1685
f 1315//1686 1456//1686 1321//1686
f 1321//1687 1456//1687 1457//1687
f 1321//1688 1457//1688 1323//1688
f 1323//1689 1457//1689 1458//1689
f 1323//1690 1458//1690 1325//1690
f 1325//1691 1458//1691 1459//1691
f 1325//1692 1459//1692 1329//1692
f 1329//1693 1459//1693 1460//1693
f 1329//1694 1460//1694 1327//1694
f 1327//1695 1460//1695 1461//1695
f 1327//1696 1461//1696 1336//1696
f 1336//1697 1461//1697 1462//1697
f 1336//1698 1462//1698 1334//1698
f 1334//1699 1462//1699 1463//1699
f 1334//1700 1463//1700 1340//1700
f 1340//1701 1463//1701 1464//1701
f 1340//1702 1464//1702 1342//1702
f 1342//1703 1464//1703 1465//1703
f 1342//1704 1465//1704 1344//1704
f 1344//1705 1465//1705 1466//1705
f 1344//1706 1466//1706 1348//1706
f 1348//1707 1466//1707 1467//1707
f 1348//1708 1467//1708 1346//1708
f 1346//1709 1467//1709 1468//1709
f 1346//1710 1468//1710 1355//1710
f 1355//1711 1468//1711 1427//1711
f 1427//1712 1271//1712 1428//1712
f 1428//1713 1271//1713 1272//1713
f 1428//1714 1272//1714 1429//1714
f 1429//1715 1272//1715 1273//1715
f 1429//1716 1273//1716 1430//1716
f 1430//1717 1273//1717 1274//1717
f 1430//1718 1274//1718 1431//1718
f 1431//1719 1274//1719 1275//1719
f 1431//1720 1275//1720 1432//1720
f 1432//1721 1275//1721 1276//1721
f 1432//1722 1276//1722 1433//1722
f 1433//1723 1276//1723 1277//1723
f 1433//1724 1277//1724 1434//1724
f 1434//1725 1277//1725 1278//1725
f 1434//1726 1278//1726 1435//1726
f 1435//1727 1278//1727 1279//1727
f 1435//1728 1279//1728 1436//1728
f 1436//1729 1279//1729 1280//1729
f 1436//1730 1280//1730 1437//1730
f 1437//1731 1280//1731 1281//1731
f 1437//1732 1281//1732 1438//1732
f 1438//1733 1281//1733 1282//1733
f 1438//1734 1282//1734 1439//1734
f 1439//1735 1282//1735 1283//1735
f 1439//1736 1283//1736 1440//1736
f 1440//1737 1283//1737 1284//1737
f 1440//1738 1284//1738 1441//1738
f 1441//1739 1284//1739 1285//1739
f 1441//1740 1285//1740 1442//1740
f 1442//1741 1285//1741 1286//1741
f 1442//1742 1286//1742 1443//1742
f 1443//1743 1286//1743 1287//1743
f 1443//1744 1287//1744 1444//1744
f 1444//1745 1287//1745 1288//1745
f 1444//1746 1288//1746 1445//1746
f 1445//1747 1288//1747 1289//1747
f 1445//1748 1289//1748 1446//1748
f 1446//1749 1289//1749 1290//1749
f 1446//1750 1290//1750 1447//1750
f 1447//1751 1290//1751 1291//1751
f 1447//1752 1291//1752 1448//1752
f 1448//1753 1291//1753 1292//1753
f 1448//1754 1292//1754 1449//1754
f 1449//1755 1292//1755 1293//1755
f 1449//1756 1293//1756 1450//1756
f 1450//1757 1293//1757 1294//1757
f 1450//1758 1294//1758 1451//1758
f 1451//1759 1294//1759 1295//1759
f 1451//1760 1295//1760 1452//1760
f 1452//1761 1295//1761 1296//1761
f 1452//1762 1296//1762 1453//1762
f 1453//1763 1296//1763 1297//1763
f 1453//1764 1297//1764 1454//1764
f 1454//1765 1297//1765 1298//1765
f 1454//1766 1298//1766 1455//1766
f 1455//1767 1298//1767 1299//1767
f 1455//1768 1299//1768 1456//1768
f 1456//1769 1299//1769 1300//1769
f 1456//1770 1300//1770 1457//1770
f 1457//1771 1300//1771 1301//1771
f 1457//1772 1301//1772 1458//1772
f 1458//1773 1301//1773 1302//1773
f 1458//1774 1302//1774 1459//1774
f 1459//1775 1302//1775 1303//1775
f 1459//1776 1303//1776 1460//1776
f 1460//1777 1303//1777 1304//1777
f 1460//1778 1304//1778 1461//1778
f 1461//1779 1304//1779 1305//1779
f 1461//1780 1305//1780 1462//1780
f 1462//1781 1305//1781 1306//1781
f 1462//1782 1306//1782 1463//1782
f 1463//1783 1306//1783 1307//1783
f 1463//1784 1307//1784 1464//1784
f 1464//1785 1307//1785 1308//1785
f 1464//1786 1308//1786 1465//1786
f 1465//1787 1308//1787 1309//1787
f 1465//1788 1309//1788 1466//1788
f 1466//1789 1309//1789 1310//1789
f 1466//1790 1310//1790 1467//1790
f 1467//1791 1310//1791 1311//1791
f 1467//1792 1311//1792 1468//1792
f 1468//1793 1311//1793 1312//1793
f 1468//1794 1312//1794 1427//1794
f 1427//1795 1312//1795 1271//1795
f 1318//1796 1469//1796 1422//1796
f 1422//1797 1469//1797 1470//1797
f 1318//1798 1316//1798 1469//1798
f 1469//1799 1316//1799 1314//1799
f 1469//1800 1314//1800 1471//1800
f 1322//1801 1472//1801 1320//1801
f 1320//1802 1472//1802 1471//1802
f 1320//1803 1471//1803 1313//1803
f 1313//1804 1471//1804 1314//1804
f 1322//1805 1324//1805 1472//1805
f 1472//1806 1324//1806 1326//1806
f 1472//1807 1326//1807 1473//1807
f 1326//1808 1331//1808 1473//1808
f 1473//1809 1331//1809 1330//1809
f 1473//1810 1330//1810 1474//1810
f 1337//1811 1475//1811 1338//1811
f 1338//1812 1475//1812 1474//1812
f 1338//1813 1474//1813 1328//1813
f 1328//1814 1474//1814 1330//1814
f 1337//1815 1335//1815 1475//1815
f 1475//1816 1335//1816 1333//1816
f 1475//1817 1333//1817 1476//1817
f 1341//1818 1477//1818 1339//1818
f 1339//1819 1477//1819 1476//1819
f 1339//1820 1476//1820 1332//1820
f 1332//1821 1476//1821 1333//1821
f 1341//1822 1343//1822 1477//1822
f 1477//1823 1343//1823 1345//1823
f 1477//1824 1345//1824 1478//1824
f 1345//1825 1350//1825 1478//1825
f 1478//1826 1350//1826 1349//1826
f 1478//1827 1349//1827 1479//1827
f 1356//1828 1480//1828 1357//1828
f 1357//1829 1480//1829 1479//1829
f 1357//1830 1479//1830 1347//1830
f 1347//1831 1479//1831 1349//1831
f 1356//1832 1354//1832 1480//1832
f 1480//1833 1354//1833 1352//1833
f 1480//1834 1352//1834 1481//1834
f 1360//1835 1482//1835 1358//1835
f 1358//1836 1482//1836 1481//1836
f 1358//1837 1481//1837 1351//1837
f 1351//1838 1481//1838 1352//1838
f 1360//1839 1362//1839 1482//1839
f 1482//1840 1362//1840 1364//1840
f 1482//1841 1364//1841 1483//1841
f 1364//1842 1369//1842 1483//1842
f 1483//1843 1369//1843 1368//1843
f 1483//1844 1368//1844 1484//1844
f 1375//1845 1485//1845 1376//1845
f 1376//1846 1485//1846 1484//1846
f 1376//1847 1484//1847 1366//1847
f 1366//1848 1484//1848 1368//1848
f 1375//1849 1373//1849 1485//1849
f 1485//1850 1373//1850 1371//1850
f 1485//1851 1371//1851 1486//1851
f 1379//1852 1487//1852 1377//1852
f 1377//1853 1487//1853 1486//1853
f 1377//1854 1486//1854 1370//1854
f 1370//1855 1486//1855 1371//1855
f 1379//1856 1381//1856 1487//1856
f 1487//1857 1381//1857 1383//1857
f 1487//1858 1383//1858 1488//1858
f 1383//1859 1388//1859 1488//1859
f 1488//1860 1388//1860 1387//1860
f 1488//1861 1387//1861 1489//1861
f 1394//1862 1490//1862 1395//1862
f 1395//1863 1490//1863 1489//1863
f 1395//1864 1489//1864 1385//1864
f 1385//1865 1489//1865 1387//1865
f 1394//1866 1392//1866 1490//1866
f 1490//1867 1392//1867 1390//1867
f 1490//1868 1390//1868 1491//1868
f 1398//1869 1492//1869 1396//1869
f 1396//1870 1492//1870 1491//1870
f 1396//1871 1491//1871 1389//1871
f 1389//1872 1491//1872 1390//1872
f 1398//1873 1400//1873 1492//1873
f 1492//1874 1400//1874 1402//1874
f 1492//1875 1402//1875 1493//1875
f 1402//1876 1407//1876 1493//1876
f 1493//1877 1407//1877 1406//1877
f 1493//1878 1406//1878 1494//1878
f 1413//1879 1495//1879 1414//1879
f 1414//1880 1495//1880 1494//1880
f 1414//1881 1494//1881 1404//1881
f 1404//1882 1494//1882 1406//1882
f 1413//1883 1411//1883 1495//1883
f 1495//1884 1411//1884 1409//1884
f 1495//1885 1409//1885 1496//1885
f 1417//1886 1497//1886 1415//1886
f 1415//1887 1497//1887 1496//1887
f 1415//1888 1496//1888 1408//1888
f 1408//1889 1496//1889 1409//1889
f 1417//1890 1419//1890 1497//1890
f 1497//1891 1419//1891 1421//1891
f 1497//1892 1421//1892 1498//1892
f 1421//1893 1426//1893 1498//1893
f 1498//1894 1426//1894 1425//1894
f 1498//1895 1425//1895 1470//1895
f 1470//1896 1425//1896 1423//1896
f 1470//1897 1423//1897 1422//1897
f 1499//514 1500//514 1501//514
f 1502//514 1503//514 1501//514
f 1501//514 1503//514 1504//514
f 1501//514 1504//514 1499//514
f 1505//514 1506//514 1501//514
f 1501//514 1506//514 1507//514
f 1501//514 1507//514 1502//514
f 1508//514 1509//514 1501//514
f 1501//514 1509//514 1510//514
f 1501//514 1510//514 1505//514
f 1511//514 1512//514 1501//514
f 1501//514 1512//514 1513//514
f 1501//514 1513//514 1508//514
f 1514//514 1515//514 1501//514
f 1501//514 1515//514 1516//514
f 1501//514 1516//514 1511//514
f 1517//514 1518//514 1501//514
f 1501//514 1518//514 1519//514
f 1501//514 1519//514 1514//514
f 1500//514 1520//514 1501//514
f 1501//514 1520//514 1521//514
f 1501//514 1521//514 1517//514
f 1522//514 1523//514 1484//514
f 1484//514 1523//514 1483//514
f 1524//514 1525//514 1476//514
f 1476//514 1525//514 1475//514
f 1526//514 1527//514 1491//514
f 1491//514 1527//514 1490//514
f 1528//514 1477//514 1529//514
f 1529//514 1477//514 1478//514
f 1529//514 1478//514 1530//514
f 1530//514 1478//514 1479//514
f 1530//514 1479//514 1531//514
f 1531//514 1479//514 1532//514
f 1533//514 1471//514 1534//514
f 1534//514 1471//514 1472//514
f 1534//514 1472//514 1535//514
f 1536//514 1537//514 1470//514
f 1538//514 1492//514 1539//514
f 1539//514 1492//514 1493//514
f 1539//514 1493//514 1540//514
f 1540//514 1493//514 1494//514
f 1540//514 1494//514 1541//514
f 1541//514 1494//514 1542//514
f 1543//514 1486//514 1544//514
f 1544//514 1486//514 1487//514
f 1544//514 1487//514 1545//514
f 1546//514 1482//514 1547//514
f 1547//514 1482//514 1483//514
f 1547//514 1483//514 1548//514
f 1548//514 1483//514 1523//514
f 1528//514 1549//514 1477//514
f 1477//514 1549//514 1550//514
f 1477//514 1550//514 1476//514
f 1476//514 1550//514 1551//514
f 1476//514 1551//514 1524//514
f 1552//514 1553//514 1474//514
f 1474//514 1553//514 1473//514
f 1470//514 1537//514 1498//514
f 1554//514 1497//514 1555//514
f 1555//514 1497//514 1498//514
f 1555//514 1498//514 1556//514
f 1556//514 1498//514 1537//514
f 1538//514 1557//514 1492//514
f 1492//514 1557//514 1558//514
f 1492//514 1558//514 1491//514
f 1491//514 1558//514 1559//514
f 1491//514 1559//514 1526//514
f 1560//514 1561//514 1489//514
f 1489//514 1561//514 1488//514
f 1543//514 1562//514 1486//514
f 1486//514 1562//514 1563//514
f 1486//514 1563//514 1485//514
f 1563//514 1564//514 1485//514
f 1485//514 1564//514 1565//514
f 1485//514 1565//514 1484//514
f 1484//514 1565//514 1566//514
f 1484//514 1566//514 1522//514
f 1567//514 1481//514 1568//514
f 1568//514 1481//514 1482//514
f 1568//514 1482//514 1569//514
f 1569//514 1482//514 1546//514
f 1553//514 1570//514 1473//514
f 1473//514 1570//514 1571//514
f 1473//514 1571//514 1472//514
f 1472//514 1571//514 1572//514
f 1472//514 1572//514 1535//514
f 1533//514 1573//514 1471//514
f 1471//514 1573//514 1574//514
f 1471//514 1574//514 1469//514
f 1574//514 1575//514 1469//514
f 1469//514 1575//514 1576//514
f 1469//514 1576//514 1470//514
f 1470//514 1576//514 1577//514
f 1470//514 1577//514 1536//514
f 1578//514 1496//514 1579//514
f 1579//514 1496//514 1497//514
f 1579//514 1497//514 1580//514
f 1580//514 1497//514 1554//514
f 1561//514 1581//514 1488//514
f 1488//514 1581//514 1582//514
f 1488//514 1582//514 1487//514
f 1487//514 1582//514 1583//514
f 1487//514 1583//514 1545//514
f 1567//514 1584//514 1481//514
f 1481//514 1584//514 1585//514
f 1481//514 1585//514 1480//514
f 1480//514 1585//514 1586//514
f 1480//514 1586//514 1479//514
f 1479//514 1586//514 1587//514
f 1479//514 1587//514 1532//514
f 1525//514 1588//514 1475//514
f 1475//514 1588//514 1589//514
f 1475//514 1589//514 1474//514
f 1474//514 1589//514 1590//514
f 1474//514 1590//514 1552//514
f 1578//514 1591//514 1496//514
f 1496//514 1591//514 1592//514
f 1496//514 1592//514 1495//514
f 1495//514 1592//514 1593//514
f 1495//514 1593//514 1494//514
f 1494//514 1593//514 1594//514
f 1494//514 1594//514 1542//514
f 1527//514 1595//514 1490//514
f 1490//514 1595//514 1596//514
f 1490//514 1596//514 1489//514
f 1489//514 1596//514 1597//514
f 1489//514 1597//514 1560//514
f 1598//515 1504//515 1599//515
f 1599//516 1504//516 1503//516
f 1599//517 1503//517 1600//517
f 1600//518 1503//518 1502//518
f 1600//519 1502//519 1601//519
f 1601//520 1502//520 1507//520
f 1601//521 1507//521 1602//521
f 1602//522 1507//522 1506//522
f 1602//523 1506//523 1603//523
f 1603//524 1506//524 1505//524
f 1603//524 1505//524 1604//524
f 1604//525 1505//525 1510//525
f 1604//526 1510//526 1605//526
f 1605//527 1510//527 1509//527
f 1605//528 1509//528 1606//528
f 1606//1898 1509//1898 1508//1898
f 1606//1899 1508//1899 1607//1899
f 1607//531 1508//531 1513//531
f 1607//532 1513//532 1608//532
f 1608//533 1513//533 1512//533
f 1608//1900 1512//1900 1609//1900
f 1609//1901 1512//1901 1511//1901
f 1609//1902 1511//1902 1610//1902
f 1610//537 1511//537 1516//537
f 1610//538 1516//538 1611//538
f 1611//1903 1516//1903 1515//1903
f 1611//1904 1515//1904 1612//1904
f 1612//541 1515//541 1514//541
f 1612//542 1514//542 1613//542
f 1613//543 1514//543 1519//543
f 1613//544 1519//544 1614//544
f 1614//545 1519//545 1518//545
f 1614//545 1518//545 1615//545
f 1615//546 1518//546 1517//546
f 1615//547 1517//547 1616//547
f 1616//548 1517//548 1521//548
f 1616//549 1521//549 1617//549
f 1617//550 1521//550 1520//550
f 1617//551 1520//551 1618//551
f 1618//552 1520//552 1500//552
f 1618//553 1500//553 1619//553
f 1619//554 1500//554 1499//554
f 1619//555 1499//555 1598//555
f 1598//556 1499//556 1504//556
f 1523//1905 1522//1905 1620//1905
f 1563//1906 1562//1906 1621//1906
f 1583//1907 1582//1907 1622//1907
f 1597//1908 1596//1908 1623//1908
f 1574//1909 1573//1909 1624//1909
f 1572//1910 1571//1910 1625//1910
f 1590//1911 1589//1911 1626//1911
f 1627//1912 1532//1912 1587//1912
f 1627//1913 1587//1913 1628//1913
f 1629//1914 1530//1914 1627//1914
f 1627//1915 1530//1915 1531//1915
f 1627//1916 1531//1916 1532//1916
f 1550//1917 1549//1917 1630//1917
f 1630//1918 1549//1918 1528//1918
f 1630//1919 1528//1919 1629//1919
f 1629//1920 1528//1920 1529//1920
f 1629//1921 1529//1921 1530//1921
f 1550//1922 1630//1922 1551//1922
f 1551//1923 1630//1923 1631//1923
f 1551//1924 1631//1924 1524//1924
f 1524//1925 1631//1925 1632//1925
f 1524//1926 1632//1926 1525//1926
f 1626//1927 1589//1927 1632//1927
f 1632//1928 1589//1928 1588//1928
f 1632//1929 1588//1929 1525//1929
f 1590//1930 1626//1930 1552//1930
f 1552//1931 1626//1931 1633//1931
f 1552//1932 1633//1932 1553//1932
f 1625//1933 1571//1933 1633//1933
f 1633//1934 1571//1934 1570//1934
f 1633//1935 1570//1935 1553//1935
f 1572//1936 1625//1936 1535//1936
f 1535//1937 1625//1937 1634//1937
f 1535//1938 1634//1938 1534//1938
f 1624//1939 1573//1939 1634//1939
f 1634//1940 1573//1940 1533//1940
f 1634//1941 1533//1941 1534//1941
f 1574//1942 1624//1942 1575//1942
f 1575//1943 1624//1943 1635//1943
f 1575//1944 1635//1944 1576//1944
f 1636//1945 1536//1945 1635//1945
f 1635//1946 1536//1946 1577//1946
f 1635//1947 1577//1947 1576//1947
f 1637//1948 1556//1948 1636//1948
f 1636//1949 1556//1949 1537//1949
f 1636//1950 1537//1950 1536//1950
f 1579//1951 1580//1951 1638//1951
f 1638//1952 1580//1952 1554//1952
f 1638//1953 1554//1953 1637//1953
f 1637//1954 1554//1954 1555//1954
f 1637//1955 1555//1955 1556//1955
f 1579//1956 1638//1956 1578//1956
f 1578//1957 1638//1957 1639//1957
f 1578//1958 1639//1958 1591//1958
f 1591//1959 1639//1959 1592//1959
f 1592//1960 1639//1960 1640//1960
f 1592//1961 1640//1961 1593//1961
f 1593//1962 1640//1962 1594//1962
f 1594//1963 1640//1963 1641//1963
f 1594//1964 1641//1964 1542//1964
f 1642//1965 1540//1965 1641//1965
f 1641//1966 1540//1966 1541//1966
f 1641//1967 1541//1967 1542//1967
f 1558//1968 1557//1968 1643//1968
f 1643//1969 1557//1969 1538//1969
f 1643//1970 1538//1970 1642//1970
f 1642//1971 1538//1971 1539//1971
f 1642//1972 1539//1972 1540//1972
f 1558//1973 1643//1973 1559//1973
f 1559//1974 1643//1974 1644//1974
f 1559//1975 1644//1975 1526//1975
f 1526//1976 1644//1976 1645//1976
f 1526//1977 1645//1977 1527//1977
f 1623//1978 1596//1978 1645//1978
f 1645//1979 1596//1979 1595//1979
f 1645//1980 1595//1980 1527//1980
f 1597//1981 1623//1981 1560//1981
f 1560//1982 1623//1982 1646//1982
f 1560//1983 1646//1983 1561//1983
f 1622//1984 1582//1984 1646//1984
f 1646//1985 1582//1985 1581//1985
f 1646//1986 1581//1986 1561//1986
f 1583//1987 1622//1987 1545//1987
f 1545//1988 1622//1988 1647//1988
f 1545//1989 1647//1989 1544//1989
f 1621//1990 1562//1990 1647//1990
f 1647//1991 1562//1991 1543//1991
f 1647//1992 1543//1992 1544//1992
f 1563//1993 1621//1993 1564//1993
f 1564//1994 1621//1994 1648//1994
f 1564//1995 1648//1995 1565//1995
f 1620//1996 1522//1996 1648//1996
f 1648//1997 1522//1997 1566//1997
f 1648//1998 1566//1998 1565//1998
f 1523//1999 1620//1999 1548//1999
f 1548//2000 1620//2000 1649//2000
f 1548//2001 1649//2001 1547//2001
f 1547//2002 1649//2002 1546//2002
f 1546//2003 1649//2003 1650//2003
f 1546//2004 1650//2004 1569//2004
f 1651//2005 1567//2005 1650//2005
f 1650//2006 1567//2006 1568//2006
f 1650//2007 1568//2007 1569//2007
f 1587//2008 1586//2008 1628//2008
f 1628//2009 1586//2009 1585//2009
f 1628//2010 1585//2010 1651//2010
f 1651//2011 1585//2011 1584//2011
f 1651//2012 1584//2012 1567//2012
f 1652//2013 1653//2013 1654//2013
f 1654//2014 1653//2014 1655//2014
f 1654//2015 1655//2015 1656//2015
f 1656//2016 1655//2016 1657//2016
f 1656//2017 1657//2017 1658//2017
f 1658//2018 1657//2018 1659//2018
f 1658//2019 1659//2019 1660//2019
f 1661//2020 1662//2020 1663//2020
f 1663//2021 1662//2021 1664//2021
f 1663//2022 1664//2022 1665//2022
f 1665//2023 1664//2023 1666//2023
f 1665//2024 1666//2024 1659//2024
f 1659//2025 1666//2025 1667//2025
f 1659//2026 1667//2026 1660//2026
f 1668//2027 1669//2027 1661//2027
f 1661//2028 1669//2028 1670//2028
f 1661//2029 1670//2029 1662//2029
f 1671//2030 1672//2030 1668//2030
f 1668//2031 1672//2031 1673//2031
f 1668//2032 1673//2032 1669//2032
f 1674//2033 1675//2033 1676//2033
f 1676//2034 1675//2034 1677//2034
f 1676//2035 1677//2035 1671//2035
f 1671//2036 1677//2036 1678//2036
f 1671//2037 1678//2037 1672//2037
f 1679//2038 1680//2038 1674//2038
f 1674//2039 1680//2039 1681//2039
f 1674//2040 1681//2040 1675//2040
f 1682//2041 1683//2041 1684//2041
f 1684//2042 1683//2042 1685//2042
f 1684//2043 1685//2043 1686//2043
f 1686//2044 1685//2044 1687//2044
f 1686//2045 1687//2045 1679//2045
f 1679//2046 1687//2046 1688//2046
f 1679//2047 1688//2047 1680//2047
f 1682//2048 1684//2048 1689//2048
f 1689//2049 1684//2049 1690//2049
f 1689//2050 1690//2050 1691//2050
f 1691//2051 1690//2051 1692//2051
f 1691//2052 1692//2052 1693//2052
f 1693//2053 1692//2053 1694//2053
f 1693//2054 1694//2054 1695//2054
f 1696//2055 1697//2055 1698//2055
f 1698//2056 1697//2056 1699//2056
f 1698//2057 1699//2057 1700//2057
f 1700//2058 1699//2058 1701//2058
f 1700//2059 1701//2059 1702//2059
f 1702//2060 1701//2060 1703//2060
f 1702//2061 1703//2061 1694//2061
f 1694//2062 1703//2062 1704//2062
f 1694//2063 1704//2063 1695//2063
f 1696//2064 1698//2064 1705//2064
f 1705//2065 1698//2065 1706//2065
f 1705//2066 1706//2066 1707//2066
f 1707//2067 1706//2067 1708//2067
f 1707//2068 1708//2068 1709//2068
f 1709//2069 1708//2069 1710//2069
f 1709//2070 1710//2070 1711//2070
f 1711//2071 1710//2071 1712//2071
f 1712//2072 1710//2072 1713//2072
f 1712//2073 1713//2073 1714//2073
f 1714//2074 1713//2074 1715//2074
f 1715//2075 1713//2075 1716//2075
f 1715//2076 1716//2076 1717//2076
f 1717//2077 1716//2077 1718//2077
f 1718//2078 1716//2078 1719//2078
f 1718//2079 1719//2079 1720//2079
f 1720//2080 1719//2080 1721//2080
f 1720//2081 1721//2081 1722//2081
f 1722//2082 1721//2082 1723//2082
f 1723//2083 1721//2083 1724//2083
f 1723//2084 1724//2084 1725//2084
f 1725//2085 1724//2085 1726//2085
f 1726//2086 1724//2086 1727//2086
f 1726//2087 1727//2087 1728//2087
f 1728//2088 1727//2088 1729//2088
f 1728//2089 1729//2089 1730//2089
f 1652//2090 1731//2090 1653//2090
f 1653//2091 1731//2091 1732//2091
f 1653//2092 1732//2092 1733//2092
f 1733//2093 1732//2093 1734//2093
f 1733//2094 1734//2094 1735//2094
f 1735//2095 1734//2095 1736//2095
f 1735//2096 1736//2096 1729//2096
f 1729//2097 1736//2097 1737//2097
f 1729//2098 1737//2098 1730//2098
f 1639//2099 1738//2099 1640//2099
f 1640//2100 1738//2100 1739//2100
f 1640//2101 1739//2101 1641//2101
f 1641//2102 1739//2102 1740//2102
f 1641//2103 1740//2103 1642//2103
f 1642//2104 1740//2104 1741//2104
f 1642//2105 1741//2105 1643//2105
f 1643//2106 1741//2106 1742//2106
f 1643//2107 1742//2107 1644//2107
f 1644//2108 1742//2108 1743//2108
f 1644//2109 1743//2109 1645//2109
f 1645//2110 1743//2110 1744//2110
f 1645//2111 1744//2111 1623//2111
f 1623//2112 1744//2112 1745//2112
f 1623//2113 1745//2113 1646//2113
f 1646//2114 1745//2114 1746//2114
f 1646//2115 1746//2115 1622//2115
f 1622//2116 1746//2116 1747//2116
f 1622//2117 1747//2117 1647//2117
f 1647//2118 1747//2118 1748//2118
f 1647//2119 1748//2119 1621//2119
f 1621//2120 1748//2120 1749//2120
f 1621//2121 1749//2121 1648//2121
f 1648//2122 1749//2122 1750//2122
f 1648//2123 1750//2123 1620//2123
f 1620//2124 1750//2124 1751//2124
f 1620//2125 1751//2125 1649//2125
f 1649//2126 1751//2126 1752//2126
f 1649//2127 1752//2127 1650//2127
f 1650//2128 1752//2128 1753//2128
f 1650//2129 1753//2129 1651//2129
f 1651//2130 1753//2130 1754//2130
f 1651//2131 1754//2131 1628//2131
f 1628//2132 1754//2132 1755//2132
f 1628//2133 1755//2133 1627//2133
f 1627//2134 1755//2134 1756//2134
f 1627//2135 1756//2135 1629//2135
f 1629//2136 1756//2136 1757//2136
f 1629//2137 1757//2137 1630//2137
f 1630//2138 1757//2138 1758//2138
f 1630//2139 1758//2139 1631//2139
f 1631//2140 1758//2140 1759//2140
f 1631//2141 1759//2141 1632//2141
f 1632//2142 1759//2142 1760//2142
f 1632//2143 1760//2143 1626//2143
f 1626//2144 1760//2144 1761//2144
f 1626//2145 1761//2145 1633//2145
f 1633//2146 1761//2146 1762//2146
f 1633//2147 1762//2147 1625//2147
f 1625//2148 1762//2148 1763//2148
f 1625//2149 1763//2149 1634//2149
f 1634//2150 1763//2150 1764//2150
f 1634//2151 1764//2151 1624//2151
f 1624//2152 1764//2152 1765//2152
f 1624//2153 1765//2153 1635//2153
f 1635//2154 1765//2154 1766//2154
f 1635//2155 1766//2155 1636//2155
f 1636//2156 1766//2156 1767//2156
f 1636//2157 1767//2157 1637//2157
f 1637//2158 1767//2158 1768//2158
f 1637//2159 1768//2159 1638//2159
f 1638//2160 1768//2160 1769//2160
f 1638//2161 1769//2161 1639//2161
f 1639//2162 1769//2162 1738//2162
f 1769//2163 1727//2163 1738//2163
f 1738//2164 1727//2164 1724//2164
f 1738//2165 1724//2165 1739//2165
f 1739//2166 1724//2166 1721//2166
f 1739//2167 1721//2167 1740//2167
f 1740//2168 1721//2168 1719//2168
f 1740//2169 1719//2169 1741//2169
f 1741//2170 1719//2170 1716//2170
f 1741//2171 1716//2171 1742//2171
f 1742//2172 1716//2172 1713//2172
f 1742//2173 1713//2173 1743//2173
f 1743//2174 1713//2174 1710//2174
f 1743//2175 1710//2175 1744//2175
f 1744//2176 1710//2176 1708//2176
f 1744//2177 1708//2177 1745//2177
f 1745//2178 1708//2178 1706//2178
f 1745//2179 1706//2179 1746//2179
f 1746//2180 1706//2180 1698//2180
f 1746//2181 1698//2181 1747//2181
f 1747//2182 1698//2182 1700//2182
f 1747//2183 1700//2183 1748//2183
f 1748//2184 1700//2184 1702//2184
f 1748//2185 1702//2185 1749//2185
f 1749//2186 1702//2186 1694//2186
f 1749//2187 1694//2187 1750//2187
f 1750//2188 1694//2188 1692//2188
f 1750//2189 1692//2189 1751//2189
f 1751//2190 1692//2190 1690//2190
f 1751//2191 1690//2191 1752//2191
f 1752//2192 1690//2192 1684//2192
f 1752//2193 1684//2193 1753//2193
f 1753//2194 1684//2194 1686//2194
f 1753//2195 1686//2195 1754//2195
f 1754//2196 1686//2196 1679//2196
f 1754//2197 1679//2197 1755//2197
f 1755//2198 1679//2198 1674//2198
f 1755//2199 1674//2199 1756//2199
f 1756//2200 1674//2200 1676//2200
f 1756//2201 1676//2201 1757//2201
f 1757//2202 1676//2202 1671//2202
f 1757//2203 1671//2203 1758//2203
f 1758//2204 1671//2204 1668//2204
f 1758//2205 1668//2205 1759//2205
f 1759//2206 1668//2206 1661//2206
f 1759//2207 1661//2207 1760//2207
f 1760//2208 1661//2208 1663//2208
f 1760//2209 1663//2209 1761//2209
f 1761//2210 1663//2210 1665//2210
f 1761//2211 1665//2211 1762//2211
f 1762//2212 1665//2212 1659//2212
f 1762//2213 1659//2213 1763//2213
f 1763//2214 1659//2214 1657//2214
f 1763//2215 1657//2215 1764//2215
f 1764//2216 1657//2216 1655//2216
f 1764//2217 1655//2217 1765//2217
f 1765//2218 1655//2218 1653//2218
f 1765//2219 1653//2219 1766//2219
f 1766//2220 1653//2220 1733//2220
f 1766//2221 1733//2221 1767//2221
f 1767//2222 1733//2222 1735//2222
f 1767//2223 1735//2223 1768//2223
f 1768//2224 1735//2224 1729//2224
f 1768//2225 1729//2225 1769//2225
f 1769//2226 1729//2226 1727//2226
f 1656//2227 1619//2227 1654//2227
f 1654//2228 1619//2228 1598//2228
f 1656//2229 1658//2229 1619//2229
f 1619//2230 1658//2230 1660//2230
f 1619//2231 1660//2231 1618//2231
f 1664//2232 1617//2232 1666//2232
f 1666//2233 1617//2233 1618//2233
f 1666//2234 1618//2234 1667//2234
f 1667//2235 1618//2235 1660//2235
f 1664//2236 1662//2236 1617//2236
f 1617//2237 1662//2237 1670//2237
f 1617//2238 1670//2238 1616//2238
f 1670//2239 1669//2239 1616//2239
f 1616//2240 1669//2240 1673//2240
f 1616//2241 1673//2241 1615//2241
f 1673//2242 1672//2242 1615//2242
f 1615//2243 1672//2243 1678//2243
f 1615//2244 1678//2244 1614//2244
f 1614//2245 1678//2245 1677//2245
f 1614//2246 1677//2246 1613//2246
f 1613//2247 1677//2247 1675//2247
f 1613//2248 1675//2248 1681//2248
f 1687//2249 1612//2249 1688//2249
f 1688//2250 1612//2250 1613//2250
f 1688//2251 1613//2251 1680//2251
f 1680//2252 1613//2252 1681//2252
f 1687//2253 1685//2253 1612//2253
f 1612//2254 1685//2254 1683//2254
f 1612//2255 1683//2255 1611//2255
f 1691//2256 1610//2256 1689//2256
f 1689//2257 1610//2257 1611//2257
f 1689//2258 1611//2258 1682//2258
f 1682//2259 1611//2259 1683//2259
f 1691//2260 1693//2260 1610//2260
f 1610//2261 1693//2261 1695//2261
f 1610//2262 1695//2262 1609//2262
f 1701//2263 1608//2263 1703//2263
f 1703//2264 1608//2264 1609//2264
f 1703//2265 1609//2265 1704//2265
f 1704//2266 1609//2266 1695//2266
f 1701//2267 1699//2267 1608//2267
f 1608//2268 1699//2268 1697//2268
f 1608//2269 1697//2269 1607//2269
f 1707//2270 1606//2270 1705//2270
f 1705//2271 1606//2271 1607//2271
f 1705//2272 1607//2272 1696//2272
f 1696//2273 1607//2273 1697//2273
f 1707//2274 1709//2274 1606//2274
f 1606//2275 1709//2275 1711//2275
f 1606//2276 1711//2276 1605//2276
f 1711//2277 1712//2277 1605//2277
f 1605//2278 1712//2278 1714//2278
f 1605//2279 1714//2279 1604//2279
f 1714//2280 1715//2280 1604//2280
f 1604//2281 1715//2281 1717//2281
f 1604//2282 1717//2282 1603//2282
f 1603//2283 1717//2283 1718//2283
f 1603//2284 1718//2284 1602//2284
f 1602//2285 1718//2285 1720//2285
f 1602//2286 1720//2286 1722//2286
f 1726//2287 1601//2287 1725//2287
f 1725//2288 1601//2288 1602//2288
f 1725//2289 1602//2289 1723//2289
f 1723//2290 1602//2290 1722//2290
f 1726//2291 1728//2291 1601//2291
f 1601//2292 1728//2292 1730//2292
f 1601//2293 1730//2293 1600//2293
f 1734//2294 1599//2294 1736//2294
f 1736//2295 1599//2295 1600//2295
f 1736//2296 1600//2296 1737//2296
f 1737//2297 1600//2297 1730//2297
f 1734//2298 1732//2298 1599//2298
f 1599//2299 1732//2299 1731//2299
f 1599//2300 1731//2300 1598//2300
f 1598//2301 1731//2301 1652//2301
f 1598//2302 1652//2302 1654//2302
# Vertices: 1769, normals: 2302, texture coordinates: 0, faces: 3526

